[INFO] Scanning for projects...
[INFO] 
[INFO] --------------------------< com:FreeLanceHub >--------------------------
[INFO] Building FreeLanceHub 0.0.1-SNAPSHOT
[INFO]   from pom.xml
[INFO] --------------------------------[ jar ]---------------------------------
[INFO] 
[INFO] >>> spring-boot:4.0.1:run (default-cli) > test-compile @ FreeLanceHub >>>
[INFO] 
[INFO] --- resources:3.3.1:resources (default-resources) @ FreeLanceHub ---
[INFO] Copying 1 resource from src\main\resources to target\classes
[INFO] Copying 0 resource from src\main\resources to target\classes
[INFO] 
[INFO] --- compiler:3.14.1:compile (default-compile) @ FreeLanceHub ---
[INFO] Recompiling the module because of changed source code.
[INFO] Compiling 74 source files with javac [debug parameters release 21] to target\classes
[INFO] 
[INFO] --- resources:3.3.1:testResources (default-testResources) @ FreeLanceHub ---
[INFO] skip non existing resourceDirectory D:\movie\project\FreeLanceHub\FreeLanceHub_Backend\FreeLanceHub\src\test\resources
[INFO] 
[INFO] --- compiler:3.14.1:testCompile (default-testCompile) @ FreeLanceHub ---
[INFO] Recompiling the module because of changed dependency.
[INFO] Compiling 1 source file with javac [debug parameters release 21] to target\test-classes
[INFO] 
[INFO] <<< spring-boot:4.0.1:run (default-cli) < test-compile @ FreeLanceHub <<<
[INFO] 
[INFO] 
[INFO] --- spring-boot:4.0.1:run (default-cli) @ FreeLanceHub ---
[INFO] Attaching agents: []

  .   ____          _            __ _ _
 /\\ / ___'_ __ _ _(_)_ __  __ _ \ \ \ \
( ( )\___ | '_ | '_| | '_ \/ _` | \ \ \ \
 \\/  ___)| |_)| | | | | || (_| |  ) ) ) )
  '  |____| .__|_| |_|_| |_\__, | / / / /
 =========|_|==============|___/=/_/_/_/

 :: Spring Boot ::                (v4.0.1)

2026-01-27T23:05:26.253+05:30  INFO 40384 --- [freelancehub] [           main] c.FreeLanceHub.FreeLanceHubApplication   : Starting FreeLanceHubApplication using Java 21.0.8 with PID 40384 (D:\movie\project\FreeLanceHub\FreeLanceHub_Backend\FreeLanceHub\target\classes started by ASUS in D:\movie\project\FreeLanceHub\FreeLanceHub_Backend\FreeLanceHub)
2026-01-27T23:05:26.259+05:30  INFO 40384 --- [freelancehub] [           main] c.FreeLanceHub.FreeLanceHubApplication   : No active profile set, falling back to 1 default profile: "default"
2026-01-27T23:05:27.445+05:30  INFO 40384 --- [freelancehub] [           main] .s.d.r.c.RepositoryConfigurationDelegate : Bootstrapping Spring Data JPA repositories in DEFAULT mode.
2026-01-27T23:05:27.600+05:30  INFO 40384 --- [freelancehub] [           main] .s.d.r.c.RepositoryConfigurationDelegate : Finished Spring Data repository scanning in 143 ms. Found 9 JPA repository interfaces.
2026-01-27T23:05:28.327+05:30  INFO 40384 --- [freelancehub] [           main] o.s.boot.tomcat.TomcatWebServer          : Tomcat initialized with port 8080 (http)
2026-01-27T23:05:28.350+05:30  INFO 40384 --- [freelancehub] [           main] o.apache.catalina.core.StandardService   : Starting service [Tomcat]
2026-01-27T23:05:28.351+05:30  INFO 40384 --- [freelancehub] [           main] o.apache.catalina.core.StandardEngine    : Starting Servlet engine: [Apache Tomcat/11.0.15]
2026-01-27T23:05:28.440+05:30  INFO 40384 --- [freelancehub] [           main] b.w.c.s.WebApplicationContextInitializer : Root WebApplicationContext: initialization completed in 2068 ms
2026-01-27T23:05:28.644+05:30  INFO 40384 --- [freelancehub] [           main] org.hibernate.orm.jpa                    : HHH008540: Processing PersistenceUnitInfo [name: default]
2026-01-27T23:05:28.734+05:30  INFO 40384 --- [freelancehub] [           main] org.hibernate.orm.core                   : HHH000001: Hibernate ORM core version 7.2.0.Final
2026-01-27T23:05:29.605+05:30  INFO 40384 --- [freelancehub] [           main] o.s.o.j.p.SpringPersistenceUnitInfo      : No LoadTimeWeaver setup: ignoring JPA class transformer
2026-01-27T23:05:29.755+05:30  INFO 40384 --- [freelancehub] [           main] com.zaxxer.hikari.HikariDataSource       : HikariPool-1 - Starting...
2026-01-27T23:05:30.724+05:30  INFO 40384 --- [freelancehub] [           main] com.zaxxer.hikari.pool.HikariPool        : HikariPool-1 - Added connection com.mysql.cj.jdbc.ConnectionImpl@8b1202a
2026-01-27T23:05:30.727+05:30  INFO 40384 --- [freelancehub] [           main] com.zaxxer.hikari.HikariDataSource       : HikariPool-1 - Start completed.
2026-01-27T23:05:30.894+05:30  WARN 40384 --- [freelancehub] [           main] org.hibernate.orm.deprecation            : HHH90000025: MySQLDialect does not need to be specified explicitly using 'hibernate.dialect' (remove the property setting and it will be selected by default)
2026-01-27T23:05:30.938+05:30  INFO 40384 --- [freelancehub] [           main] org.hibernate.orm.connections.pooling    : HHH10001005: Database info:
	Database JDBC URL [jdbc:mysql://localhost:3306/freeLanceHub]
	Database driver: MySQL Connector/J
	Database dialect: MySQLDialect
	Database version: 8.0.44
	Default catalog/schema: freeLanceHub/undefined
	Autocommit mode: undefined/unknown
	Isolation level: REPEATABLE_READ [default REPEATABLE_READ]
	JDBC fetch size: none
	Pool: DataSourceConnectionProvider
	Minimum pool size: undefined/unknown
	Maximum pool size: undefined/unknown
2026-01-27T23:05:32.814+05:30  INFO 40384 --- [freelancehub] [           main] org.hibernate.orm.core                   : HHH000489: No JTA platform available (set 'hibernate.transaction.jta.platform' to enable JTA platform integration)
2026-01-27T23:05:33.011+05:30  INFO 40384 --- [freelancehub] [           main] j.LocalContainerEntityManagerFactoryBean : Initialized JPA EntityManagerFactory for persistence unit 'default'
2026-01-27T23:05:33.134+05:30  INFO 40384 --- [freelancehub] [           main] o.s.d.j.r.query.QueryEnhancerFactories   : Hibernate is in classpath; If applicable, HQL parser will be used.
2026-01-27T23:05:33.706+05:30  WARN 40384 --- [freelancehub] [           main] JpaBaseConfiguration$JpaWebConfiguration : spring.jpa.open-in-view is enabled by default. Therefore, database queries may be performed during view rendering. Explicitly configure spring.jpa.open-in-view to disable this warning
2026-01-27T23:05:34.547+05:30  INFO 40384 --- [freelancehub] [           main] o.s.boot.tomcat.TomcatWebServer          : Tomcat started on port 8080 (http) with context path '/'
2026-01-27T23:05:34.556+05:30  INFO 40384 --- [freelancehub] [           main] c.FreeLanceHub.FreeLanceHubApplication   : Started FreeLanceHubApplication in 8.958 seconds (process running for 9.532)
2026-01-27T23:05:49.745+05:30  INFO 40384 --- [freelancehub] [nio-8080-exec-1] o.a.c.c.C.[Tomcat].[localhost].[/]       : Initializing Spring DispatcherServlet 'dispatcherServlet'
2026-01-27T23:05:49.746+05:30  INFO 40384 --- [freelancehub] [nio-8080-exec-1] o.s.web.servlet.DispatcherServlet        : Initializing Servlet 'dispatcherServlet'
2026-01-27T23:05:49.747+05:30  INFO 40384 --- [freelancehub] [nio-8080-exec-1] o.s.web.servlet.DispatcherServlet        : Completed initialization in 1 ms
Hibernate: 
    insert 
    into
        users
        (created_at, email, enabled, name, password, role, updated_at, user_name) 
    values
        (?, ?, ?, ?, ?, ?, ?, ?)
Hibernate: 
    SELECT
        * 
    FROM
        users 
    WHERE
        email = ?
Hibernate: 
    select
        u1_0.id,
        u1_0.created_at,
        u1_0.email,
        u1_0.enabled,
        u1_0.name,
        u1_0.password,
        u1_0.role,
        u1_0.updated_at,
        u1_0.user_name 
    from
        users u1_0 
    where
        u1_0.id=?
Hibernate: 
    select
        j1_0.id,
        j1_0.assigned_freelancer_id,
        j1_0.budget,
        j1_0.budget_max,
        j1_0.budget_min,
        j1_0.budget_type,
        j1_0.client_id,
        j1_0.created_at,
        j1_0.description,
        j1_0.duration,
        j1_0.status,
        j1_0.title,
        j1_0.updated_at,
        j1_0.visibility 
    from
        job j1_0 
    where
        j1_0.status=?
Hibernate: 
    select
        n1_0.id,
        n1_0.created_at,
        n1_0.is_read,
        n1_0.message,
        n1_0.type,
        n1_0.updated_at,
        n1_0.user_id 
    from
        notification n1_0 
    where
        n1_0.user_id=? 
        and n1_0.is_read=? 
    order by
        n1_0.created_at desc
Hibernate: 
    select
        u1_0.id,
        u1_0.created_at,
        u1_0.email,
        u1_0.enabled,
        u1_0.name,
        u1_0.password,
        u1_0.role,
        u1_0.updated_at,
        u1_0.user_name 
    from
        users u1_0 
    where
        u1_0.id=?
Hibernate: 
    select
        n1_0.id,
        n1_0.created_at,
        n1_0.is_read,
        n1_0.message,
        n1_0.type,
        n1_0.updated_at,
        n1_0.user_id 
    from
        notification n1_0 
    where
        n1_0.user_id=? 
        and n1_0.is_read=? 
    order by
        n1_0.created_at desc
Hibernate: 
    select
        s1_0.job_id,
        s1_0.skills 
    from
        job_skills s1_0 
    where
        s1_0.job_id=?
Hibernate: 
    select
        s1_0.job_id,
        s1_0.skills 
    from
        job_skills s1_0 
    where
        s1_0.job_id=?
Hibernate: 
    select
        s1_0.job_id,
        s1_0.skills 
    from
        job_skills s1_0 
    where
        s1_0.job_id=?
Hibernate: 
    select
        s1_0.job_id,
        s1_0.skills 
    from
        job_skills s1_0 
    where
        s1_0.job_id=?
Hibernate: 
    select
        s1_0.job_id,
        s1_0.skills 
    from
        job_skills s1_0 
    where
        s1_0.job_id=?
Hibernate: 
    select
        j1_0.id,
        j1_0.assigned_freelancer_id,
        j1_0.budget,
        j1_0.budget_max,
        j1_0.budget_min,
        j1_0.budget_type,
        j1_0.client_id,
        j1_0.created_at,
        j1_0.description,
        j1_0.duration,
        j1_0.status,
        j1_0.title,
        j1_0.updated_at,
        j1_0.visibility 
    from
        job j1_0 
    where
        j1_0.status=?
Hibernate: 
    select
        s1_0.job_id,
        s1_0.skills 
    from
        job_skills s1_0 
    where
        s1_0.job_id=?
Hibernate: 
    select
        s1_0.job_id,
        s1_0.skills 
    from
        job_skills s1_0 
    where
        s1_0.job_id=?
Hibernate: 
    select
        s1_0.job_id,
        s1_0.skills 
    from
        job_skills s1_0 
    where
        s1_0.job_id=?
Hibernate: 
    select
        s1_0.job_id,
        s1_0.skills 
    from
        job_skills s1_0 
    where
        s1_0.job_id=?
Hibernate: 
    select
        s1_0.job_id,
        s1_0.skills 
    from
        job_skills s1_0 
    where
        s1_0.job_id=?
Hibernate: 
    select
        p1_0.id,
        p1_0.bid_amount,
        p1_0.created_at,
        p1_0.freelancer_id,
        p1_0.job_id,
        p1_0.message,
        p1_0.status,
        p1_0.updated_at 
    from
        proposal p1_0 
    where
        p1_0.freelancer_id=?
Hibernate: 
    select
        p1_0.id,
        p1_0.bid_amount,
        p1_0.created_at,
        p1_0.freelancer_id,
        p1_0.job_id,
        p1_0.message,
        p1_0.status,
        p1_0.updated_at 
    from
        proposal p1_0 
    where
        p1_0.freelancer_id=?
Hibernate: 
    select
        u1_0.id,
        u1_0.created_at,
        u1_0.email,
        u1_0.enabled,
        u1_0.name,
        u1_0.password,
        u1_0.role,
        u1_0.updated_at,
        u1_0.user_name 
    from
        users u1_0 
    where
        u1_0.id=?
Hibernate: 
    select
        n1_0.id,
        n1_0.created_at,
        n1_0.is_read,
        n1_0.message,
        n1_0.type,
        n1_0.updated_at,
        n1_0.user_id 
    from
        notification n1_0 
    where
        n1_0.user_id=? 
        and n1_0.is_read=? 
    order by
        n1_0.created_at desc
Hibernate: 
    select
        u1_0.id,
        u1_0.created_at,
        u1_0.email,
        u1_0.enabled,
        u1_0.name,
        u1_0.password,
        u1_0.role,
        u1_0.updated_at,
        u1_0.user_name 
    from
        users u1_0 
    where
        u1_0.id=?
Hibernate: 
    select
        n1_0.id,
        n1_0.created_at,
        n1_0.is_read,
        n1_0.message,
        n1_0.type,
        n1_0.updated_at,
        n1_0.user_id 
    from
        notification n1_0 
    where
        n1_0.user_id=? 
        and n1_0.is_read=? 
    order by
        n1_0.created_at desc
Hibernate: 
    select
        flp1_0.id,
        flp1_0.bio,
        flp1_0.created_at,
        flp1_0.experience,
        flp1_0.freelancer_id,
        flp1_0.hourly_rate,
        flp1_0.skills,
        flp1_0.title,
        flp1_0.updated_at 
    from
        free_lancer_profile flp1_0 
    where
        flp1_0.freelancer_id=?
Hibernate: 
    select
        flp1_0.id,
        flp1_0.bio,
        flp1_0.created_at,
        flp1_0.experience,
        flp1_0.freelancer_id,
        flp1_0.hourly_rate,
        flp1_0.skills,
        flp1_0.title,
        flp1_0.updated_at 
    from
        free_lancer_profile flp1_0 
    where
        flp1_0.freelancer_id=?
Hibernate: 
    select
        u1_0.id,
        u1_0.created_at,
        u1_0.email,
        u1_0.enabled,
        u1_0.name,
        u1_0.password,
        u1_0.role,
        u1_0.updated_at,
        u1_0.user_name 
    from
        users u1_0 
    where
        u1_0.id=?
Hibernate: 
    select
        n1_0.id,
        n1_0.created_at,
        n1_0.is_read,
        n1_0.message,
        n1_0.type,
        n1_0.updated_at,
        n1_0.user_id 
    from
        notification n1_0 
    where
        n1_0.user_id=? 
        and n1_0.is_read=? 
    order by
        n1_0.created_at desc
Hibernate: 
    select
        u1_0.id,
        u1_0.created_at,
        u1_0.email,
        u1_0.enabled,
        u1_0.name,
        u1_0.password,
        u1_0.role,
        u1_0.updated_at,
        u1_0.user_name 
    from
        users u1_0 
    where
        u1_0.id=?
Hibernate: 
    select
        n1_0.id,
        n1_0.created_at,
        n1_0.is_read,
        n1_0.message,
        n1_0.type,
        n1_0.updated_at,
        n1_0.user_id 
    from
        notification n1_0 
    where
        n1_0.user_id=? 
        and n1_0.is_read=? 
    order by
        n1_0.created_at desc
Hibernate: 
    select
        u1_0.id,
        u1_0.created_at,
        u1_0.email,
        u1_0.enabled,
        u1_0.name,
        u1_0.password,
        u1_0.role,
        u1_0.updated_at,
        u1_0.user_name 
    from
        users u1_0 
    where
        u1_0.id=?
Hibernate: 
    select
        n1_0.id,
        n1_0.created_at,
        n1_0.is_read,
        n1_0.message,
        n1_0.type,
        n1_0.updated_at,
        n1_0.user_id 
    from
        notification n1_0 
    where
        n1_0.user_id=? 
        and n1_0.is_read=? 
    order by
        n1_0.created_at desc
Hibernate: 
    select
        u1_0.id,
        u1_0.created_at,
        u1_0.email,
        u1_0.enabled,
        u1_0.name,
        u1_0.password,
        u1_0.role,
        u1_0.updated_at,
        u1_0.user_name 
    from
        users u1_0 
    where
        u1_0.id=?
Hibernate: 
    select
        n1_0.id,
        n1_0.created_at,
        n1_0.is_read,
        n1_0.message,
        n1_0.type,
        n1_0.updated_at,
        n1_0.user_id 
    from
        notification n1_0 
    where
        n1_0.user_id=? 
        and n1_0.is_read=? 
    order by
        n1_0.created_at desc
Hibernate: 
    select
        u1_0.id,
        u1_0.created_at,
        u1_0.email,
        u1_0.enabled,
        u1_0.name,
        u1_0.password,
        u1_0.role,
        u1_0.updated_at,
        u1_0.user_name 
    from
        users u1_0 
    where
        u1_0.id=?
Hibernate: 
    select
        n1_0.id,
        n1_0.created_at,
        n1_0.is_read,
        n1_0.message,
        n1_0.type,
        n1_0.updated_at,
        n1_0.user_id 
    from
        notification n1_0 
    where
        n1_0.user_id=? 
        and n1_0.is_read=? 
    order by
        n1_0.created_at desc
Hibernate: 
    select
        u1_0.id,
        u1_0.created_at,
        u1_0.email,
        u1_0.enabled,
        u1_0.name,
        u1_0.password,
        u1_0.role,
        u1_0.updated_at,
        u1_0.user_name 
    from
        users u1_0 
    where
        u1_0.id=?
Hibernate: 
    select
        n1_0.id,
        n1_0.created_at,
        n1_0.is_read,
        n1_0.message,
        n1_0.type,
        n1_0.updated_at,
        n1_0.user_id 
    from
        notification n1_0 
    where
        n1_0.user_id=? 
        and n1_0.is_read=? 
    order by
        n1_0.created_at desc
Hibernate: 
    select
        u1_0.id,
        u1_0.created_at,
        u1_0.email,
        u1_0.enabled,
        u1_0.name,
        u1_0.password,
        u1_0.role,
        u1_0.updated_at,
        u1_0.user_name 
    from
        users u1_0 
    where
        u1_0.id=?
Hibernate: 
    select
        n1_0.id,
        n1_0.created_at,
        n1_0.is_read,
        n1_0.message,
        n1_0.type,
        n1_0.updated_at,
        n1_0.user_id 
    from
        notification n1_0 
    where
        n1_0.user_id=? 
        and n1_0.is_read=? 
    order by
        n1_0.created_at desc
Hibernate: 
    select
        u1_0.id,
        u1_0.created_at,
        u1_0.email,
        u1_0.enabled,
        u1_0.name,
        u1_0.password,
        u1_0.role,
        u1_0.updated_at,
        u1_0.user_name 
    from
        users u1_0 
    where
        u1_0.id=?
Hibernate: 
    select
        n1_0.id,
        n1_0.created_at,
        n1_0.is_read,
        n1_0.message,
        n1_0.type,
        n1_0.updated_at,
        n1_0.user_id 
    from
        notification n1_0 
    where
        n1_0.user_id=? 
        and n1_0.is_read=? 
    order by
        n1_0.created_at desc
Hibernate: 
    select
        u1_0.id,
        u1_0.created_at,
        u1_0.email,
        u1_0.enabled,
        u1_0.name,
        u1_0.password,
        u1_0.role,
        u1_0.updated_at,
        u1_0.user_name 
    from
        users u1_0 
    where
        u1_0.id=?
Hibernate: 
    select
        n1_0.id,
        n1_0.created_at,
        n1_0.is_read,
        n1_0.message,
        n1_0.type,
        n1_0.updated_at,
        n1_0.user_id 
    from
        notification n1_0 
    where
        n1_0.user_id=? 
        and n1_0.is_read=? 
    order by
        n1_0.created_at desc
Hibernate: 
    select
        u1_0.id,
        u1_0.created_at,
        u1_0.email,
        u1_0.enabled,
        u1_0.name,
        u1_0.password,
        u1_0.role,
        u1_0.updated_at,
        u1_0.user_name 
    from
        users u1_0 
    where
        u1_0.id=?
Hibernate: 
    select
        n1_0.id,
        n1_0.created_at,
        n1_0.is_read,
        n1_0.message,
        n1_0.type,
        n1_0.updated_at,
        n1_0.user_id 
    from
        notification n1_0 
    where
        n1_0.user_id=? 
        and n1_0.is_read=? 
    order by
        n1_0.created_at desc
Hibernate: 
    select
        u1_0.id,
        u1_0.created_at,
        u1_0.email,
        u1_0.enabled,
        u1_0.name,
        u1_0.password,
        u1_0.role,
        u1_0.updated_at,
        u1_0.user_name 
    from
        users u1_0 
    where
        u1_0.id=?
Hibernate: 
    select
        n1_0.id,
        n1_0.created_at,
        n1_0.is_read,
        n1_0.message,
        n1_0.type,
        n1_0.updated_at,
        n1_0.user_id 
    from
        notification n1_0 
    where
        n1_0.user_id=? 
        and n1_0.is_read=? 
    order by
        n1_0.created_at desc
Hibernate: 
    select
        u1_0.id,
        u1_0.created_at,
        u1_0.email,
        u1_0.enabled,
        u1_0.name,
        u1_0.password,
        u1_0.role,
        u1_0.updated_at,
        u1_0.user_name 
    from
        users u1_0 
    where
        u1_0.id=?
Hibernate: 
    select
        n1_0.id,
        n1_0.created_at,
        n1_0.is_read,
        n1_0.message,
        n1_0.type,
        n1_0.updated_at,
        n1_0.user_id 
    from
        notification n1_0 
    where
        n1_0.user_id=? 
        and n1_0.is_read=? 
    order by
        n1_0.created_at desc
Hibernate: 
    select
        u1_0.id,
        u1_0.created_at,
        u1_0.email,
        u1_0.enabled,
        u1_0.name,
        u1_0.password,
        u1_0.role,
        u1_0.updated_at,
        u1_0.user_name 
    from
        users u1_0 
    where
        u1_0.id=?
Hibernate: 
    select
        j1_0.id,
        j1_0.assigned_freelancer_id,
        j1_0.budget,
        j1_0.budget_max,
        j1_0.budget_min,
        j1_0.budget_type,
        j1_0.client_id,
        j1_0.created_at,
        j1_0.description,
        j1_0.duration,
        j1_0.status,
        j1_0.title,
        j1_0.updated_at,
        j1_0.visibility 
    from
        job j1_0 
    where
        j1_0.status=?
Hibernate: 
    select
        n1_0.id,
        n1_0.created_at,
        n1_0.is_read,
        n1_0.message,
        n1_0.type,
        n1_0.updated_at,
        n1_0.user_id 
    from
        notification n1_0 
    where
        n1_0.user_id=? 
        and n1_0.is_read=? 
    order by
        n1_0.created_at desc
Hibernate: 
    select
        u1_0.id,
        u1_0.created_at,
        u1_0.email,
        u1_0.enabled,
        u1_0.name,
        u1_0.password,
        u1_0.role,
        u1_0.updated_at,
        u1_0.user_name 
    from
        users u1_0 
    where
        u1_0.id=?
Hibernate: 
    select
        n1_0.id,
        n1_0.created_at,
        n1_0.is_read,
        n1_0.message,
        n1_0.type,
        n1_0.updated_at,
        n1_0.user_id 
    from
        notification n1_0 
    where
        n1_0.user_id=? 
        and n1_0.is_read=? 
    order by
        n1_0.created_at desc
Hibernate: 
    select
        s1_0.job_id,
        s1_0.skills 
    from
        job_skills s1_0 
    where
        s1_0.job_id=?
Hibernate: 
    select
        s1_0.job_id,
        s1_0.skills 
    from
        job_skills s1_0 
    where
        s1_0.job_id=?
Hibernate: 
    select
        s1_0.job_id,
        s1_0.skills 
    from
        job_skills s1_0 
    where
        s1_0.job_id=?
Hibernate: 
    select
        s1_0.job_id,
        s1_0.skills 
    from
        job_skills s1_0 
    where
        s1_0.job_id=?
Hibernate: 
    select
        s1_0.job_id,
        s1_0.skills 
    from
        job_skills s1_0 
    where
        s1_0.job_id=?
Hibernate: 
    select
        j1_0.id,
        j1_0.assigned_freelancer_id,
        j1_0.budget,
        j1_0.budget_max,
        j1_0.budget_min,
        j1_0.budget_type,
        j1_0.client_id,
        j1_0.created_at,
        j1_0.description,
        j1_0.duration,
        j1_0.status,
        j1_0.title,
        j1_0.updated_at,
        j1_0.visibility 
    from
        job j1_0 
    where
        j1_0.status=?
Hibernate: 
    select
        s1_0.job_id,
        s1_0.skills 
    from
        job_skills s1_0 
    where
        s1_0.job_id=?
Hibernate: 
    select
        s1_0.job_id,
        s1_0.skills 
    from
        job_skills s1_0 
    where
        s1_0.job_id=?
Hibernate: 
    select
        p1_0.id,
        p1_0.bid_amount,
        p1_0.created_at,
        p1_0.freelancer_id,
        p1_0.job_id,
        p1_0.message,
        p1_0.status,
        p1_0.updated_at 
    from
        proposal p1_0 
    where
        p1_0.freelancer_id=?
Hibernate: 
    select
        s1_0.job_id,
        s1_0.skills 
    from
        job_skills s1_0 
    where
        s1_0.job_id=?
Hibernate: 
    select
        s1_0.job_id,
        s1_0.skills 
    from
        job_skills s1_0 
    where
        s1_0.job_id=?
Hibernate: 
    select
        s1_0.job_id,
        s1_0.skills 
    from
        job_skills s1_0 
    where
        s1_0.job_id=?
Hibernate: 
    select
        p1_0.id,
        p1_0.bid_amount,
        p1_0.created_at,
        p1_0.freelancer_id,
        p1_0.job_id,
        p1_0.message,
        p1_0.status,
        p1_0.updated_at 
    from
        proposal p1_0 
    where
        p1_0.freelancer_id=?
Hibernate: 
    select
        u1_0.id,
        u1_0.created_at,
        u1_0.email,
        u1_0.enabled,
        u1_0.name,
        u1_0.password,
        u1_0.role,
        u1_0.updated_at,
        u1_0.user_name 
    from
        users u1_0 
    where
        u1_0.id=?
Hibernate: 
    select
        n1_0.id,
        n1_0.created_at,
        n1_0.is_read,
        n1_0.message,
        n1_0.type,
        n1_0.updated_at,
        n1_0.user_id 
    from
        notification n1_0 
    where
        n1_0.user_id=? 
        and n1_0.is_read=? 
    order by
        n1_0.created_at desc
Hibernate: 
    select
        u1_0.id,
        u1_0.created_at,
        u1_0.email,
        u1_0.enabled,
        u1_0.name,
        u1_0.password,
        u1_0.role,
        u1_0.updated_at,
        u1_0.user_name 
    from
        users u1_0 
    where
        u1_0.id=?
Hibernate: 
    select
        n1_0.id,
        n1_0.created_at,
        n1_0.is_read,
        n1_0.message,
        n1_0.type,
        n1_0.updated_at,
        n1_0.user_id 
    from
        notification n1_0 
    where
        n1_0.user_id=? 
        and n1_0.is_read=? 
    order by
        n1_0.created_at desc
Hibernate: 
    select
        u1_0.id,
        u1_0.created_at,
        u1_0.email,
        u1_0.enabled,
        u1_0.name,
        u1_0.password,
        u1_0.role,
        u1_0.updated_at,
        u1_0.user_name 
    from
        users u1_0 
    where
        u1_0.id=?
Hibernate: 
    select
        n1_0.id,
        n1_0.created_at,
        n1_0.is_read,
        n1_0.message,
        n1_0.type,
        n1_0.updated_at,
        n1_0.user_id 
    from
        notification n1_0 
    where
        n1_0.user_id=? 
        and n1_0.is_read=? 
    order by
        n1_0.created_at desc
Hibernate: 
    select
        u1_0.id,
        u1_0.created_at,
        u1_0.email,
        u1_0.enabled,
        u1_0.name,
        u1_0.password,
        u1_0.role,
        u1_0.updated_at,
        u1_0.user_name 
    from
        users u1_0 
    where
        u1_0.id=?
Hibernate: 
    select
        n1_0.id,
        n1_0.created_at,
        n1_0.is_read,
        n1_0.message,
        n1_0.type,
        n1_0.updated_at,
        n1_0.user_id 
    from
        notification n1_0 
    where
        n1_0.user_id=? 
        and n1_0.is_read=? 
    order by
        n1_0.created_at desc
Hibernate: 
    select
        u1_0.id,
        u1_0.created_at,
        u1_0.email,
        u1_0.enabled,
        u1_0.name,
        u1_0.password,
        u1_0.role,
        u1_0.updated_at,
        u1_0.user_name 
    from
        users u1_0 
    where
        u1_0.id=?
Hibernate: 
    select
        n1_0.id,
        n1_0.created_at,
        n1_0.is_read,
        n1_0.message,
        n1_0.type,
        n1_0.updated_at,
        n1_0.user_id 
    from
        notification n1_0 
    where
        n1_0.user_id=? 
        and n1_0.is_read=? 
    order by
        n1_0.created_at desc
Hibernate: 
    select
        u1_0.id,
        u1_0.created_at,
        u1_0.email,
        u1_0.enabled,
        u1_0.name,
        u1_0.password,
        u1_0.role,
        u1_0.updated_at,
        u1_0.user_name 
    from
        users u1_0 
    where
        u1_0.id=?
Hibernate: 
    select
        n1_0.id,
        n1_0.created_at,
        n1_0.is_read,
        n1_0.message,
        n1_0.type,
        n1_0.updated_at,
        n1_0.user_id 
    from
        notification n1_0 
    where
        n1_0.user_id=? 
        and n1_0.is_read=? 
    order by
        n1_0.created_at desc
Hibernate: 
    select
        u1_0.id,
        u1_0.created_at,
        u1_0.email,
        u1_0.enabled,
        u1_0.name,
        u1_0.password,
        u1_0.role,
        u1_0.updated_at,
        u1_0.user_name 
    from
        users u1_0 
    where
        u1_0.id=?
Hibernate: 
    select
        n1_0.id,
        n1_0.created_at,
        n1_0.is_read,
        n1_0.message,
        n1_0.type,
        n1_0.updated_at,
        n1_0.user_id 
    from
        notification n1_0 
    where
        n1_0.user_id=? 
        and n1_0.is_read=? 
    order by
        n1_0.created_at desc
Hibernate: 
    select
        u1_0.id,
        u1_0.created_at,
        u1_0.email,
        u1_0.enabled,
        u1_0.name,
        u1_0.password,
        u1_0.role,
        u1_0.updated_at,
        u1_0.user_name 
    from
        users u1_0 
    where
        u1_0.id=?
Hibernate: 
    select
        n1_0.id,
        n1_0.created_at,
        n1_0.is_read,
        n1_0.message,
        n1_0.type,
        n1_0.updated_at,
        n1_0.user_id 
    from
        notification n1_0 
    where
        n1_0.user_id=? 
        and n1_0.is_read=? 
    order by
        n1_0.created_at desc
Hibernate: 
    select
        u1_0.id,
        u1_0.created_at,
        u1_0.email,
        u1_0.enabled,
        u1_0.name,
        u1_0.password,
        u1_0.role,
        u1_0.updated_at,
        u1_0.user_name 
    from
        users u1_0 
    where
        u1_0.id=?
Hibernate: 
    select
        n1_0.id,
        n1_0.created_at,
        n1_0.is_read,
        n1_0.message,
        n1_0.type,
        n1_0.updated_at,
        n1_0.user_id 
    from
        notification n1_0 
    where
        n1_0.user_id=? 
        and n1_0.is_read=? 
    order by
        n1_0.created_at desc
Hibernate: 
    select
        u1_0.id,
        u1_0.created_at,
        u1_0.email,
        u1_0.enabled,
        u1_0.name,
        u1_0.password,
        u1_0.role,
        u1_0.updated_at,
        u1_0.user_name 
    from
        users u1_0 
    where
        u1_0.id=?
Hibernate: 
    select
        n1_0.id,
        n1_0.created_at,
        n1_0.is_read,
        n1_0.message,
        n1_0.type,
        n1_0.updated_at,
        n1_0.user_id 
    from
        notification n1_0 
    where
        n1_0.user_id=? 
        and n1_0.is_read=? 
    order by
        n1_0.created_at desc
Hibernate: 
    select
        u1_0.id,
        u1_0.created_at,
        u1_0.email,
        u1_0.enabled,
        u1_0.name,
        u1_0.password,
        u1_0.role,
        u1_0.updated_at,
        u1_0.user_name 
    from
        users u1_0 
    where
        u1_0.id=?
Hibernate: 
    select
        n1_0.id,
        n1_0.created_at,
        n1_0.is_read,
        n1_0.message,
        n1_0.type,
        n1_0.updated_at,
        n1_0.user_id 
    from
        notification n1_0 
    where
        n1_0.user_id=? 
        and n1_0.is_read=? 
    order by
        n1_0.created_at desc
Hibernate: 
    select
        u1_0.id,
        u1_0.created_at,
        u1_0.email,
        u1_0.enabled,
        u1_0.name,
        u1_0.password,
        u1_0.role,
        u1_0.updated_at,
        u1_0.user_name 
    from
        users u1_0 
    where
        u1_0.id=?
Hibernate: 
    select
        n1_0.id,
        n1_0.created_at,
        n1_0.is_read,
        n1_0.message,
        n1_0.type,
        n1_0.updated_at,
        n1_0.user_id 
    from
        notification n1_0 
    where
        n1_0.user_id=? 
        and n1_0.is_read=? 
    order by
        n1_0.created_at desc
Hibernate: 
    select
        u1_0.id,
        u1_0.created_at,
        u1_0.email,
        u1_0.enabled,
        u1_0.name,
        u1_0.password,
        u1_0.role,
        u1_0.updated_at,
        u1_0.user_name 
    from
        users u1_0 
    where
        u1_0.id=?
Hibernate: 
    select
        n1_0.id,
        n1_0.created_at,
        n1_0.is_read,
        n1_0.message,
        n1_0.type,
        n1_0.updated_at,
        n1_0.user_id 
    from
        notification n1_0 
    where
        n1_0.user_id=? 
        and n1_0.is_read=? 
    order by
        n1_0.created_at desc
Hibernate: 
    select
        u1_0.id,
        u1_0.created_at,
        u1_0.email,
        u1_0.enabled,
        u1_0.name,
        u1_0.password,
        u1_0.role,
        u1_0.updated_at,
        u1_0.user_name 
    from
        users u1_0 
    where
        u1_0.id=?
Hibernate: 
    select
        n1_0.id,
        n1_0.created_at,
        n1_0.is_read,
        n1_0.message,
        n1_0.type,
        n1_0.updated_at,
        n1_0.user_id 
    from
        notification n1_0 
    where
        n1_0.user_id=? 
        and n1_0.is_read=? 
    order by
        n1_0.created_at desc
Hibernate: 
    select
        u1_0.id,
        u1_0.created_at,
        u1_0.email,
        u1_0.enabled,
        u1_0.name,
        u1_0.password,
        u1_0.role,
        u1_0.updated_at,
        u1_0.user_name 
    from
        users u1_0 
    where
        u1_0.id=?
Hibernate: 
    select
        n1_0.id,
        n1_0.created_at,
        n1_0.is_read,
        n1_0.message,
        n1_0.type,
        n1_0.updated_at,
        n1_0.user_id 
    from
        notification n1_0 
    where
        n1_0.user_id=? 
        and n1_0.is_read=? 
    order by
        n1_0.created_at desc
Hibernate: 
    select
        j1_0.id,
        j1_0.assigned_freelancer_id,
        j1_0.budget,
        j1_0.budget_max,
        j1_0.budget_min,
        j1_0.budget_type,
        j1_0.client_id,
        j1_0.created_at,
        j1_0.description,
        j1_0.duration,
        j1_0.status,
        j1_0.title,
        j1_0.updated_at,
        j1_0.visibility 
    from
        job j1_0 
    where
        j1_0.status=?
Hibernate: 
    select
        u1_0.id,
        u1_0.created_at,
        u1_0.email,
        u1_0.enabled,
        u1_0.name,
        u1_0.password,
        u1_0.role,
        u1_0.updated_at,
        u1_0.user_name 
    from
        users u1_0 
    where
        u1_0.id=?
Hibernate: 
    select
        n1_0.id,
        n1_0.created_at,
        n1_0.is_read,
        n1_0.message,
        n1_0.type,
        n1_0.updated_at,
        n1_0.user_id 
    from
        notification n1_0 
    where
        n1_0.user_id=? 
        and n1_0.is_read=? 
    order by
        n1_0.created_at desc
Hibernate: 
    select
        u1_0.id,
        u1_0.created_at,
        u1_0.email,
        u1_0.enabled,
        u1_0.name,
        u1_0.password,
        u1_0.role,
        u1_0.updated_at,
        u1_0.user_name 
    from
        users u1_0 
    where
        u1_0.id=?
Hibernate: 
    select
        s1_0.job_id,
        s1_0.skills 
    from
        job_skills s1_0 
    where
        s1_0.job_id=?
Hibernate: 
    select
        n1_0.id,
        n1_0.created_at,
        n1_0.is_read,
        n1_0.message,
        n1_0.type,
        n1_0.updated_at,
        n1_0.user_id 
    from
        notification n1_0 
    where
        n1_0.user_id=? 
        and n1_0.is_read=? 
    order by
        n1_0.created_at desc
Hibernate: 
    select
        s1_0.job_id,
        s1_0.skills 
    from
        job_skills s1_0 
    where
        s1_0.job_id=?
Hibernate: 
    select
        s1_0.job_id,
        s1_0.skills 
    from
        job_skills s1_0 
    where
        s1_0.job_id=?
Hibernate: 
    select
        s1_0.job_id,
        s1_0.skills 
    from
        job_skills s1_0 
    where
        s1_0.job_id=?
Hibernate: 
    select
        s1_0.job_id,
        s1_0.skills 
    from
        job_skills s1_0 
    where
        s1_0.job_id=?
Hibernate: 
    select
        j1_0.id,
        j1_0.assigned_freelancer_id,
        j1_0.budget,
        j1_0.budget_max,
        j1_0.budget_min,
        j1_0.budget_type,
        j1_0.client_id,
        j1_0.created_at,
        j1_0.description,
        j1_0.duration,
        j1_0.status,
        j1_0.title,
        j1_0.updated_at,
        j1_0.visibility 
    from
        job j1_0 
    where
        j1_0.status=?
Hibernate: 
    select
        s1_0.job_id,
        s1_0.skills 
    from
        job_skills s1_0 
    where
        s1_0.job_id=?
Hibernate: 
    select
        s1_0.job_id,
        s1_0.skills 
    from
        job_skills s1_0 
    where
        s1_0.job_id=?
Hibernate: 
    select
        s1_0.job_id,
        s1_0.skills 
    from
        job_skills s1_0 
    where
        s1_0.job_id=?
Hibernate: 
    select
        s1_0.job_id,
        s1_0.skills 
    from
        job_skills s1_0 
    where
        s1_0.job_id=?
Hibernate: 
    select
        s1_0.job_id,
        s1_0.skills 
    from
        job_skills s1_0 
    where
        s1_0.job_id=?
Hibernate: 
    select
        p1_0.id,
        p1_0.bid_amount,
        p1_0.created_at,
        p1_0.freelancer_id,
        p1_0.job_id,
        p1_0.message,
        p1_0.status,
        p1_0.updated_at 
    from
        proposal p1_0 
    where
        p1_0.freelancer_id=?
Hibernate: 
    select
        p1_0.id,
        p1_0.bid_amount,
        p1_0.created_at,
        p1_0.freelancer_id,
        p1_0.job_id,
        p1_0.message,
        p1_0.status,
        p1_0.updated_at 
    from
        proposal p1_0 
    where
        p1_0.freelancer_id=?
Hibernate: 
    select
        u1_0.id,
        u1_0.created_at,
        u1_0.email,
        u1_0.enabled,
        u1_0.name,
        u1_0.password,
        u1_0.role,
        u1_0.updated_at,
        u1_0.user_name 
    from
        users u1_0 
    where
        u1_0.id=?
Hibernate: 
    select
        n1_0.id,
        n1_0.created_at,
        n1_0.is_read,
        n1_0.message,
        n1_0.type,
        n1_0.updated_at,
        n1_0.user_id 
    from
        notification n1_0 
    where
        n1_0.user_id=? 
        and n1_0.is_read=? 
    order by
        n1_0.created_at desc
Hibernate: 
    select
        u1_0.id,
        u1_0.created_at,
        u1_0.email,
        u1_0.enabled,
        u1_0.name,
        u1_0.password,
        u1_0.role,
        u1_0.updated_at,
        u1_0.user_name 
    from
        users u1_0 
    where
        u1_0.id=?
Hibernate: 
    select
        n1_0.id,
        n1_0.created_at,
        n1_0.is_read,
        n1_0.message,
        n1_0.type,
        n1_0.updated_at,
        n1_0.user_id 
    from
        notification n1_0 
    where
        n1_0.user_id=? 
        and n1_0.is_read=? 
    order by
        n1_0.created_at desc
Hibernate: 
    select
        u1_0.id,
        u1_0.created_at,
        u1_0.email,
        u1_0.enabled,
        u1_0.name,
        u1_0.password,
        u1_0.role,
        u1_0.updated_at,
        u1_0.user_name 
    from
        users u1_0 
    where
        u1_0.id=?
Hibernate: 
    select
        n1_0.id,
        n1_0.created_at,
        n1_0.is_read,
        n1_0.message,
        n1_0.type,
        n1_0.updated_at,
        n1_0.user_id 
    from
        notification n1_0 
    where
        n1_0.user_id=? 
        and n1_0.is_read=? 
    order by
        n1_0.created_at desc
Hibernate: 
    select
        u1_0.id,
        u1_0.created_at,
        u1_0.email,
        u1_0.enabled,
        u1_0.name,
        u1_0.password,
        u1_0.role,
        u1_0.updated_at,
        u1_0.user_name 
    from
        users u1_0 
    where
        u1_0.id=?
Hibernate: 
    select
        n1_0.id,
        n1_0.created_at,
        n1_0.is_read,
        n1_0.message,
        n1_0.type,
        n1_0.updated_at,
        n1_0.user_id 
    from
        notification n1_0 
    where
        n1_0.user_id=? 
        and n1_0.is_read=? 
    order by
        n1_0.created_at desc
Hibernate: 
    select
        u1_0.id,
        u1_0.created_at,
        u1_0.email,
        u1_0.enabled,
        u1_0.name,
        u1_0.password,
        u1_0.role,
        u1_0.updated_at,
        u1_0.user_name 
    from
        users u1_0 
    where
        u1_0.id=?
Hibernate: 
    select
        n1_0.id,
        n1_0.created_at,
        n1_0.is_read,
        n1_0.message,
        n1_0.type,
        n1_0.updated_at,
        n1_0.user_id 
    from
        notification n1_0 
    where
        n1_0.user_id=? 
        and n1_0.is_read=? 
    order by
        n1_0.created_at desc
Hibernate: 
    select
        u1_0.id,
        u1_0.created_at,
        u1_0.email,
        u1_0.enabled,
        u1_0.name,
        u1_0.password,
        u1_0.role,
        u1_0.updated_at,
        u1_0.user_name 
    from
        users u1_0 
    where
        u1_0.id=?
Hibernate: 
    select
        n1_0.id,
        n1_0.created_at,
        n1_0.is_read,
        n1_0.message,
        n1_0.type,
        n1_0.updated_at,
        n1_0.user_id 
    from
        notification n1_0 
    where
        n1_0.user_id=? 
        and n1_0.is_read=? 
    order by
        n1_0.created_at desc
Hibernate: 
    select
        u1_0.id,
        u1_0.created_at,
        u1_0.email,
        u1_0.enabled,
        u1_0.name,
        u1_0.password,
        u1_0.role,
        u1_0.updated_at,
        u1_0.user_name 
    from
        users u1_0 
    where
        u1_0.id=?
Hibernate: 
    select
        n1_0.id,
        n1_0.created_at,
        n1_0.is_read,
        n1_0.message,
        n1_0.type,
        n1_0.updated_at,
        n1_0.user_id 
    from
        notification n1_0 
    where
        n1_0.user_id=? 
        and n1_0.is_read=? 
    order by
        n1_0.created_at desc
Hibernate: 
    select
        u1_0.id,
        u1_0.created_at,
        u1_0.email,
        u1_0.enabled,
        u1_0.name,
        u1_0.password,
        u1_0.role,
        u1_0.updated_at,
        u1_0.user_name 
    from
        users u1_0 
    where
        u1_0.id=?
Hibernate: 
    select
        n1_0.id,
        n1_0.created_at,
        n1_0.is_read,
        n1_0.message,
        n1_0.type,
        n1_0.updated_at,
        n1_0.user_id 
    from
        notification n1_0 
    where
        n1_0.user_id=? 
        and n1_0.is_read=? 
    order by
        n1_0.created_at desc
Hibernate: 
    select
        u1_0.id,
        u1_0.created_at,
        u1_0.email,
        u1_0.enabled,
        u1_0.name,
        u1_0.password,
        u1_0.role,
        u1_0.updated_at,
        u1_0.user_name 
    from
        users u1_0 
    where
        u1_0.id=?
Hibernate: 
    select
        n1_0.id,
        n1_0.created_at,
        n1_0.is_read,
        n1_0.message,
        n1_0.type,
        n1_0.updated_at,
        n1_0.user_id 
    from
        notification n1_0 
    where
        n1_0.user_id=? 
        and n1_0.is_read=? 
    order by
        n1_0.created_at desc
Hibernate: 
    select
        u1_0.id,
        u1_0.created_at,
        u1_0.email,
        u1_0.enabled,
        u1_0.name,
        u1_0.password,
        u1_0.role,
        u1_0.updated_at,
        u1_0.user_name 
    from
        users u1_0 
    where
        u1_0.id=?
Hibernate: 
    select
        n1_0.id,
        n1_0.created_at,
        n1_0.is_read,
        n1_0.message,
        n1_0.type,
        n1_0.updated_at,
        n1_0.user_id 
    from
        notification n1_0 
    where
        n1_0.user_id=? 
        and n1_0.is_read=? 
    order by
        n1_0.created_at desc
Hibernate: 
    select
        u1_0.id,
        u1_0.created_at,
        u1_0.email,
        u1_0.enabled,
        u1_0.name,
        u1_0.password,
        u1_0.role,
        u1_0.updated_at,
        u1_0.user_name 
    from
        users u1_0 
    where
        u1_0.id=?
Hibernate: 
    select
        n1_0.id,
        n1_0.created_at,
        n1_0.is_read,
        n1_0.message,
        n1_0.type,
        n1_0.updated_at,
        n1_0.user_id 
    from
        notification n1_0 
    where
        n1_0.user_id=? 
        and n1_0.is_read=? 
    order by
        n1_0.created_at desc
Hibernate: 
    select
        u1_0.id,
        u1_0.created_at,
        u1_0.email,
        u1_0.enabled,
        u1_0.name,
        u1_0.password,
        u1_0.role,
        u1_0.updated_at,
        u1_0.user_name 
    from
        users u1_0 
    where
        u1_0.id=?
Hibernate: 
    select
        n1_0.id,
        n1_0.created_at,
        n1_0.is_read,
        n1_0.message,
        n1_0.type,
        n1_0.updated_at,
        n1_0.user_id 
    from
        notification n1_0 
    where
        n1_0.user_id=? 
        and n1_0.is_read=? 
    order by
        n1_0.created_at desc
Hibernate: 
    select
        u1_0.id,
        u1_0.created_at,
        u1_0.email,
        u1_0.enabled,
        u1_0.name,
        u1_0.password,
        u1_0.role,
        u1_0.updated_at,
        u1_0.user_name 
    from
        users u1_0 
    where
        u1_0.id=?
Hibernate: 
    select
        n1_0.id,
        n1_0.created_at,
        n1_0.is_read,
        n1_0.message,
        n1_0.type,
        n1_0.updated_at,
        n1_0.user_id 
    from
        notification n1_0 
    where
        n1_0.user_id=? 
        and n1_0.is_read=? 
    order by
        n1_0.created_at desc
Hibernate: 
    select
        u1_0.id,
        u1_0.created_at,
        u1_0.email,
        u1_0.enabled,
        u1_0.name,
        u1_0.password,
        u1_0.role,
        u1_0.updated_at,
        u1_0.user_name 
    from
        users u1_0 
    where
        u1_0.id=?
Hibernate: 
    select
        n1_0.id,
        n1_0.created_at,
        n1_0.is_read,
        n1_0.message,
        n1_0.type,
        n1_0.updated_at,
        n1_0.user_id 
    from
        notification n1_0 
    where
        n1_0.user_id=? 
        and n1_0.is_read=? 
    order by
        n1_0.created_at desc
Hibernate: 
    select
        u1_0.id,
        u1_0.created_at,
        u1_0.email,
        u1_0.enabled,
        u1_0.name,
        u1_0.password,
        u1_0.role,
        u1_0.updated_at,
        u1_0.user_name 
    from
        users u1_0 
    where
        u1_0.id=?
Hibernate: 
    select
        n1_0.id,
        n1_0.created_at,
        n1_0.is_read,
        n1_0.message,
        n1_0.type,
        n1_0.updated_at,
        n1_0.user_id 
    from
        notification n1_0 
    where
        n1_0.user_id=? 
        and n1_0.is_read=? 
    order by
        n1_0.created_at desc
Hibernate: 
    select
        u1_0.id,
        u1_0.created_at,
        u1_0.email,
        u1_0.enabled,
        u1_0.name,
        u1_0.password,
        u1_0.role,
        u1_0.updated_at,
        u1_0.user_name 
    from
        users u1_0 
    where
        u1_0.id=?
Hibernate: 
    select
        n1_0.id,
        n1_0.created_at,
        n1_0.is_read,
        n1_0.message,
        n1_0.type,
        n1_0.updated_at,
        n1_0.user_id 
    from
        notification n1_0 
    where
        n1_0.user_id=? 
        and n1_0.is_read=? 
    order by
        n1_0.created_at desc
Hibernate: 
    select
        u1_0.id,
        u1_0.created_at,
        u1_0.email,
        u1_0.enabled,
        u1_0.name,
        u1_0.password,
        u1_0.role,
        u1_0.updated_at,
        u1_0.user_name 
    from
        users u1_0 
    where
        u1_0.id=?
Hibernate: 
    select
        n1_0.id,
        n1_0.created_at,
        n1_0.is_read,
        n1_0.message,
        n1_0.type,
        n1_0.updated_at,
        n1_0.user_id 
    from
        notification n1_0 
    where
        n1_0.user_id=? 
        and n1_0.is_read=? 
    order by
        n1_0.created_at desc
Hibernate: 
    select
        u1_0.id,
        u1_0.created_at,
        u1_0.email,
        u1_0.enabled,
        u1_0.name,
        u1_0.password,
        u1_0.role,
        u1_0.updated_at,
        u1_0.user_name 
    from
        users u1_0 
    where
        u1_0.id=?
Hibernate: 
    select
        n1_0.id,
        n1_0.created_at,
        n1_0.is_read,
        n1_0.message,
        n1_0.type,
        n1_0.updated_at,
        n1_0.user_id 
    from
        notification n1_0 
    where
        n1_0.user_id=? 
        and n1_0.is_read=? 
    order by
        n1_0.created_at desc
Hibernate: 
    select
        u1_0.id,
        u1_0.created_at,
        u1_0.email,
        u1_0.enabled,
        u1_0.name,
        u1_0.password,
        u1_0.role,
        u1_0.updated_at,
        u1_0.user_name 
    from
        users u1_0 
    where
        u1_0.id=?
Hibernate: 
    select
        n1_0.id,
        n1_0.created_at,
        n1_0.is_read,
        n1_0.message,
        n1_0.type,
        n1_0.updated_at,
        n1_0.user_id 
    from
        notification n1_0 
    where
        n1_0.user_id=? 
        and n1_0.is_read=? 
    order by
        n1_0.created_at desc
Hibernate: 
    select
        u1_0.id,
        u1_0.created_at,
        u1_0.email,
        u1_0.enabled,
        u1_0.name,
        u1_0.password,
        u1_0.role,
        u1_0.updated_at,
        u1_0.user_name 
    from
        users u1_0 
    where
        u1_0.id=?
Hibernate: 
    select
        n1_0.id,
        n1_0.created_at,
        n1_0.is_read,
        n1_0.message,
        n1_0.type,
        n1_0.updated_at,
        n1_0.user_id 
    from
        notification n1_0 
    where
        n1_0.user_id=? 
        and n1_0.is_read=? 
    order by
        n1_0.created_at desc
Hibernate: 
    select
        u1_0.id,
        u1_0.created_at,
        u1_0.email,
        u1_0.enabled,
        u1_0.name,
        u1_0.password,
        u1_0.role,
        u1_0.updated_at,
        u1_0.user_name 
    from
        users u1_0 
    where
        u1_0.id=?
Hibernate: 
    select
        n1_0.id,
        n1_0.created_at,
        n1_0.is_read,
        n1_0.message,
        n1_0.type,
        n1_0.updated_at,
        n1_0.user_id 
    from
        notification n1_0 
    where
        n1_0.user_id=? 
        and n1_0.is_read=? 
    order by
        n1_0.created_at desc
Hibernate: 
    select
        u1_0.id,
        u1_0.created_at,
        u1_0.email,
        u1_0.enabled,
        u1_0.name,
        u1_0.password,
        u1_0.role,
        u1_0.updated_at,
        u1_0.user_name 
    from
        users u1_0 
    where
        u1_0.id=?
Hibernate: 
    select
        n1_0.id,
        n1_0.created_at,
        n1_0.is_read,
        n1_0.message,
        n1_0.type,
        n1_0.updated_at,
        n1_0.user_id 
    from
        notification n1_0 
    where
        n1_0.user_id=? 
        and n1_0.is_read=? 
    order by
        n1_0.created_at desc
Hibernate: 
    select
        u1_0.id,
        u1_0.created_at,
        u1_0.email,
        u1_0.enabled,
        u1_0.name,
        u1_0.password,
        u1_0.role,
        u1_0.updated_at,
        u1_0.user_name 
    from
        users u1_0 
    where
        u1_0.id=?
Hibernate: 
    select
        n1_0.id,
        n1_0.created_at,
        n1_0.is_read,
        n1_0.message,
        n1_0.type,
        n1_0.updated_at,
        n1_0.user_id 
    from
        notification n1_0 
    where
        n1_0.user_id=? 
        and n1_0.is_read=? 
    order by
        n1_0.created_at desc
Hibernate: 
    select
        u1_0.id,
        u1_0.created_at,
        u1_0.email,
        u1_0.enabled,
        u1_0.name,
        u1_0.password,
        u1_0.role,
        u1_0.updated_at,
        u1_0.user_name 
    from
        users u1_0 
    where
        u1_0.id=?
Hibernate: 
    select
        n1_0.id,
        n1_0.created_at,
        n1_0.is_read,
        n1_0.message,
        n1_0.type,
        n1_0.updated_at,
        n1_0.user_id 
    from
        notification n1_0 
    where
        n1_0.user_id=? 
        and n1_0.is_read=? 
    order by
        n1_0.created_at desc
Hibernate: 
    select
        u1_0.id,
        u1_0.created_at,
        u1_0.email,
        u1_0.enabled,
        u1_0.name,
        u1_0.password,
        u1_0.role,
        u1_0.updated_at,
        u1_0.user_name 
    from
        users u1_0 
    where
        u1_0.id=?
Hibernate: 
    select
        n1_0.id,
        n1_0.created_at,
        n1_0.is_read,
        n1_0.message,
        n1_0.type,
        n1_0.updated_at,
        n1_0.user_id 
    from
        notification n1_0 
    where
        n1_0.user_id=? 
        and n1_0.is_read=? 
    order by
        n1_0.created_at desc
Hibernate: 
    select
        u1_0.id,
        u1_0.created_at,
        u1_0.email,
        u1_0.enabled,
        u1_0.name,
        u1_0.password,
        u1_0.role,
        u1_0.updated_at,
        u1_0.user_name 
    from
        users u1_0 
    where
        u1_0.id=?
Hibernate: 
    select
        n1_0.id,
        n1_0.created_at,
        n1_0.is_read,
        n1_0.message,
        n1_0.type,
        n1_0.updated_at,
        n1_0.user_id 
    from
        notification n1_0 
    where
        n1_0.user_id=? 
        and n1_0.is_read=? 
    order by
        n1_0.created_at desc
Hibernate: 
    select
        u1_0.id,
        u1_0.created_at,
        u1_0.email,
        u1_0.enabled,
        u1_0.name,
        u1_0.password,
        u1_0.role,
        u1_0.updated_at,
        u1_0.user_name 
    from
        users u1_0 
    where
        u1_0.id=?
Hibernate: 
    select
        n1_0.id,
        n1_0.created_at,
        n1_0.is_read,
        n1_0.message,
        n1_0.type,
        n1_0.updated_at,
        n1_0.user_id 
    from
        notification n1_0 
    where
        n1_0.user_id=? 
        and n1_0.is_read=? 
    order by
        n1_0.created_at desc
Hibernate: 
    select
        u1_0.id,
        u1_0.created_at,
        u1_0.email,
        u1_0.enabled,
        u1_0.name,
        u1_0.password,
        u1_0.role,
        u1_0.updated_at,
        u1_0.user_name 
    from
        users u1_0 
    where
        u1_0.id=?
Hibernate: 
    select
        n1_0.id,
        n1_0.created_at,
        n1_0.is_read,
        n1_0.message,
        n1_0.type,
        n1_0.updated_at,
        n1_0.user_id 
    from
        notification n1_0 
    where
        n1_0.user_id=? 
        and n1_0.is_read=? 
    order by
        n1_0.created_at desc
Hibernate: 
    select
        u1_0.id,
        u1_0.created_at,
        u1_0.email,
        u1_0.enabled,
        u1_0.name,
        u1_0.password,
        u1_0.role,
        u1_0.updated_at,
        u1_0.user_name 
    from
        users u1_0 
    where
        u1_0.id=?
Hibernate: 
    select
        n1_0.id,
        n1_0.created_at,
        n1_0.is_read,
        n1_0.message,
        n1_0.type,
        n1_0.updated_at,
        n1_0.user_id 
    from
        notification n1_0 
    where
        n1_0.user_id=? 
        and n1_0.is_read=? 
    order by
        n1_0.created_at desc
Hibernate: 
    select
        u1_0.id,
        u1_0.created_at,
        u1_0.email,
        u1_0.enabled,
        u1_0.name,
        u1_0.password,
        u1_0.role,
        u1_0.updated_at,
        u1_0.user_name 
    from
        users u1_0 
    where
        u1_0.id=?
Hibernate: 
    select
        n1_0.id,
        n1_0.created_at,
        n1_0.is_read,
        n1_0.message,
        n1_0.type,
        n1_0.updated_at,
        n1_0.user_id 
    from
        notification n1_0 
    where
        n1_0.user_id=? 
        and n1_0.is_read=? 
    order by
        n1_0.created_at desc
Hibernate: 
    select
        u1_0.id,
        u1_0.created_at,
        u1_0.email,
        u1_0.enabled,
        u1_0.name,
        u1_0.password,
        u1_0.role,
        u1_0.updated_at,
        u1_0.user_name 
    from
        users u1_0 
    where
        u1_0.id=?
Hibernate: 
    select
        n1_0.id,
        n1_0.created_at,
        n1_0.is_read,
        n1_0.message,
        n1_0.type,
        n1_0.updated_at,
        n1_0.user_id 
    from
        notification n1_0 
    where
        n1_0.user_id=? 
        and n1_0.is_read=? 
    order by
        n1_0.created_at desc
Hibernate: 
    select
        u1_0.id,
        u1_0.created_at,
        u1_0.email,
        u1_0.enabled,
        u1_0.name,
        u1_0.password,
        u1_0.role,
        u1_0.updated_at,
        u1_0.user_name 
    from
        users u1_0 
    where
        u1_0.id=?
Hibernate: 
    select
        n1_0.id,
        n1_0.created_at,
        n1_0.is_read,
        n1_0.message,
        n1_0.type,
        n1_0.updated_at,
        n1_0.user_id 
    from
        notification n1_0 
    where
        n1_0.user_id=? 
        and n1_0.is_read=? 
    order by
        n1_0.created_at desc
Hibernate: 
    select
        u1_0.id,
        u1_0.created_at,
        u1_0.email,
        u1_0.enabled,
        u1_0.name,
        u1_0.password,
        u1_0.role,
        u1_0.updated_at,
        u1_0.user_name 
    from
        users u1_0 
    where
        u1_0.id=?
Hibernate: 
    select
        n1_0.id,
        n1_0.created_at,
        n1_0.is_read,
        n1_0.message,
        n1_0.type,
        n1_0.updated_at,
        n1_0.user_id 
    from
        notification n1_0 
    where
        n1_0.user_id=? 
        and n1_0.is_read=? 
    order by
        n1_0.created_at desc
Hibernate: 
    select
        u1_0.id,
        u1_0.created_at,
        u1_0.email,
        u1_0.enabled,
        u1_0.name,
        u1_0.password,
        u1_0.role,
        u1_0.updated_at,
        u1_0.user_name 
    from
        users u1_0 
    where
        u1_0.id=?
Hibernate: 
    select
        n1_0.id,
        n1_0.created_at,
        n1_0.is_read,
        n1_0.message,
        n1_0.type,
        n1_0.updated_at,
        n1_0.user_id 
    from
        notification n1_0 
    where
        n1_0.user_id=? 
        and n1_0.is_read=? 
    order by
        n1_0.created_at desc
Hibernate: 
    select
        u1_0.id,
        u1_0.created_at,
        u1_0.email,
        u1_0.enabled,
        u1_0.name,
        u1_0.password,
        u1_0.role,
        u1_0.updated_at,
        u1_0.user_name 
    from
        users u1_0 
    where
        u1_0.id=?
Hibernate: 
    select
        n1_0.id,
        n1_0.created_at,
        n1_0.is_read,
        n1_0.message,
        n1_0.type,
        n1_0.updated_at,
        n1_0.user_id 
    from
        notification n1_0 
    where
        n1_0.user_id=? 
        and n1_0.is_read=? 
    order by
        n1_0.created_at desc
Hibernate: 
    select
        u1_0.id,
        u1_0.created_at,
        u1_0.email,
        u1_0.enabled,
        u1_0.name,
        u1_0.password,
        u1_0.role,
        u1_0.updated_at,
        u1_0.user_name 
    from
        users u1_0 
    where
        u1_0.id=?
Hibernate: 
    select
        n1_0.id,
        n1_0.created_at,
        n1_0.is_read,
        n1_0.message,
        n1_0.type,
        n1_0.updated_at,
        n1_0.user_id 
    from
        notification n1_0 
    where
        n1_0.user_id=? 
        and n1_0.is_read=? 
    order by
        n1_0.created_at desc
Hibernate: 
    select
        u1_0.id,
        u1_0.created_at,
        u1_0.email,
        u1_0.enabled,
        u1_0.name,
        u1_0.password,
        u1_0.role,
        u1_0.updated_at,
        u1_0.user_name 
    from
        users u1_0 
    where
        u1_0.id=?
Hibernate: 
    select
        n1_0.id,
        n1_0.created_at,
        n1_0.is_read,
        n1_0.message,
        n1_0.type,
        n1_0.updated_at,
        n1_0.user_id 
    from
        notification n1_0 
    where
        n1_0.user_id=? 
        and n1_0.is_read=? 
    order by
        n1_0.created_at desc
Hibernate: 
    select
        u1_0.id,
        u1_0.created_at,
        u1_0.email,
        u1_0.enabled,
        u1_0.name,
        u1_0.password,
        u1_0.role,
        u1_0.updated_at,
        u1_0.user_name 
    from
        users u1_0 
    where
        u1_0.id=?
Hibernate: 
    select
        n1_0.id,
        n1_0.created_at,
        n1_0.is_read,
        n1_0.message,
        n1_0.type,
        n1_0.updated_at,
        n1_0.user_id 
    from
        notification n1_0 
    where
        n1_0.user_id=? 
        and n1_0.is_read=? 
    order by
        n1_0.created_at desc
Hibernate: 
    select
        u1_0.id,
        u1_0.created_at,
        u1_0.email,
        u1_0.enabled,
        u1_0.name,
        u1_0.password,
        u1_0.role,
        u1_0.updated_at,
        u1_0.user_name 
    from
        users u1_0 
    where
        u1_0.id=?
Hibernate: 
    select
        n1_0.id,
        n1_0.created_at,
        n1_0.is_read,
        n1_0.message,
        n1_0.type,
        n1_0.updated_at,
        n1_0.user_id 
    from
        notification n1_0 
    where
        n1_0.user_id=? 
        and n1_0.is_read=? 
    order by
        n1_0.created_at desc
Hibernate: 
    select
        u1_0.id,
        u1_0.created_at,
        u1_0.email,
        u1_0.enabled,
        u1_0.name,
        u1_0.password,
        u1_0.role,
        u1_0.updated_at,
        u1_0.user_name 
    from
        users u1_0 
    where
        u1_0.id=?
Hibernate: 
    select
        n1_0.id,
        n1_0.created_at,
        n1_0.is_read,
        n1_0.message,
        n1_0.type,
        n1_0.updated_at,
        n1_0.user_id 
    from
        notification n1_0 
    where
        n1_0.user_id=? 
        and n1_0.is_read=? 
    order by
        n1_0.created_at desc
Hibernate: 
    select
        u1_0.id,
        u1_0.created_at,
        u1_0.email,
        u1_0.enabled,
        u1_0.name,
        u1_0.password,
        u1_0.role,
        u1_0.updated_at,
        u1_0.user_name 
    from
        users u1_0 
    where
        u1_0.id=?
Hibernate: 
    select
        n1_0.id,
        n1_0.created_at,
        n1_0.is_read,
        n1_0.message,
        n1_0.type,
        n1_0.updated_at,
        n1_0.user_id 
    from
        notification n1_0 
    where
        n1_0.user_id=? 
        and n1_0.is_read=? 
    order by
        n1_0.created_at desc
Hibernate: 
    select
        u1_0.id,
        u1_0.created_at,
        u1_0.email,
        u1_0.enabled,
        u1_0.name,
        u1_0.password,
        u1_0.role,
        u1_0.updated_at,
        u1_0.user_name 
    from
        users u1_0 
    where
        u1_0.id=?
Hibernate: 
    select
        n1_0.id,
        n1_0.created_at,
        n1_0.is_read,
        n1_0.message,
        n1_0.type,
        n1_0.updated_at,
        n1_0.user_id 
    from
        notification n1_0 
    where
        n1_0.user_id=? 
        and n1_0.is_read=? 
    order by
        n1_0.created_at desc
Hibernate: 
    select
        u1_0.id,
        u1_0.created_at,
        u1_0.email,
        u1_0.enabled,
        u1_0.name,
        u1_0.password,
        u1_0.role,
        u1_0.updated_at,
        u1_0.user_name 
    from
        users u1_0 
    where
        u1_0.id=?
Hibernate: 
    select
        n1_0.id,
        n1_0.created_at,
        n1_0.is_read,
        n1_0.message,
        n1_0.type,
        n1_0.updated_at,
        n1_0.user_id 
    from
        notification n1_0 
    where
        n1_0.user_id=? 
        and n1_0.is_read=? 
    order by
        n1_0.created_at desc
Hibernate: 
    select
        u1_0.id,
        u1_0.created_at,
        u1_0.email,
        u1_0.enabled,
        u1_0.name,
        u1_0.password,
        u1_0.role,
        u1_0.updated_at,
        u1_0.user_name 
    from
        users u1_0 
    where
        u1_0.id=?
Hibernate: 
    select
        n1_0.id,
        n1_0.created_at,
        n1_0.is_read,
        n1_0.message,
        n1_0.type,
        n1_0.updated_at,
        n1_0.user_id 
    from
        notification n1_0 
    where
        n1_0.user_id=? 
        and n1_0.is_read=? 
    order by
        n1_0.created_at desc
Hibernate: 
    select
        u1_0.id,
        u1_0.created_at,
        u1_0.email,
        u1_0.enabled,
        u1_0.name,
        u1_0.password,
        u1_0.role,
        u1_0.updated_at,
        u1_0.user_name 
    from
        users u1_0 
    where
        u1_0.id=?
Hibernate: 
    select
        n1_0.id,
        n1_0.created_at,
        n1_0.is_read,
        n1_0.message,
        n1_0.type,
        n1_0.updated_at,
        n1_0.user_id 
    from
        notification n1_0 
    where
        n1_0.user_id=? 
        and n1_0.is_read=? 
    order by
        n1_0.created_at desc
Hibernate: 
    select
        u1_0.id,
        u1_0.created_at,
        u1_0.email,
        u1_0.enabled,
        u1_0.name,
        u1_0.password,
        u1_0.role,
        u1_0.updated_at,
        u1_0.user_name 
    from
        users u1_0 
    where
        u1_0.id=?
Hibernate: 
    select
        n1_0.id,
        n1_0.created_at,
        n1_0.is_read,
        n1_0.message,
        n1_0.type,
        n1_0.updated_at,
        n1_0.user_id 
    from
        notification n1_0 
    where
        n1_0.user_id=? 
        and n1_0.is_read=? 
    order by
        n1_0.created_at desc
Hibernate: 
    select
        u1_0.id,
        u1_0.created_at,
        u1_0.email,
        u1_0.enabled,
        u1_0.name,
        u1_0.password,
        u1_0.role,
        u1_0.updated_at,
        u1_0.user_name 
    from
        users u1_0 
    where
        u1_0.id=?
Hibernate: 
    select
        n1_0.id,
        n1_0.created_at,
        n1_0.is_read,
        n1_0.message,
        n1_0.type,
        n1_0.updated_at,
        n1_0.user_id 
    from
        notification n1_0 
    where
        n1_0.user_id=? 
        and n1_0.is_read=? 
    order by
        n1_0.created_at desc
Hibernate: 
    select
        u1_0.id,
        u1_0.created_at,
        u1_0.email,
        u1_0.enabled,
        u1_0.name,
        u1_0.password,
        u1_0.role,
        u1_0.updated_at,
        u1_0.user_name 
    from
        users u1_0 
    where
        u1_0.id=?
Hibernate: 
    select
        n1_0.id,
        n1_0.created_at,
        n1_0.is_read,
        n1_0.message,
        n1_0.type,
        n1_0.updated_at,
        n1_0.user_id 
    from
        notification n1_0 
    where
        n1_0.user_id=? 
        and n1_0.is_read=? 
    order by
        n1_0.created_at desc
Hibernate: 
    select
        u1_0.id,
        u1_0.created_at,
        u1_0.email,
        u1_0.enabled,
        u1_0.name,
        u1_0.password,
        u1_0.role,
        u1_0.updated_at,
        u1_0.user_name 
    from
        users u1_0 
    where
        u1_0.id=?
Hibernate: 
    select
        n1_0.id,
        n1_0.created_at,
        n1_0.is_read,
        n1_0.message,
        n1_0.type,
        n1_0.updated_at,
        n1_0.user_id 
    from
        notification n1_0 
    where
        n1_0.user_id=? 
        and n1_0.is_read=? 
    order by
        n1_0.created_at desc
Hibernate: 
    select
        flp1_0.id,
        flp1_0.bio,
        flp1_0.created_at,
        flp1_0.experience,
        flp1_0.freelancer_id,
        flp1_0.hourly_rate,
        flp1_0.skills,
        flp1_0.title,
        flp1_0.updated_at 
    from
        free_lancer_profile flp1_0 
    where
        flp1_0.freelancer_id=?
Hibernate: 
    select
        flp1_0.id,
        flp1_0.bio,
        flp1_0.created_at,
        flp1_0.experience,
        flp1_0.freelancer_id,
        flp1_0.hourly_rate,
        flp1_0.skills,
        flp1_0.title,
        flp1_0.updated_at 
    from
        free_lancer_profile flp1_0 
    where
        flp1_0.freelancer_id=?
Hibernate: 
    select
        u1_0.id,
        u1_0.created_at,
        u1_0.email,
        u1_0.enabled,
        u1_0.name,
        u1_0.password,
        u1_0.role,
        u1_0.updated_at,
        u1_0.user_name 
    from
        users u1_0 
    where
        u1_0.id=?
Hibernate: 
    select
        n1_0.id,
        n1_0.created_at,
        n1_0.is_read,
        n1_0.message,
        n1_0.type,
        n1_0.updated_at,
        n1_0.user_id 
    from
        notification n1_0 
    where
        n1_0.user_id=? 
        and n1_0.is_read=? 
    order by
        n1_0.created_at desc
Hibernate: 
    select
        u1_0.id,
        u1_0.created_at,
        u1_0.email,
        u1_0.enabled,
        u1_0.name,
        u1_0.password,
        u1_0.role,
        u1_0.updated_at,
        u1_0.user_name 
    from
        users u1_0 
    where
        u1_0.id=?
Hibernate: 
    select
        n1_0.id,
        n1_0.created_at,
        n1_0.is_read,
        n1_0.message,
        n1_0.type,
        n1_0.updated_at,
        n1_0.user_id 
    from
        notification n1_0 
    where
        n1_0.user_id=? 
        and n1_0.is_read=? 
    order by
        n1_0.created_at desc
Hibernate: 
    select
        u1_0.id,
        u1_0.created_at,
        u1_0.email,
        u1_0.enabled,
        u1_0.name,
        u1_0.password,
        u1_0.role,
        u1_0.updated_at,
        u1_0.user_name 
    from
        users u1_0 
    where
        u1_0.id=?
Hibernate: 
    select
        n1_0.id,
        n1_0.created_at,
        n1_0.is_read,
        n1_0.message,
        n1_0.type,
        n1_0.updated_at,
        n1_0.user_id 
    from
        notification n1_0 
    where
        n1_0.user_id=? 
        and n1_0.is_read=? 
    order by
        n1_0.created_at desc
Hibernate: 
    select
        u1_0.id,
        u1_0.created_at,
        u1_0.email,
        u1_0.enabled,
        u1_0.name,
        u1_0.password,
        u1_0.role,
        u1_0.updated_at,
        u1_0.user_name 
    from
        users u1_0 
    where
        u1_0.id=?
Hibernate: 
    select
        n1_0.id,
        n1_0.created_at,
        n1_0.is_read,
        n1_0.message,
        n1_0.type,
        n1_0.updated_at,
        n1_0.user_id 
    from
        notification n1_0 
    where
        n1_0.user_id=? 
        and n1_0.is_read=? 
    order by
        n1_0.created_at desc
Hibernate: 
    select
        u1_0.id,
        u1_0.created_at,
        u1_0.email,
        u1_0.enabled,
        u1_0.name,
        u1_0.password,
        u1_0.role,
        u1_0.updated_at,
        u1_0.user_name 
    from
        users u1_0 
    where
        u1_0.id=?
Hibernate: 
    select
        n1_0.id,
        n1_0.created_at,
        n1_0.is_read,
        n1_0.message,
        n1_0.type,
        n1_0.updated_at,
        n1_0.user_id 
    from
        notification n1_0 
    where
        n1_0.user_id=? 
        and n1_0.is_read=? 
    order by
        n1_0.created_at desc
Hibernate: 
    select
        u1_0.id,
        u1_0.created_at,
        u1_0.email,
        u1_0.enabled,
        u1_0.name,
        u1_0.password,
        u1_0.role,
        u1_0.updated_at,
        u1_0.user_name 
    from
        users u1_0 
    where
        u1_0.id=?
Hibernate: 
    select
        n1_0.id,
        n1_0.created_at,
        n1_0.is_read,
        n1_0.message,
        n1_0.type,
        n1_0.updated_at,
        n1_0.user_id 
    from
        notification n1_0 
    where
        n1_0.user_id=? 
        and n1_0.is_read=? 
    order by
        n1_0.created_at desc
Hibernate: 
    select
        u1_0.id,
        u1_0.created_at,
        u1_0.email,
        u1_0.enabled,
        u1_0.name,
        u1_0.password,
        u1_0.role,
        u1_0.updated_at,
        u1_0.user_name 
    from
        users u1_0 
    where
        u1_0.id=?
Hibernate: 
    select
        n1_0.id,
        n1_0.created_at,
        n1_0.is_read,
        n1_0.message,
        n1_0.type,
        n1_0.updated_at,
        n1_0.user_id 
    from
        notification n1_0 
    where
        n1_0.user_id=? 
        and n1_0.is_read=? 
    order by
        n1_0.created_at desc
Hibernate: 
    select
        u1_0.id,
        u1_0.created_at,
        u1_0.email,
        u1_0.enabled,
        u1_0.name,
        u1_0.password,
        u1_0.role,
        u1_0.updated_at,
        u1_0.user_name 
    from
        users u1_0 
    where
        u1_0.id=?
Hibernate: 
    select
        n1_0.id,
        n1_0.created_at,
        n1_0.is_read,
        n1_0.message,
        n1_0.type,
        n1_0.updated_at,
        n1_0.user_id 
    from
        notification n1_0 
    where
        n1_0.user_id=? 
        and n1_0.is_read=? 
    order by
        n1_0.created_at desc
Hibernate: 
    select
        u1_0.id,
        u1_0.created_at,
        u1_0.email,
        u1_0.enabled,
        u1_0.name,
        u1_0.password,
        u1_0.role,
        u1_0.updated_at,
        u1_0.user_name 
    from
        users u1_0 
    where
        u1_0.id=?
Hibernate: 
    select
        n1_0.id,
        n1_0.created_at,
        n1_0.is_read,
        n1_0.message,
        n1_0.type,
        n1_0.updated_at,
        n1_0.user_id 
    from
        notification n1_0 
    where
        n1_0.user_id=? 
        and n1_0.is_read=? 
    order by
        n1_0.created_at desc
Hibernate: 
    select
        u1_0.id,
        u1_0.created_at,
        u1_0.email,
        u1_0.enabled,
        u1_0.name,
        u1_0.password,
        u1_0.role,
        u1_0.updated_at,
        u1_0.user_name 
    from
        users u1_0 
    where
        u1_0.id=?
Hibernate: 
    select
        n1_0.id,
        n1_0.created_at,
        n1_0.is_read,
        n1_0.message,
        n1_0.type,
        n1_0.updated_at,
        n1_0.user_id 
    from
        notification n1_0 
    where
        n1_0.user_id=? 
        and n1_0.is_read=? 
    order by
        n1_0.created_at desc
Hibernate: 
    select
        u1_0.id,
        u1_0.created_at,
        u1_0.email,
        u1_0.enabled,
        u1_0.name,
        u1_0.password,
        u1_0.role,
        u1_0.updated_at,
        u1_0.user_name 
    from
        users u1_0 
    where
        u1_0.id=?
Hibernate: 
    select
        n1_0.id,
        n1_0.created_at,
        n1_0.is_read,
        n1_0.message,
        n1_0.type,
        n1_0.updated_at,
        n1_0.user_id 
    from
        notification n1_0 
    where
        n1_0.user_id=? 
        and n1_0.is_read=? 
    order by
        n1_0.created_at desc
Hibernate: 
    select
        u1_0.id,
        u1_0.created_at,
        u1_0.email,
        u1_0.enabled,
        u1_0.name,
        u1_0.password,
        u1_0.role,
        u1_0.updated_at,
        u1_0.user_name 
    from
        users u1_0 
    where
        u1_0.id=?
Hibernate: 
    select
        n1_0.id,
        n1_0.created_at,
        n1_0.is_read,
        n1_0.message,
        n1_0.type,
        n1_0.updated_at,
        n1_0.user_id 
    from
        notification n1_0 
    where
        n1_0.user_id=? 
        and n1_0.is_read=? 
    order by
        n1_0.created_at desc
Hibernate: 
    select
        u1_0.id,
        u1_0.created_at,
        u1_0.email,
        u1_0.enabled,
        u1_0.name,
        u1_0.password,
        u1_0.role,
        u1_0.updated_at,
        u1_0.user_name 
    from
        users u1_0 
    where
        u1_0.id=?
Hibernate: 
    select
        n1_0.id,
        n1_0.created_at,
        n1_0.is_read,
        n1_0.message,
        n1_0.type,
        n1_0.updated_at,
        n1_0.user_id 
    from
        notification n1_0 
    where
        n1_0.user_id=? 
        and n1_0.is_read=? 
    order by
        n1_0.created_at desc
Hibernate: 
    select
        u1_0.id,
        u1_0.created_at,
        u1_0.email,
        u1_0.enabled,
        u1_0.name,
        u1_0.password,
        u1_0.role,
        u1_0.updated_at,
        u1_0.user_name 
    from
        users u1_0 
    where
        u1_0.id=?
Hibernate: 
    select
        n1_0.id,
        n1_0.created_at,
        n1_0.is_read,
        n1_0.message,
        n1_0.type,
        n1_0.updated_at,
        n1_0.user_id 
    from
        notification n1_0 
    where
        n1_0.user_id=? 
        and n1_0.is_read=? 
    order by
        n1_0.created_at desc
Hibernate: 
    select
        u1_0.id,
        u1_0.created_at,
        u1_0.email,
        u1_0.enabled,
        u1_0.name,
        u1_0.password,
        u1_0.role,
        u1_0.updated_at,
        u1_0.user_name 
    from
        users u1_0 
    where
        u1_0.id=?
Hibernate: 
    select
        n1_0.id,
        n1_0.created_at,
        n1_0.is_read,
        n1_0.message,
        n1_0.type,
        n1_0.updated_at,
        n1_0.user_id 
    from
        notification n1_0 
    where
        n1_0.user_id=? 
        and n1_0.is_read=? 
    order by
        n1_0.created_at desc
Hibernate: 
    select
        u1_0.id,
        u1_0.created_at,
        u1_0.email,
        u1_0.enabled,
        u1_0.name,
        u1_0.password,
        u1_0.role,
        u1_0.updated_at,
        u1_0.user_name 
    from
        users u1_0 
    where
        u1_0.id=?
Hibernate: 
    select
        n1_0.id,
        n1_0.created_at,
        n1_0.is_read,
        n1_0.message,
        n1_0.type,
        n1_0.updated_at,
        n1_0.user_id 
    from
        notification n1_0 
    where
        n1_0.user_id=? 
        and n1_0.is_read=? 
    order by
        n1_0.created_at desc
Hibernate: 
    select
        u1_0.id,
        u1_0.created_at,
        u1_0.email,
        u1_0.enabled,
        u1_0.name,
        u1_0.password,
        u1_0.role,
        u1_0.updated_at,
        u1_0.user_name 
    from
        users u1_0 
    where
        u1_0.id=?
Hibernate: 
    select
        n1_0.id,
        n1_0.created_at,
        n1_0.is_read,
        n1_0.message,
        n1_0.type,
        n1_0.updated_at,
        n1_0.user_id 
    from
        notification n1_0 
    where
        n1_0.user_id=? 
        and n1_0.is_read=? 
    order by
        n1_0.created_at desc
Hibernate: 
    select
        u1_0.id,
        u1_0.created_at,
        u1_0.email,
        u1_0.enabled,
        u1_0.name,
        u1_0.password,
        u1_0.role,
        u1_0.updated_at,
        u1_0.user_name 
    from
        users u1_0 
    where
        u1_0.id=?
Hibernate: 
    select
        n1_0.id,
        n1_0.created_at,
        n1_0.is_read,
        n1_0.message,
        n1_0.type,
        n1_0.updated_at,
        n1_0.user_id 
    from
        notification n1_0 
    where
        n1_0.user_id=? 
        and n1_0.is_read=? 
    order by
        n1_0.created_at desc
Hibernate: 
    select
        u1_0.id,
        u1_0.created_at,
        u1_0.email,
        u1_0.enabled,
        u1_0.name,
        u1_0.password,
        u1_0.role,
        u1_0.updated_at,
        u1_0.user_name 
    from
        users u1_0 
    where
        u1_0.id=?
Hibernate: 
    select
        n1_0.id,
        n1_0.created_at,
        n1_0.is_read,
        n1_0.message,
        n1_0.type,
        n1_0.updated_at,
        n1_0.user_id 
    from
        notification n1_0 
    where
        n1_0.user_id=? 
        and n1_0.is_read=? 
    order by
        n1_0.created_at desc
Hibernate: 
    select
        u1_0.id,
        u1_0.created_at,
        u1_0.email,
        u1_0.enabled,
        u1_0.name,
        u1_0.password,
        u1_0.role,
        u1_0.updated_at,
        u1_0.user_name 
    from
        users u1_0 
    where
        u1_0.id=?
Hibernate: 
    select
        n1_0.id,
        n1_0.created_at,
        n1_0.is_read,
        n1_0.message,
        n1_0.type,
        n1_0.updated_at,
        n1_0.user_id 
    from
        notification n1_0 
    where
        n1_0.user_id=? 
        and n1_0.is_read=? 
    order by
        n1_0.created_at desc
Hibernate: 
    select
        u1_0.id,
        u1_0.created_at,
        u1_0.email,
        u1_0.enabled,
        u1_0.name,
        u1_0.password,
        u1_0.role,
        u1_0.updated_at,
        u1_0.user_name 
    from
        users u1_0 
    where
        u1_0.id=?
Hibernate: 
    select
        n1_0.id,
        n1_0.created_at,
        n1_0.is_read,
        n1_0.message,
        n1_0.type,
        n1_0.updated_at,
        n1_0.user_id 
    from
        notification n1_0 
    where
        n1_0.user_id=? 
        and n1_0.is_read=? 
    order by
        n1_0.created_at desc
Hibernate: 
    select
        u1_0.id,
        u1_0.created_at,
        u1_0.email,
        u1_0.enabled,
        u1_0.name,
        u1_0.password,
        u1_0.role,
        u1_0.updated_at,
        u1_0.user_name 
    from
        users u1_0 
    where
        u1_0.id=?
Hibernate: 
    select
        n1_0.id,
        n1_0.created_at,
        n1_0.is_read,
        n1_0.message,
        n1_0.type,
        n1_0.updated_at,
        n1_0.user_id 
    from
        notification n1_0 
    where
        n1_0.user_id=? 
        and n1_0.is_read=? 
    order by
        n1_0.created_at desc
Hibernate: 
    select
        u1_0.id,
        u1_0.created_at,
        u1_0.email,
        u1_0.enabled,
        u1_0.name,
        u1_0.password,
        u1_0.role,
        u1_0.updated_at,
        u1_0.user_name 
    from
        users u1_0 
    where
        u1_0.id=?
Hibernate: 
    select
        n1_0.id,
        n1_0.created_at,
        n1_0.is_read,
        n1_0.message,
        n1_0.type,
        n1_0.updated_at,
        n1_0.user_id 
    from
        notification n1_0 
    where
        n1_0.user_id=? 
        and n1_0.is_read=? 
    order by
        n1_0.created_at desc
Hibernate: 
    select
        u1_0.id,
        u1_0.created_at,
        u1_0.email,
        u1_0.enabled,
        u1_0.name,
        u1_0.password,
        u1_0.role,
        u1_0.updated_at,
        u1_0.user_name 
    from
        users u1_0 
    where
        u1_0.id=?
Hibernate: 
    select
        n1_0.id,
        n1_0.created_at,
        n1_0.is_read,
        n1_0.message,
        n1_0.type,
        n1_0.updated_at,
        n1_0.user_id 
    from
        notification n1_0 
    where
        n1_0.user_id=? 
        and n1_0.is_read=? 
    order by
        n1_0.created_at desc
Hibernate: 
    select
        u1_0.id,
        u1_0.created_at,
        u1_0.email,
        u1_0.enabled,
        u1_0.name,
        u1_0.password,
        u1_0.role,
        u1_0.updated_at,
        u1_0.user_name 
    from
        users u1_0 
    where
        u1_0.id=?
Hibernate: 
    select
        n1_0.id,
        n1_0.created_at,
        n1_0.is_read,
        n1_0.message,
        n1_0.type,
        n1_0.updated_at,
        n1_0.user_id 
    from
        notification n1_0 
    where
        n1_0.user_id=? 
        and n1_0.is_read=? 
    order by
        n1_0.created_at desc
Hibernate: 
    select
        u1_0.id,
        u1_0.created_at,
        u1_0.email,
        u1_0.enabled,
        u1_0.name,
        u1_0.password,
        u1_0.role,
        u1_0.updated_at,
        u1_0.user_name 
    from
        users u1_0 
    where
        u1_0.id=?
Hibernate: 
    select
        n1_0.id,
        n1_0.created_at,
        n1_0.is_read,
        n1_0.message,
        n1_0.type,
        n1_0.updated_at,
        n1_0.user_id 
    from
        notification n1_0 
    where
        n1_0.user_id=? 
        and n1_0.is_read=? 
    order by
        n1_0.created_at desc
Hibernate: 
    select
        u1_0.id,
        u1_0.created_at,
        u1_0.email,
        u1_0.enabled,
        u1_0.name,
        u1_0.password,
        u1_0.role,
        u1_0.updated_at,
        u1_0.user_name 
    from
        users u1_0 
    where
        u1_0.id=?
Hibernate: 
    select
        n1_0.id,
        n1_0.created_at,
        n1_0.is_read,
        n1_0.message,
        n1_0.type,
        n1_0.updated_at,
        n1_0.user_id 
    from
        notification n1_0 
    where
        n1_0.user_id=? 
        and n1_0.is_read=? 
    order by
        n1_0.created_at desc
Hibernate: 
    select
        u1_0.id,
        u1_0.created_at,
        u1_0.email,
        u1_0.enabled,
        u1_0.name,
        u1_0.password,
        u1_0.role,
        u1_0.updated_at,
        u1_0.user_name 
    from
        users u1_0 
    where
        u1_0.id=?
Hibernate: 
    select
        n1_0.id,
        n1_0.created_at,
        n1_0.is_read,
        n1_0.message,
        n1_0.type,
        n1_0.updated_at,
        n1_0.user_id 
    from
        notification n1_0 
    where
        n1_0.user_id=? 
        and n1_0.is_read=? 
    order by
        n1_0.created_at desc
Hibernate: 
    select
        u1_0.id,
        u1_0.created_at,
        u1_0.email,
        u1_0.enabled,
        u1_0.name,
        u1_0.password,
        u1_0.role,
        u1_0.updated_at,
        u1_0.user_name 
    from
        users u1_0 
    where
        u1_0.id=?
Hibernate: 
    select
        n1_0.id,
        n1_0.created_at,
        n1_0.is_read,
        n1_0.message,
        n1_0.type,
        n1_0.updated_at,
        n1_0.user_id 
    from
        notification n1_0 
    where
        n1_0.user_id=? 
        and n1_0.is_read=? 
    order by
        n1_0.created_at desc
Hibernate: 
    select
        u1_0.id,
        u1_0.created_at,
        u1_0.email,
        u1_0.enabled,
        u1_0.name,
        u1_0.password,
        u1_0.role,
        u1_0.updated_at,
        u1_0.user_name 
    from
        users u1_0 
    where
        u1_0.id=?
Hibernate: 
    select
        n1_0.id,
        n1_0.created_at,
        n1_0.is_read,
        n1_0.message,
        n1_0.type,
        n1_0.updated_at,
        n1_0.user_id 
    from
        notification n1_0 
    where
        n1_0.user_id=? 
        and n1_0.is_read=? 
    order by
        n1_0.created_at desc
Hibernate: 
    select
        u1_0.id,
        u1_0.created_at,
        u1_0.email,
        u1_0.enabled,
        u1_0.name,
        u1_0.password,
        u1_0.role,
        u1_0.updated_at,
        u1_0.user_name 
    from
        users u1_0 
    where
        u1_0.id=?
Hibernate: 
    select
        n1_0.id,
        n1_0.created_at,
        n1_0.is_read,
        n1_0.message,
        n1_0.type,
        n1_0.updated_at,
        n1_0.user_id 
    from
        notification n1_0 
    where
        n1_0.user_id=? 
        and n1_0.is_read=? 
    order by
        n1_0.created_at desc
Hibernate: 
    select
        u1_0.id,
        u1_0.created_at,
        u1_0.email,
        u1_0.enabled,
        u1_0.name,
        u1_0.password,
        u1_0.role,
        u1_0.updated_at,
        u1_0.user_name 
    from
        users u1_0 
    where
        u1_0.id=?
Hibernate: 
    select
        n1_0.id,
        n1_0.created_at,
        n1_0.is_read,
        n1_0.message,
        n1_0.type,
        n1_0.updated_at,
        n1_0.user_id 
    from
        notification n1_0 
    where
        n1_0.user_id=? 
        and n1_0.is_read=? 
    order by
        n1_0.created_at desc
Hibernate: 
    SELECT
        * 
    FROM
        users 
    WHERE
        email = ?
Hibernate: 
    select
        u1_0.id,
        u1_0.created_at,
        u1_0.email,
        u1_0.enabled,
        u1_0.name,
        u1_0.password,
        u1_0.role,
        u1_0.updated_at,
        u1_0.user_name 
    from
        users u1_0 
    where
        u1_0.id=?
Hibernate: 
    select
        n1_0.id,
        n1_0.created_at,
        n1_0.is_read,
        n1_0.message,
        n1_0.type,
        n1_0.updated_at,
        n1_0.user_id 
    from
        notification n1_0 
    where
        n1_0.user_id=? 
        and n1_0.is_read=? 
    order by
        n1_0.created_at desc
Hibernate: 
    select
        j1_0.id,
        j1_0.assigned_freelancer_id,
        j1_0.budget,
        j1_0.budget_max,
        j1_0.budget_min,
        j1_0.budget_type,
        j1_0.client_id,
        j1_0.created_at,
        j1_0.description,
        j1_0.duration,
        j1_0.status,
        j1_0.title,
        j1_0.updated_at,
        j1_0.visibility 
    from
        job j1_0 
    where
        j1_0.status=?
Hibernate: 
    select
        u1_0.id,
        u1_0.created_at,
        u1_0.email,
        u1_0.enabled,
        u1_0.name,
        u1_0.password,
        u1_0.role,
        u1_0.updated_at,
        u1_0.user_name 
    from
        users u1_0 
    where
        u1_0.id=?
Hibernate: 
    select
        n1_0.id,
        n1_0.created_at,
        n1_0.is_read,
        n1_0.message,
        n1_0.type,
        n1_0.updated_at,
        n1_0.user_id 
    from
        notification n1_0 
    where
        n1_0.user_id=? 
        and n1_0.is_read=? 
    order by
        n1_0.created_at desc
Hibernate: 
    select
        s1_0.job_id,
        s1_0.skills 
    from
        job_skills s1_0 
    where
        s1_0.job_id=?
Hibernate: 
    select
        s1_0.job_id,
        s1_0.skills 
    from
        job_skills s1_0 
    where
        s1_0.job_id=?
Hibernate: 
    select
        s1_0.job_id,
        s1_0.skills 
    from
        job_skills s1_0 
    where
        s1_0.job_id=?
Hibernate: 
    select
        s1_0.job_id,
        s1_0.skills 
    from
        job_skills s1_0 
    where
        s1_0.job_id=?
Hibernate: 
    select
        s1_0.job_id,
        s1_0.skills 
    from
        job_skills s1_0 
    where
        s1_0.job_id=?
Hibernate: 
    select
        j1_0.id,
        j1_0.assigned_freelancer_id,
        j1_0.budget,
        j1_0.budget_max,
        j1_0.budget_min,
        j1_0.budget_type,
        j1_0.client_id,
        j1_0.created_at,
        j1_0.description,
        j1_0.duration,
        j1_0.status,
        j1_0.title,
        j1_0.updated_at,
        j1_0.visibility 
    from
        job j1_0 
    where
        j1_0.status=?
Hibernate: 
    select
        s1_0.job_id,
        s1_0.skills 
    from
        job_skills s1_0 
    where
        s1_0.job_id=?
Hibernate: 
    select
        s1_0.job_id,
        s1_0.skills 
    from
        job_skills s1_0 
    where
        s1_0.job_id=?
Hibernate: 
    select
        s1_0.job_id,
        s1_0.skills 
    from
        job_skills s1_0 
    where
        s1_0.job_id=?
Hibernate: 
    select
        s1_0.job_id,
        s1_0.skills 
    from
        job_skills s1_0 
    where
        s1_0.job_id=?
Hibernate: 
    select
        p1_0.id,
        p1_0.bid_amount,
        p1_0.created_at,
        p1_0.freelancer_id,
        p1_0.job_id,
        p1_0.message,
        p1_0.status,
        p1_0.updated_at 
    from
        proposal p1_0 
    where
        p1_0.freelancer_id=?
Hibernate: 
    select
        s1_0.job_id,
        s1_0.skills 
    from
        job_skills s1_0 
    where
        s1_0.job_id=?
Hibernate: 
    select
        p1_0.id,
        p1_0.bid_amount,
        p1_0.created_at,
        p1_0.freelancer_id,
        p1_0.job_id,
        p1_0.message,
        p1_0.status,
        p1_0.updated_at 
    from
        proposal p1_0 
    where
        p1_0.freelancer_id=?
Hibernate: 
    select
        flp1_0.id,
        flp1_0.bio,
        flp1_0.created_at,
        flp1_0.experience,
        flp1_0.freelancer_id,
        flp1_0.hourly_rate,
        flp1_0.skills,
        flp1_0.title,
        flp1_0.updated_at 
    from
        free_lancer_profile flp1_0 
    where
        flp1_0.freelancer_id=?
Hibernate: 
    select
        flp1_0.id,
        flp1_0.bio,
        flp1_0.created_at,
        flp1_0.experience,
        flp1_0.freelancer_id,
        flp1_0.hourly_rate,
        flp1_0.skills,
        flp1_0.title,
        flp1_0.updated_at 
    from
        free_lancer_profile flp1_0 
    where
        flp1_0.freelancer_id=?
Hibernate: 
    select
        u1_0.id,
        u1_0.created_at,
        u1_0.email,
        u1_0.enabled,
        u1_0.name,
        u1_0.password,
        u1_0.role,
        u1_0.updated_at,
        u1_0.user_name 
    from
        users u1_0 
    where
        u1_0.id=?
Hibernate: 
    select
        n1_0.id,
        n1_0.created_at,
        n1_0.is_read,
        n1_0.message,
        n1_0.type,
        n1_0.updated_at,
        n1_0.user_id 
    from
        notification n1_0 
    where
        n1_0.user_id=? 
        and n1_0.is_read=? 
    order by
        n1_0.created_at desc
Hibernate: 
    select
        u1_0.id,
        u1_0.created_at,
        u1_0.email,
        u1_0.enabled,
        u1_0.name,
        u1_0.password,
        u1_0.role,
        u1_0.updated_at,
        u1_0.user_name 
    from
        users u1_0 
    where
        u1_0.id=?
Hibernate: 
    select
        n1_0.id,
        n1_0.created_at,
        n1_0.is_read,
        n1_0.message,
        n1_0.type,
        n1_0.updated_at,
        n1_0.user_id 
    from
        notification n1_0 
    where
        n1_0.user_id=? 
        and n1_0.is_read=? 
    order by
        n1_0.created_at desc
Hibernate: 
    select
        u1_0.id,
        u1_0.created_at,
        u1_0.email,
        u1_0.enabled,
        u1_0.name,
        u1_0.password,
        u1_0.role,
        u1_0.updated_at,
        u1_0.user_name 
    from
        users u1_0 
    where
        u1_0.id=?
Hibernate: 
    select
        n1_0.id,
        n1_0.created_at,
        n1_0.is_read,
        n1_0.message,
        n1_0.type,
        n1_0.updated_at,
        n1_0.user_id 
    from
        notification n1_0 
    where
        n1_0.user_id=? 
        and n1_0.is_read=? 
    order by
        n1_0.created_at desc
Hibernate: 
    select
        u1_0.id,
        u1_0.created_at,
        u1_0.email,
        u1_0.enabled,
        u1_0.name,
        u1_0.password,
        u1_0.role,
        u1_0.updated_at,
        u1_0.user_name 
    from
        users u1_0 
    where
        u1_0.id=?
Hibernate: 
    select
        n1_0.id,
        n1_0.created_at,
        n1_0.is_read,
        n1_0.message,
        n1_0.type,
        n1_0.updated_at,
        n1_0.user_id 
    from
        notification n1_0 
    where
        n1_0.user_id=? 
        and n1_0.is_read=? 
    order by
        n1_0.created_at desc
Hibernate: 
    select
        u1_0.id,
        u1_0.created_at,
        u1_0.email,
        u1_0.enabled,
        u1_0.name,
        u1_0.password,
        u1_0.role,
        u1_0.updated_at,
        u1_0.user_name 
    from
        users u1_0 
    where
        u1_0.id=?
Hibernate: 
    select
        n1_0.id,
        n1_0.created_at,
        n1_0.is_read,
        n1_0.message,
        n1_0.type,
        n1_0.updated_at,
        n1_0.user_id 
    from
        notification n1_0 
    where
        n1_0.user_id=? 
        and n1_0.is_read=? 
    order by
        n1_0.created_at desc
Hibernate: 
    select
        u1_0.id,
        u1_0.created_at,
        u1_0.email,
        u1_0.enabled,
        u1_0.name,
        u1_0.password,
        u1_0.role,
        u1_0.updated_at,
        u1_0.user_name 
    from
        users u1_0 
    where
        u1_0.id=?
Hibernate: 
    select
        n1_0.id,
        n1_0.created_at,
        n1_0.is_read,
        n1_0.message,
        n1_0.type,
        n1_0.updated_at,
        n1_0.user_id 
    from
        notification n1_0 
    where
        n1_0.user_id=? 
        and n1_0.is_read=? 
    order by
        n1_0.created_at desc
Hibernate: 
    select
        u1_0.id,
        u1_0.created_at,
        u1_0.email,
        u1_0.enabled,
        u1_0.name,
        u1_0.password,
        u1_0.role,
        u1_0.updated_at,
        u1_0.user_name 
    from
        users u1_0 
    where
        u1_0.id=?
Hibernate: 
    select
        n1_0.id,
        n1_0.created_at,
        n1_0.is_read,
        n1_0.message,
        n1_0.type,
        n1_0.updated_at,
        n1_0.user_id 
    from
        notification n1_0 
    where
        n1_0.user_id=? 
        and n1_0.is_read=? 
    order by
        n1_0.created_at desc
Hibernate: 
    select
        u1_0.id,
        u1_0.created_at,
        u1_0.email,
        u1_0.enabled,
        u1_0.name,
        u1_0.password,
        u1_0.role,
        u1_0.updated_at,
        u1_0.user_name 
    from
        users u1_0 
    where
        u1_0.id=?
Hibernate: 
    select
        flp1_0.id,
        flp1_0.bio,
        flp1_0.created_at,
        flp1_0.experience,
        flp1_0.freelancer_id,
        flp1_0.hourly_rate,
        flp1_0.skills,
        flp1_0.title,
        flp1_0.updated_at 
    from
        free_lancer_profile flp1_0 
    where
        flp1_0.freelancer_id=?
Hibernate: 
    insert 
    into
        free_lancer_profile
        (bio, created_at, experience, freelancer_id, hourly_rate, skills, title, updated_at) 
    values
        (?, ?, ?, ?, ?, ?, ?, ?)
Hibernate: 
    select
        u1_0.id,
        u1_0.created_at,
        u1_0.email,
        u1_0.enabled,
        u1_0.name,
        u1_0.password,
        u1_0.role,
        u1_0.updated_at,
        u1_0.user_name 
    from
        users u1_0 
    where
        u1_0.id=?
Hibernate: 
    select
        n1_0.id,
        n1_0.created_at,
        n1_0.is_read,
        n1_0.message,
        n1_0.type,
        n1_0.updated_at,
        n1_0.user_id 
    from
        notification n1_0 
    where
        n1_0.user_id=? 
        and n1_0.is_read=? 
    order by
        n1_0.created_at desc
Hibernate: 
    select
        u1_0.id,
        u1_0.created_at,
        u1_0.email,
        u1_0.enabled,
        u1_0.name,
        u1_0.password,
        u1_0.role,
        u1_0.updated_at,
        u1_0.user_name 
    from
        users u1_0 
    where
        u1_0.id=?
Hibernate: 
    select
        n1_0.id,
        n1_0.created_at,
        n1_0.is_read,
        n1_0.message,
        n1_0.type,
        n1_0.updated_at,
        n1_0.user_id 
    from
        notification n1_0 
    where
        n1_0.user_id=? 
        and n1_0.is_read=? 
    order by
        n1_0.created_at desc
Hibernate: 
    select
        u1_0.id,
        u1_0.created_at,
        u1_0.email,
        u1_0.enabled,
        u1_0.name,
        u1_0.password,
        u1_0.role,
        u1_0.updated_at,
        u1_0.user_name 
    from
        users u1_0 
    where
        u1_0.id=?
Hibernate: 
    select
        n1_0.id,
        n1_0.created_at,
        n1_0.is_read,
        n1_0.message,
        n1_0.type,
        n1_0.updated_at,
        n1_0.user_id 
    from
        notification n1_0 
    where
        n1_0.user_id=? 
        and n1_0.is_read=? 
    order by
        n1_0.created_at desc
Hibernate: 
    select
        u1_0.id,
        u1_0.created_at,
        u1_0.email,
        u1_0.enabled,
        u1_0.name,
        u1_0.password,
        u1_0.role,
        u1_0.updated_at,
        u1_0.user_name 
    from
        users u1_0 
    where
        u1_0.id=?
Hibernate: 
    select
        n1_0.id,
        n1_0.created_at,
        n1_0.is_read,
        n1_0.message,
        n1_0.type,
        n1_0.updated_at,
        n1_0.user_id 
    from
        notification n1_0 
    where
        n1_0.user_id=? 
        and n1_0.is_read=? 
    order by
        n1_0.created_at desc
Hibernate: 
    select
        u1_0.id,
        u1_0.created_at,
        u1_0.email,
        u1_0.enabled,
        u1_0.name,
        u1_0.password,
        u1_0.role,
        u1_0.updated_at,
        u1_0.user_name 
    from
        users u1_0 
    where
        u1_0.id=?
Hibernate: 
    select
        n1_0.id,
        n1_0.created_at,
        n1_0.is_read,
        n1_0.message,
        n1_0.type,
        n1_0.updated_at,
        n1_0.user_id 
    from
        notification n1_0 
    where
        n1_0.user_id=? 
        and n1_0.is_read=? 
    order by
        n1_0.created_at desc
Hibernate: 
    select
        u1_0.id,
        u1_0.created_at,
        u1_0.email,
        u1_0.enabled,
        u1_0.name,
        u1_0.password,
        u1_0.role,
        u1_0.updated_at,
        u1_0.user_name 
    from
        users u1_0 
    where
        u1_0.id=?
Hibernate: 
    select
        n1_0.id,
        n1_0.created_at,
        n1_0.is_read,
        n1_0.message,
        n1_0.type,
        n1_0.updated_at,
        n1_0.user_id 
    from
        notification n1_0 
    where
        n1_0.user_id=? 
        and n1_0.is_read=? 
    order by
        n1_0.created_at desc
Hibernate: 
    select
        u1_0.id,
        u1_0.created_at,
        u1_0.email,
        u1_0.enabled,
        u1_0.name,
        u1_0.password,
        u1_0.role,
        u1_0.updated_at,
        u1_0.user_name 
    from
        users u1_0 
    where
        u1_0.id=?
Hibernate: 
    select
        n1_0.id,
        n1_0.created_at,
        n1_0.is_read,
        n1_0.message,
        n1_0.type,
        n1_0.updated_at,
        n1_0.user_id 
    from
        notification n1_0 
    where
        n1_0.user_id=? 
        and n1_0.is_read=? 
    order by
        n1_0.created_at desc
Hibernate: 
    select
        j1_0.id,
        j1_0.assigned_freelancer_id,
        j1_0.budget,
        j1_0.budget_max,
        j1_0.budget_min,
        j1_0.budget_type,
        j1_0.client_id,
        j1_0.created_at,
        j1_0.description,
        j1_0.duration,
        j1_0.status,
        j1_0.title,
        j1_0.updated_at,
        j1_0.visibility 
    from
        job j1_0 
    where
        j1_0.status=?
Hibernate: 
    select
        u1_0.id,
        u1_0.created_at,
        u1_0.email,
        u1_0.enabled,
        u1_0.name,
        u1_0.password,
        u1_0.role,
        u1_0.updated_at,
        u1_0.user_name 
    from
        users u1_0 
    where
        u1_0.id=?
Hibernate: 
    select
        n1_0.id,
        n1_0.created_at,
        n1_0.is_read,
        n1_0.message,
        n1_0.type,
        n1_0.updated_at,
        n1_0.user_id 
    from
        notification n1_0 
    where
        n1_0.user_id=? 
        and n1_0.is_read=? 
    order by
        n1_0.created_at desc
Hibernate: 
    select
        s1_0.job_id,
        s1_0.skills 
    from
        job_skills s1_0 
    where
        s1_0.job_id=?
Hibernate: 
    select
        s1_0.job_id,
        s1_0.skills 
    from
        job_skills s1_0 
    where
        s1_0.job_id=?
Hibernate: 
    select
        s1_0.job_id,
        s1_0.skills 
    from
        job_skills s1_0 
    where
        s1_0.job_id=?
Hibernate: 
    select
        s1_0.job_id,
        s1_0.skills 
    from
        job_skills s1_0 
    where
        s1_0.job_id=?
Hibernate: 
    select
        s1_0.job_id,
        s1_0.skills 
    from
        job_skills s1_0 
    where
        s1_0.job_id=?
Hibernate: 
    select
        j1_0.id,
        j1_0.assigned_freelancer_id,
        j1_0.budget,
        j1_0.budget_max,
        j1_0.budget_min,
        j1_0.budget_type,
        j1_0.client_id,
        j1_0.created_at,
        j1_0.description,
        j1_0.duration,
        j1_0.status,
        j1_0.title,
        j1_0.updated_at,
        j1_0.visibility 
    from
        job j1_0 
    where
        j1_0.status=?
Hibernate: 
    select
        s1_0.job_id,
        s1_0.skills 
    from
        job_skills s1_0 
    where
        s1_0.job_id=?
Hibernate: 
    select
        s1_0.job_id,
        s1_0.skills 
    from
        job_skills s1_0 
    where
        s1_0.job_id=?
Hibernate: 
    select
        p1_0.id,
        p1_0.bid_amount,
        p1_0.created_at,
        p1_0.freelancer_id,
        p1_0.job_id,
        p1_0.message,
        p1_0.status,
        p1_0.updated_at 
    from
        proposal p1_0 
    where
        p1_0.freelancer_id=?
Hibernate: 
    select
        s1_0.job_id,
        s1_0.skills 
    from
        job_skills s1_0 
    where
        s1_0.job_id=?
Hibernate: 
    select
        s1_0.job_id,
        s1_0.skills 
    from
        job_skills s1_0 
    where
        s1_0.job_id=?
Hibernate: 
    select
        s1_0.job_id,
        s1_0.skills 
    from
        job_skills s1_0 
    where
        s1_0.job_id=?
2026-01-27T23:40:43.961+05:30  WARN 40384 --- [freelancehub] [nio-8080-exec-5] org.hibernate.orm.jdbc.error             : HHH000247: ErrorCode: 1226, SQLState: 42000
2026-01-27T23:40:43.961+05:30  WARN 40384 --- [freelancehub] [nio-8080-exec-1] org.hibernate.orm.jdbc.error             : HHH000247: ErrorCode: 1226, SQLState: 42000
2026-01-27T23:40:43.970+05:30  WARN 40384 --- [freelancehub] [nio-8080-exec-5] org.hibernate.orm.jdbc.error             : User 'root' has exceeded the 'max_questions' resource (current value: 1000)
2026-01-27T23:40:43.970+05:30  WARN 40384 --- [freelancehub] [nio-8080-exec-1] org.hibernate.orm.jdbc.error             : User 'root' has exceeded the 'max_questions' resource (current value: 1000)
org.springframework.http.converter.HttpMessageNotWritableException: Could not write JSON: JDBC exception executing SQL [User 'root' has exceeded the 'max_questions' resource (current value: 1000)] [select s1_0.job_id,s1_0.skills from job_skills s1_0 where s1_0.job_id=?]
	at org.springframework.http.converter.AbstractJacksonHttpMessageConverter.writeInternal(AbstractJacksonHttpMessageConverter.java:443)
	at org.springframework.http.converter.AbstractSmartHttpMessageConverter.write(AbstractSmartHttpMessageConverter.java:117)
	at org.springframework.web.servlet.mvc.method.annotation.AbstractMessageConverterMethodProcessor.writeWithMessageConverters(AbstractMessageConverterMethodProcessor.java:343)
	at org.springframework.web.servlet.mvc.method.annotation.RequestResponseBodyMethodProcessor.handleReturnValue(RequestResponseBodyMethodProcessor.java:207)
	at org.springframework.web.method.support.HandlerMethodReturnValueHandlerComposite.handleReturnValue(HandlerMethodReturnValueHandlerComposite.java:78)
	at org.springframework.web.servlet.mvc.method.annotation.ServletInvocableHandlerMethod.invokeAndHandle(ServletInvocableHandlerMethod.java:135)
	at org.springframework.web.servlet.mvc.method.annotation.RequestMappingHandlerAdapter.invokeHandlerMethod(RequestMappingHandlerAdapter.java:934)
	at org.springframework.web.servlet.mvc.method.annotation.RequestMappingHandlerAdapter.handleInternal(RequestMappingHandlerAdapter.java:853)
	at org.springframework.web.servlet.mvc.method.AbstractHandlerMethodAdapter.handle(AbstractHandlerMethodAdapter.java:86)
	at org.springframework.web.servlet.DispatcherServlet.doDispatch(DispatcherServlet.java:963)
	at org.springframework.web.servlet.DispatcherServlet.doService(DispatcherServlet.java:866)
	at org.springframework.web.servlet.FrameworkServlet.processRequest(FrameworkServlet.java:1003)
	at org.springframework.web.servlet.FrameworkServlet.doGet(FrameworkServlet.java:892)
	at jakarta.servlet.http.HttpServlet.service(HttpServlet.java:622)
	at org.springframework.web.servlet.FrameworkServlet.service(FrameworkServlet.java:874)
	at jakarta.servlet.http.HttpServlet.service(HttpServlet.java:710)
	at org.apache.catalina.core.ApplicationFilterChain.doFilter(ApplicationFilterChain.java:128)
	at org.apache.tomcat.websocket.server.WsFilter.doFilter(WsFilter.java:53)
	at org.apache.catalina.core.ApplicationFilterChain.doFilter(ApplicationFilterChain.java:107)
	at org.springframework.web.filter.RequestContextFilter.doFilterInternal(RequestContextFilter.java:100)
	at org.springframework.web.filter.OncePerRequestFilter.doFilter(OncePerRequestFilter.java:116)
	at org.apache.catalina.core.ApplicationFilterChain.doFilter(ApplicationFilterChain.java:107)
	at org.springframework.web.filter.FormContentFilter.doFilterInternal(FormContentFilter.java:93)
	at org.springframework.web.filter.OncePerRequestFilter.doFilter(OncePerRequestFilter.java:116)
	at org.apache.catalina.core.ApplicationFilterChain.doFilter(ApplicationFilterChain.java:107)
	at org.springframework.web.filter.CharacterEncodingFilter.doFilterInternal(CharacterEncodingFilter.java:199)
	at org.springframework.web.filter.OncePerRequestFilter.doFilter(OncePerRequestFilter.java:116)
	at org.apache.catalina.core.ApplicationFilterChain.doFilter(ApplicationFilterChain.java:107)
	at org.apache.catalina.core.StandardWrapperValve.invoke(StandardWrapperValve.java:165)
	at org.apache.catalina.core.StandardContextValve.invoke(StandardContextValve.java:77)
	at org.apache.catalina.authenticator.AuthenticatorBase.invoke(AuthenticatorBase.java:482)
	at org.apache.catalina.core.StandardHostValve.invoke(StandardHostValve.java:113)
	at org.apache.catalina.valves.ErrorReportValve.invoke(ErrorReportValve.java:83)
	at org.apache.catalina.core.StandardEngineValve.invoke(StandardEngineValve.java:72)
	at org.apache.catalina.connector.CoyoteAdapter.service(CoyoteAdapter.java:341)
	at org.apache.coyote.http11.Http11Processor.service(Http11Processor.java:397)
	at org.apache.coyote.AbstractProcessorLight.process(AbstractProcessorLight.java:63)
	at org.apache.coyote.AbstractProtocol$ConnectionHandler.process(AbstractProtocol.java:903)
	at org.apache.tomcat.util.net.NioEndpoint$SocketProcessor.doRun(NioEndpoint.java:1778)
	at org.apache.tomcat.util.net.SocketProcessorBase.run(SocketProcessorBase.java:52)
	at org.apache.tomcat.util.threads.ThreadPoolExecutor.runWorker(ThreadPoolExecutor.java:946)
	at org.apache.tomcat.util.threads.ThreadPoolExecutor$Worker.run(ThreadPoolExecutor.java:480)
	at org.apache.tomcat.util.threads.TaskThread$WrappingRunnable.run(TaskThread.java:57)
	at java.base/java.lang.Thread.run(Thread.java:1583)
Caused by: tools.jackson.databind.DatabindException: JDBC exception executing SQL [User 'root' has exceeded the 'max_questions' resource (current value: 1000)] [select s1_0.job_id,s1_0.skills from job_skills s1_0 where s1_0.job_id=?]
 at [No location information] (through reference chain: java.util.ImmutableCollections$ListN[4]->com.FreeLanceHub.Dto.JobDto["skills"])
	at tools.jackson.databind.DatabindException.wrapWithPath(DatabindException.java:132)
	at tools.jackson.databind.ser.std.StdSerializer.wrapAndThrow(StdSerializer.java:275)
	at tools.jackson.databind.ser.bean.BeanSerializerBase._serializePropertiesNoView(BeanSerializerBase.java:771)
	at tools.jackson.databind.ser.BeanSerializer.serialize(BeanSerializer.java:171)
	at tools.jackson.databind.ser.jdk.CollectionSerializer.serializeContents(CollectionSerializer.java:144)
	at tools.jackson.databind.ser.jdk.CollectionSerializer.serialize(CollectionSerializer.java:105)
	at tools.jackson.databind.ser.jdk.CollectionSerializer.serialize(CollectionSerializer.java:25)
	at tools.jackson.databind.ser.SerializationContextExt._serialize(SerializationContextExt.java:456)
	at tools.jackson.databind.ser.SerializationContextExt.serializeValue(SerializationContextExt.java:387)
	at tools.jackson.databind.ObjectWriter$Prefetch.serialize(ObjectWriter.java:1361)
	at tools.jackson.databind.ObjectWriter.writeValue(ObjectWriter.java:973)
	at org.springframework.http.converter.AbstractJacksonHttpMessageConverter.writeInternal(AbstractJacksonHttpMessageConverter.java:435)
	... 43 more
2026-01-27T23:40:43.977+05:30 ERROR 40384 --- [freelancehub] [nio-8080-exec-5] o.s.orm.jpa.EntityManagerFactoryUtils    : Failed to release JPA EntityManager

org.hibernate.exception.SQLGrammarException: Unable to release JDBC Connection [User 'root' has exceeded the 'max_questions' resource (current value: 1000)] [n/a]
	at org.hibernate.exception.internal.SQLExceptionTypeDelegate.convert(SQLExceptionTypeDelegate.java:64) ~[hibernate-core-7.2.0.Final.jar:7.2.0.Final]
	at org.hibernate.exception.internal.StandardSQLExceptionConverter.convert(StandardSQLExceptionConverter.java:34) ~[hibernate-core-7.2.0.Final.jar:7.2.0.Final]
	at org.hibernate.engine.jdbc.spi.SqlExceptionHelper.convert(SqlExceptionHelper.java:115) ~[hibernate-core-7.2.0.Final.jar:7.2.0.Final]
	at org.hibernate.engine.jdbc.spi.SqlExceptionHelper.convert(SqlExceptionHelper.java:101) ~[hibernate-core-7.2.0.Final.jar:7.2.0.Final]
	at org.hibernate.resource.jdbc.internal.LogicalConnectionManagedImpl.release(LogicalConnectionManagedImpl.java:212) ~[hibernate-core-7.2.0.Final.jar:7.2.0.Final]
	at org.hibernate.resource.jdbc.internal.LogicalConnectionManagedImpl.releaseConnectionIfNeeded(LogicalConnectionManagedImpl.java:104) ~[hibernate-core-7.2.0.Final.jar:7.2.0.Final]
	at org.hibernate.resource.jdbc.internal.LogicalConnectionManagedImpl.close(LogicalConnectionManagedImpl.java:261) ~[hibernate-core-7.2.0.Final.jar:7.2.0.Final]
	at org.hibernate.engine.jdbc.internal.JdbcCoordinatorImpl.close(JdbcCoordinatorImpl.java:160) ~[hibernate-core-7.2.0.Final.jar:7.2.0.Final]
	at org.hibernate.internal.AbstractSharedSessionContract.close(AbstractSharedSessionContract.java:538) ~[hibernate-core-7.2.0.Final.jar:7.2.0.Final]
	at org.hibernate.internal.SessionImpl.closeWithoutOpenChecks(SessionImpl.java:389) ~[hibernate-core-7.2.0.Final.jar:7.2.0.Final]
	at org.hibernate.internal.SessionImpl.close(SessionImpl.java:371) ~[hibernate-core-7.2.0.Final.jar:7.2.0.Final]
	at java.base/jdk.internal.reflect.DirectMethodHandleAccessor.invoke(DirectMethodHandleAccessor.java:103) ~[na:na]
	at java.base/java.lang.reflect.Method.invoke(Method.java:580) ~[na:na]
	at org.springframework.orm.jpa.ExtendedEntityManagerCreator$ExtendedEntityManagerInvocationHandler.invoke(ExtendedEntityManagerCreator.java:362) ~[spring-orm-7.0.2.jar:7.0.2]
	at jdk.proxy2/jdk.proxy2.$Proxy137.close(Unknown Source) ~[na:na]
	at org.springframework.orm.jpa.EntityManagerFactoryUtils.closeEntityManager(EntityManagerFactoryUtils.java:418) ~[spring-orm-7.0.2.jar:7.0.2]
	at org.springframework.orm.jpa.support.OpenEntityManagerInViewInterceptor.afterCompletion(OpenEntityManagerInViewInterceptor.java:112) ~[spring-orm-7.0.2.jar:7.0.2]
	at org.springframework.web.servlet.handler.WebRequestHandlerInterceptorAdapter.afterCompletion(WebRequestHandlerInterceptorAdapter.java:73) ~[spring-webmvc-7.0.2.jar:7.0.2]
	at org.springframework.web.servlet.HandlerExecutionChain.triggerAfterCompletion(HandlerExecutionChain.java:175) ~[spring-webmvc-7.0.2.jar:7.0.2]
	at org.springframework.web.servlet.DispatcherServlet.processDispatchResult(DispatcherServlet.java:1060) ~[spring-webmvc-7.0.2.jar:7.0.2]
	at org.springframework.web.servlet.DispatcherServlet.doDispatch(DispatcherServlet.java:980) ~[spring-webmvc-7.0.2.jar:7.0.2]
	at org.springframework.web.servlet.DispatcherServlet.doService(DispatcherServlet.java:866) ~[spring-webmvc-7.0.2.jar:7.0.2]
	at org.springframework.web.servlet.FrameworkServlet.processRequest(FrameworkServlet.java:1003) ~[spring-webmvc-7.0.2.jar:7.0.2]
	at org.springframework.web.servlet.FrameworkServlet.doGet(FrameworkServlet.java:892) ~[spring-webmvc-7.0.2.jar:7.0.2]
	at jakarta.servlet.http.HttpServlet.service(HttpServlet.java:622) ~[tomcat-embed-core-11.0.15.jar:6.1]
	at org.springframework.web.servlet.FrameworkServlet.service(FrameworkServlet.java:874) ~[spring-webmvc-7.0.2.jar:7.0.2]
	at jakarta.servlet.http.HttpServlet.service(HttpServlet.java:710) ~[tomcat-embed-core-11.0.15.jar:6.1]
	at org.apache.catalina.core.ApplicationFilterChain.doFilter(ApplicationFilterChain.java:128) ~[tomcat-embed-core-11.0.15.jar:11.0.15]
	at org.apache.tomcat.websocket.server.WsFilter.doFilter(WsFilter.java:53) ~[tomcat-embed-websocket-11.0.15.jar:11.0.15]
	at org.apache.catalina.core.ApplicationFilterChain.doFilter(ApplicationFilterChain.java:107) ~[tomcat-embed-core-11.0.15.jar:11.0.15]
	at org.springframework.web.filter.RequestContextFilter.doFilterInternal(RequestContextFilter.java:100) ~[spring-web-7.0.2.jar:7.0.2]
	at org.springframework.web.filter.OncePerRequestFilter.doFilter(OncePerRequestFilter.java:116) ~[spring-web-7.0.2.jar:7.0.2]
	at org.apache.catalina.core.ApplicationFilterChain.doFilter(ApplicationFilterChain.java:107) ~[tomcat-embed-core-11.0.15.jar:11.0.15]
	at org.springframework.web.filter.FormContentFilter.doFilterInternal(FormContentFilter.java:93) ~[spring-web-7.0.2.jar:7.0.2]
	at org.springframework.web.filter.OncePerRequestFilter.doFilter(OncePerRequestFilter.java:116) ~[spring-web-7.0.2.jar:7.0.2]
	at org.apache.catalina.core.ApplicationFilterChain.doFilter(ApplicationFilterChain.java:107) ~[tomcat-embed-core-11.0.15.jar:11.0.15]
	at org.springframework.web.filter.CharacterEncodingFilter.doFilterInternal(CharacterEncodingFilter.java:199) ~[spring-web-7.0.2.jar:7.0.2]
	at org.springframework.web.filter.OncePerRequestFilter.doFilter(OncePerRequestFilter.java:116) ~[spring-web-7.0.2.jar:7.0.2]
	at org.apache.catalina.core.ApplicationFilterChain.doFilter(ApplicationFilterChain.java:107) ~[tomcat-embed-core-11.0.15.jar:11.0.15]
	at org.apache.catalina.core.StandardWrapperValve.invoke(StandardWrapperValve.java:165) ~[tomcat-embed-core-11.0.15.jar:11.0.15]
	at org.apache.catalina.core.StandardContextValve.invoke(StandardContextValve.java:77) ~[tomcat-embed-core-11.0.15.jar:11.0.15]
	at org.apache.catalina.authenticator.AuthenticatorBase.invoke(AuthenticatorBase.java:482) ~[tomcat-embed-core-11.0.15.jar:11.0.15]
	at org.apache.catalina.core.StandardHostValve.invoke(StandardHostValve.java:113) ~[tomcat-embed-core-11.0.15.jar:11.0.15]
	at org.apache.catalina.valves.ErrorReportValve.invoke(ErrorReportValve.java:83) ~[tomcat-embed-core-11.0.15.jar:11.0.15]
	at org.apache.catalina.core.StandardEngineValve.invoke(StandardEngineValve.java:72) ~[tomcat-embed-core-11.0.15.jar:11.0.15]
	at org.apache.catalina.connector.CoyoteAdapter.service(CoyoteAdapter.java:341) ~[tomcat-embed-core-11.0.15.jar:11.0.15]
	at org.apache.coyote.http11.Http11Processor.service(Http11Processor.java:397) ~[tomcat-embed-core-11.0.15.jar:11.0.15]
	at org.apache.coyote.AbstractProcessorLight.process(AbstractProcessorLight.java:63) ~[tomcat-embed-core-11.0.15.jar:11.0.15]
	at org.apache.coyote.AbstractProtocol$ConnectionHandler.process(AbstractProtocol.java:903) ~[tomcat-embed-core-11.0.15.jar:11.0.15]
	at org.apache.tomcat.util.net.NioEndpoint$SocketProcessor.doRun(NioEndpoint.java:1778) ~[tomcat-embed-core-11.0.15.jar:11.0.15]
	at org.apache.tomcat.util.net.SocketProcessorBase.run(SocketProcessorBase.java:52) ~[tomcat-embed-core-11.0.15.jar:11.0.15]
	at org.apache.tomcat.util.threads.ThreadPoolExecutor.runWorker(ThreadPoolExecutor.java:946) ~[tomcat-embed-core-11.0.15.jar:11.0.15]
	at org.apache.tomcat.util.threads.ThreadPoolExecutor$Worker.run(ThreadPoolExecutor.java:480) ~[tomcat-embed-core-11.0.15.jar:11.0.15]
	at org.apache.tomcat.util.threads.TaskThread$WrappingRunnable.run(TaskThread.java:57) ~[tomcat-embed-core-11.0.15.jar:11.0.15]
	at java.base/java.lang.Thread.run(Thread.java:1583) ~[na:na]
Caused by: java.sql.SQLSyntaxErrorException: User 'root' has exceeded the 'max_questions' resource (current value: 1000)
	at com.mysql.cj.jdbc.exceptions.SQLError.createSQLException(SQLError.java:112) ~[mysql-connector-j-9.5.0.jar:9.5.0]
	at com.mysql.cj.jdbc.ConnectionImpl.setAutoCommit(ConnectionImpl.java:2129) ~[mysql-connector-j-9.5.0.jar:9.5.0]
	at com.zaxxer.hikari.pool.PoolBase.resetConnectionState(PoolBase.java:223) ~[HikariCP-7.0.2.jar:na]
	at com.zaxxer.hikari.pool.PoolEntry.resetConnectionState(PoolEntry.java:106) ~[HikariCP-7.0.2.jar:na]
	at com.zaxxer.hikari.pool.ProxyConnection.close(ProxyConnection.java:255) ~[HikariCP-7.0.2.jar:na]
	at org.hibernate.engine.jdbc.connections.internal.DataSourceConnectionProvider.closeConnection(DataSourceConnectionProvider.java:142) ~[hibernate-core-7.2.0.Final.jar:7.2.0.Final]
	at org.hibernate.internal.NonContextualJdbcConnectionAccess.releaseConnection(NonContextualJdbcConnectionAccess.java:65) ~[hibernate-core-7.2.0.Final.jar:7.2.0.Final]
	at org.hibernate.resource.jdbc.internal.LogicalConnectionManagedImpl.release(LogicalConnectionManagedImpl.java:208) ~[hibernate-core-7.2.0.Final.jar:7.2.0.Final]
	... 50 common frames omitted
Caused by: com.mysql.cj.exceptions.CJException: User 'root' has exceeded the 'max_questions' resource (current value: 1000)
	at java.base/jdk.internal.reflect.DirectConstructorHandleAccessor.newInstance(DirectConstructorHandleAccessor.java:62) ~[na:na]
	at java.base/java.lang.reflect.Constructor.newInstanceWithCaller(Constructor.java:502) ~[na:na]
	at java.base/java.lang.reflect.Constructor.newInstance(Constructor.java:486) ~[na:na]
	at com.mysql.cj.exceptions.ExceptionFactory.createException(ExceptionFactory.java:52) ~[mysql-connector-j-9.5.0.jar:9.5.0]
	at com.mysql.cj.exceptions.ExceptionFactory.createException(ExceptionFactory.java:95) ~[mysql-connector-j-9.5.0.jar:9.5.0]
	at com.mysql.cj.exceptions.ExceptionFactory.createException(ExceptionFactory.java:140) ~[mysql-connector-j-9.5.0.jar:9.5.0]
	at com.mysql.cj.exceptions.ExceptionFactory.createException(ExceptionFactory.java:118) ~[mysql-connector-j-9.5.0.jar:9.5.0]
	at com.mysql.cj.protocol.a.NativeProtocol.checkErrorMessage(NativeProtocol.java:854) ~[mysql-connector-j-9.5.0.jar:9.5.0]
	at com.mysql.cj.protocol.a.NativeProtocol.checkErrorMessage(NativeProtocol.java:777) ~[mysql-connector-j-9.5.0.jar:9.5.0]
	at com.mysql.cj.protocol.a.NativeProtocol.sendCommand(NativeProtocol.java:707) ~[mysql-connector-j-9.5.0.jar:9.5.0]
	at com.mysql.cj.protocol.a.NativeProtocol.sendQueryPacket(NativeProtocol.java:939) ~[mysql-connector-j-9.5.0.jar:9.5.0]
	at com.mysql.cj.NativeSession.execSQL(NativeSession.java:817) ~[mysql-connector-j-9.5.0.jar:9.5.0]
	at com.mysql.cj.jdbc.ConnectionImpl.setAutoCommit(ConnectionImpl.java:2114) ~[mysql-connector-j-9.5.0.jar:9.5.0]
	... 56 common frames omitted

Caused by: org.hibernate.exception.SQLGrammarException: JDBC exception executing SQL [User 'root' has exceeded the 'max_questions' resource (current value: 1000)] [select s1_0.job_id,s1_0.skills from job_skills s1_0 where s1_0.job_id=?]
	at org.hibernate.exception.internal.SQLExceptionTypeDelegate.convert(SQLExceptionTypeDelegate.java:64)
	at org.hibernate.exception.internal.StandardSQLExceptionConverter.convert(StandardSQLExceptionConverter.java:34)
	at org.hibernate.engine.jdbc.spi.SqlExceptionHelper.convert(SqlExceptionHelper.java:115)
	at org.hibernate.sql.results.jdbc.internal.DeferredResultSetAccess.executeQuery(DeferredResultSetAccess.java:290)
	at org.hibernate.sql.results.jdbc.internal.DeferredResultSetAccess.getResultSet(DeferredResultSetAccess.java:190)
	at org.hibernate.sql.results.jdbc.internal.JdbcValuesResultSetImpl.<init>(JdbcValuesResultSetImpl.java:71)
	at org.hibernate.sql.exec.internal.JdbcSelectExecutorStandardImpl.resolveJdbcValues(JdbcSelectExecutorStandardImpl.java:393)
	at org.hibernate.sql.exec.internal.JdbcSelectExecutorStandardImpl.resolveJdbcValuesSource(JdbcSelectExecutorStandardImpl.java:354)
	at org.hibernate.sql.exec.internal.JdbcSelectExecutorStandardImpl.doExecuteQuery(JdbcSelectExecutorStandardImpl.java:135)
	at org.hibernate.sql.exec.internal.JdbcSelectExecutorStandardImpl.executeQuery(JdbcSelectExecutorStandardImpl.java:100)
	at org.hibernate.sql.exec.spi.JdbcSelectExecutor.executeQuery(JdbcSelectExecutor.java:63)
	at org.hibernate.sql.exec.spi.JdbcSelectExecutor.list(JdbcSelectExecutor.java:137)
	at org.hibernate.sql.exec.spi.JdbcSelectExecutor.list(JdbcSelectExecutor.java:114)
	at org.hibernate.sql.exec.spi.JdbcSelectExecutor.list(JdbcSelectExecutor.java:104)
	at org.hibernate.loader.ast.internal.CollectionLoaderSingleKey.load(CollectionLoaderSingleKey.java:111)
	at org.hibernate.persister.collection.AbstractCollectionPersister.initialize(AbstractCollectionPersister.java:761)
	at org.hibernate.event.internal.DefaultInitializeCollectionEventListener.onInitializeCollection(DefaultInitializeCollectionEventListener.java:53)
	at org.hibernate.event.service.internal.EventListenerGroupImpl.fireEventOnEachListener(EventListenerGroupImpl.java:138)
	at org.hibernate.internal.SessionImpl.initializeCollection(SessionImpl.java:1781)
	at org.hibernate.collection.spi.AbstractPersistentCollection.lambda$initialize$0(AbstractPersistentCollection.java:624)
	at org.hibernate.collection.spi.AbstractPersistentCollection.withTemporarySessionIfNeeded(AbstractPersistentCollection.java:279)
	at org.hibernate.collection.spi.AbstractPersistentCollection.initialize(AbstractPersistentCollection.java:622)
	at org.hibernate.collection.spi.AbstractPersistentCollection.read(AbstractPersistentCollection.java:144)
	at org.hibernate.collection.spi.AbstractPersistentCollection.lambda$readSize$0(AbstractPersistentCollection.java:177)
	at org.hibernate.collection.spi.AbstractPersistentCollection.withTemporarySessionIfNeeded(AbstractPersistentCollection.java:279)
	at org.hibernate.collection.spi.AbstractPersistentCollection.readSize(AbstractPersistentCollection.java:161)
	at org.hibernate.collection.spi.PersistentBag.size(PersistentBag.java:403)
	at tools.jackson.databind.ser.jdk.StringCollectionSerializer.serialize(StringCollectionSerializer.java:67)
	at tools.jackson.databind.ser.jdk.StringCollectionSerializer.serialize(StringCollectionSerializer.java:20)
	at tools.jackson.databind.ser.BeanPropertyWriter.serializeAsProperty(BeanPropertyWriter.java:608)
	at tools.jackson.databind.ser.bean.BeanSerializerBase._serializePropertiesNoView(BeanSerializerBase.java:751)
	... 52 more
Caused by: java.sql.SQLSyntaxErrorException: User 'root' has exceeded the 'max_questions' resource (current value: 1000)
	at com.mysql.cj.jdbc.exceptions.SQLError.createSQLException(SQLError.java:112)
	at com.mysql.cj.jdbc.exceptions.SQLExceptionsMapping.translateException(SQLExceptionsMapping.java:114)
	at com.mysql.cj.jdbc.ClientPreparedStatement.executeInternal(ClientPreparedStatement.java:988)
	at com.mysql.cj.jdbc.ClientPreparedStatement.executeQuery(ClientPreparedStatement.java:1056)
	at com.zaxxer.hikari.pool.ProxyPreparedStatement.executeQuery(ProxyPreparedStatement.java:52)
	at com.zaxxer.hikari.pool.HikariProxyPreparedStatement.executeQuery(HikariProxyPreparedStatement.java)
	at org.hibernate.sql.results.jdbc.internal.DeferredResultSetAccess.executeQuery(DeferredResultSetAccess.java:271)
	... 79 more
org.springframework.transaction.CannotCreateTransactionException: Could not open JPA EntityManager for transaction
	at org.springframework.orm.jpa.JpaTransactionManager.doBegin(JpaTransactionManager.java:457)
	at org.springframework.transaction.support.AbstractPlatformTransactionManager.startTransaction(AbstractPlatformTransactionManager.java:532)
	at org.springframework.transaction.support.AbstractPlatformTransactionManager.getTransaction(AbstractPlatformTransactionManager.java:405)
	at org.springframework.transaction.interceptor.TransactionAspectSupport.createTransactionIfNecessary(TransactionAspectSupport.java:625)
	at org.springframework.transaction.interceptor.TransactionAspectSupport.invokeWithinTransaction(TransactionAspectSupport.java:364)
	at org.springframework.transaction.interceptor.TransactionInterceptor.invoke(TransactionInterceptor.java:118)
	at org.springframework.aop.framework.ReflectiveMethodInvocation.proceed(ReflectiveMethodInvocation.java:179)
	at org.springframework.aop.framework.CglibAopProxy$DynamicAdvisedInterceptor.intercept(CglibAopProxy.java:719)
	at com.FreeLanceHub.ServiceImpl.NotificationServiceImpl$$SpringCGLIB$$0.getUnreadNotifications(<generated>)
	at com.FreeLanceHub.controller.NotificationController.getUnreadNotifications(NotificationController.java:25)
	at java.base/jdk.internal.reflect.DirectMethodHandleAccessor.invoke(DirectMethodHandleAccessor.java:103)
	at java.base/java.lang.reflect.Method.invoke(Method.java:580)
	at org.springframework.web.method.support.InvocableHandlerMethod.doInvoke(InvocableHandlerMethod.java:258)
	at org.springframework.web.method.support.InvocableHandlerMethod.invokeForRequest(InvocableHandlerMethod.java:190)
	at org.springframework.web.servlet.mvc.method.annotation.ServletInvocableHandlerMethod.invokeAndHandle(ServletInvocableHandlerMethod.java:117)
	at org.springframework.web.servlet.mvc.method.annotation.RequestMappingHandlerAdapter.invokeHandlerMethod(RequestMappingHandlerAdapter.java:934)
	at org.springframework.web.servlet.mvc.method.annotation.RequestMappingHandlerAdapter.handleInternal(RequestMappingHandlerAdapter.java:853)
	at org.springframework.web.servlet.mvc.method.AbstractHandlerMethodAdapter.handle(AbstractHandlerMethodAdapter.java:86)
	at org.springframework.web.servlet.DispatcherServlet.doDispatch(DispatcherServlet.java:963)
	at org.springframework.web.servlet.DispatcherServlet.doService(DispatcherServlet.java:866)
	at org.springframework.web.servlet.FrameworkServlet.processRequest(FrameworkServlet.java:1003)
	at org.springframework.web.servlet.FrameworkServlet.doGet(FrameworkServlet.java:892)
	at jakarta.servlet.http.HttpServlet.service(HttpServlet.java:622)
	at org.springframework.web.servlet.FrameworkServlet.service(FrameworkServlet.java:874)
	at jakarta.servlet.http.HttpServlet.service(HttpServlet.java:710)
	at org.apache.catalina.core.ApplicationFilterChain.doFilter(ApplicationFilterChain.java:128)
	at org.apache.tomcat.websocket.server.WsFilter.doFilter(WsFilter.java:53)
	at org.apache.catalina.core.ApplicationFilterChain.doFilter(ApplicationFilterChain.java:107)
	at org.springframework.web.filter.RequestContextFilter.doFilterInternal(RequestContextFilter.java:100)
	at org.springframework.web.filter.OncePerRequestFilter.doFilter(OncePerRequestFilter.java:116)
	at org.apache.catalina.core.ApplicationFilterChain.doFilter(ApplicationFilterChain.java:107)
	at org.springframework.web.filter.FormContentFilter.doFilterInternal(FormContentFilter.java:93)
	at org.springframework.web.filter.OncePerRequestFilter.doFilter(OncePerRequestFilter.java:116)
	at org.apache.catalina.core.ApplicationFilterChain.doFilter(ApplicationFilterChain.java:107)
	at org.springframework.web.filter.CharacterEncodingFilter.doFilterInternal(CharacterEncodingFilter.java:199)
	at org.springframework.web.filter.OncePerRequestFilter.doFilter(OncePerRequestFilter.java:116)
	at org.apache.catalina.core.ApplicationFilterChain.doFilter(ApplicationFilterChain.java:107)
	at org.apache.catalina.core.StandardWrapperValve.invoke(StandardWrapperValve.java:165)
	at org.apache.catalina.core.StandardContextValve.invoke(StandardContextValve.java:77)
	at org.apache.catalina.authenticator.AuthenticatorBase.invoke(AuthenticatorBase.java:482)
	at org.apache.catalina.core.StandardHostValve.invoke(StandardHostValve.java:113)
	at org.apache.catalina.valves.ErrorReportValve.invoke(ErrorReportValve.java:83)
	at org.apache.catalina.core.StandardEngineValve.invoke(StandardEngineValve.java:72)
	at org.apache.catalina.connector.CoyoteAdapter.service(CoyoteAdapter.java:341)
	at org.apache.coyote.http11.Http11Processor.service(Http11Processor.java:397)
	at org.apache.coyote.AbstractProcessorLight.process(AbstractProcessorLight.java:63)
	at org.apache.coyote.AbstractProtocol$ConnectionHandler.process(AbstractProtocol.java:903)
	at org.apache.tomcat.util.net.NioEndpoint$SocketProcessor.doRun(NioEndpoint.java:1778)
	at org.apache.tomcat.util.net.SocketProcessorBase.run(SocketProcessorBase.java:52)
	at org.apache.tomcat.util.threads.ThreadPoolExecutor.runWorker(ThreadPoolExecutor.java:946)
	at org.apache.tomcat.util.threads.ThreadPoolExecutor$Worker.run(ThreadPoolExecutor.java:480)
	at org.apache.tomcat.util.threads.TaskThread$WrappingRunnable.run(TaskThread.java:57)
	at java.base/java.lang.Thread.run(Thread.java:1583)
Caused by: org.hibernate.TransactionException: JDBC begin transaction failed: 
	at org.hibernate.resource.jdbc.internal.AbstractLogicalConnectionImplementor.begin(AbstractLogicalConnectionImplementor.java:74)
	at org.hibernate.resource.jdbc.internal.LogicalConnectionManagedImpl.begin(LogicalConnectionManagedImpl.java:287)
	at org.hibernate.resource.transaction.backend.jdbc.internal.JdbcResourceLocalTransactionCoordinatorImpl$TransactionDriverControlImpl.begin(JdbcResourceLocalTransactionCoordinatorImpl.java:226)
	at org.hibernate.engine.transaction.internal.TransactionImpl.begin(TransactionImpl.java:75)
	at org.springframework.orm.jpa.vendor.HibernateJpaDialect.beginTransaction(HibernateJpaDialect.java:138)
	at org.springframework.orm.jpa.JpaTransactionManager.doBegin(JpaTransactionManager.java:411)
	... 52 more
Caused by: java.sql.SQLSyntaxErrorException: User 'root' has exceeded the 'max_questions' resource (current value: 1000)
	at com.mysql.cj.jdbc.exceptions.SQLError.createSQLException(SQLError.java:112)
	at com.mysql.cj.jdbc.ConnectionImpl.setAutoCommit(ConnectionImpl.java:2129)
	at com.zaxxer.hikari.pool.ProxyConnection.setAutoCommit(ProxyConnection.java:412)
	at com.zaxxer.hikari.pool.HikariProxyConnection.setAutoCommit(HikariProxyConnection.java)
	at org.hibernate.resource.jdbc.internal.AbstractLogicalConnectionImplementor.begin(AbstractLogicalConnectionImplementor.java:68)
	... 57 more
Caused by: com.mysql.cj.exceptions.CJException: User 'root' has exceeded the 'max_questions' resource (current value: 1000)
	at java.base/jdk.internal.reflect.DirectConstructorHandleAccessor.newInstance(DirectConstructorHandleAccessor.java:62)
	at java.base/java.lang.reflect.Constructor.newInstanceWithCaller(Constructor.java:502)
	at java.base/java.lang.reflect.Constructor.newInstance(Constructor.java:486)
	at com.mysql.cj.exceptions.ExceptionFactory.createException(ExceptionFactory.java:52)
	at com.mysql.cj.exceptions.ExceptionFactory.createException(ExceptionFactory.java:95)
	at com.mysql.cj.exceptions.ExceptionFactory.createException(ExceptionFactory.java:140)
	at com.mysql.cj.exceptions.ExceptionFactory.createException(ExceptionFactory.java:118)
	at com.mysql.cj.protocol.a.NativeProtocol.checkErrorMessage(NativeProtocol.java:854)
	at com.mysql.cj.protocol.a.NativeProtocol.checkErrorMessage(NativeProtocol.java:777)
	at com.mysql.cj.protocol.a.NativeProtocol.sendCommand(NativeProtocol.java:707)
	at com.mysql.cj.protocol.a.NativeProtocol.sendQueryPacket(NativeProtocol.java:939)
	at com.mysql.cj.NativeSession.execSQL(NativeSession.java:817)
	at com.mysql.cj.jdbc.ConnectionImpl.setAutoCommit(ConnectionImpl.java:2114)
	... 60 more
org.springframework.transaction.CannotCreateTransactionException: Could not open JPA EntityManager for transaction
	at org.springframework.orm.jpa.JpaTransactionManager.doBegin(JpaTransactionManager.java:457)
	at org.springframework.transaction.support.AbstractPlatformTransactionManager.startTransaction(AbstractPlatformTransactionManager.java:532)
	at org.springframework.transaction.support.AbstractPlatformTransactionManager.getTransaction(AbstractPlatformTransactionManager.java:405)
	at org.springframework.transaction.interceptor.TransactionAspectSupport.createTransactionIfNecessary(TransactionAspectSupport.java:625)
	at org.springframework.transaction.interceptor.TransactionAspectSupport.invokeWithinTransaction(TransactionAspectSupport.java:364)
	at org.springframework.transaction.interceptor.TransactionInterceptor.invoke(TransactionInterceptor.java:118)
	at org.springframework.aop.framework.ReflectiveMethodInvocation.proceed(ReflectiveMethodInvocation.java:179)
	at org.springframework.aop.framework.CglibAopProxy$DynamicAdvisedInterceptor.intercept(CglibAopProxy.java:719)
	at com.FreeLanceHub.ServiceImpl.NotificationServiceImpl$$SpringCGLIB$$0.getUnreadNotifications(<generated>)
	at com.FreeLanceHub.controller.NotificationController.getUnreadNotifications(NotificationController.java:25)
	at java.base/jdk.internal.reflect.DirectMethodHandleAccessor.invoke(DirectMethodHandleAccessor.java:103)
	at java.base/java.lang.reflect.Method.invoke(Method.java:580)
	at org.springframework.web.method.support.InvocableHandlerMethod.doInvoke(InvocableHandlerMethod.java:258)
	at org.springframework.web.method.support.InvocableHandlerMethod.invokeForRequest(InvocableHandlerMethod.java:190)
	at org.springframework.web.servlet.mvc.method.annotation.ServletInvocableHandlerMethod.invokeAndHandle(ServletInvocableHandlerMethod.java:117)
	at org.springframework.web.servlet.mvc.method.annotation.RequestMappingHandlerAdapter.invokeHandlerMethod(RequestMappingHandlerAdapter.java:934)
	at org.springframework.web.servlet.mvc.method.annotation.RequestMappingHandlerAdapter.handleInternal(RequestMappingHandlerAdapter.java:853)
	at org.springframework.web.servlet.mvc.method.AbstractHandlerMethodAdapter.handle(AbstractHandlerMethodAdapter.java:86)
	at org.springframework.web.servlet.DispatcherServlet.doDispatch(DispatcherServlet.java:963)
	at org.springframework.web.servlet.DispatcherServlet.doService(DispatcherServlet.java:866)
	at org.springframework.web.servlet.FrameworkServlet.processRequest(FrameworkServlet.java:1003)
	at org.springframework.web.servlet.FrameworkServlet.doGet(FrameworkServlet.java:892)
	at jakarta.servlet.http.HttpServlet.service(HttpServlet.java:622)
	at org.springframework.web.servlet.FrameworkServlet.service(FrameworkServlet.java:874)
	at jakarta.servlet.http.HttpServlet.service(HttpServlet.java:710)
	at org.apache.catalina.core.ApplicationFilterChain.doFilter(ApplicationFilterChain.java:128)
	at org.apache.tomcat.websocket.server.WsFilter.doFilter(WsFilter.java:53)
	at org.apache.catalina.core.ApplicationFilterChain.doFilter(ApplicationFilterChain.java:107)
	at org.springframework.web.filter.RequestContextFilter.doFilterInternal(RequestContextFilter.java:100)
	at org.springframework.web.filter.OncePerRequestFilter.doFilter(OncePerRequestFilter.java:116)
	at org.apache.catalina.core.ApplicationFilterChain.doFilter(ApplicationFilterChain.java:107)
	at org.springframework.web.filter.FormContentFilter.doFilterInternal(FormContentFilter.java:93)
	at org.springframework.web.filter.OncePerRequestFilter.doFilter(OncePerRequestFilter.java:116)
	at org.apache.catalina.core.ApplicationFilterChain.doFilter(ApplicationFilterChain.java:107)
	at org.springframework.web.filter.CharacterEncodingFilter.doFilterInternal(CharacterEncodingFilter.java:199)
	at org.springframework.web.filter.OncePerRequestFilter.doFilter(OncePerRequestFilter.java:116)
	at org.apache.catalina.core.ApplicationFilterChain.doFilter(ApplicationFilterChain.java:107)
	at org.apache.catalina.core.StandardWrapperValve.invoke(StandardWrapperValve.java:165)
	at org.apache.catalina.core.StandardContextValve.invoke(StandardContextValve.java:77)
	at org.apache.catalina.authenticator.AuthenticatorBase.invoke(AuthenticatorBase.java:482)
	at org.apache.catalina.core.StandardHostValve.invoke(StandardHostValve.java:113)
	at org.apache.catalina.valves.ErrorReportValve.invoke(ErrorReportValve.java:83)
	at org.apache.catalina.core.StandardEngineValve.invoke(StandardEngineValve.java:72)
	at org.apache.catalina.connector.CoyoteAdapter.service(CoyoteAdapter.java:341)
	at org.apache.coyote.http11.Http11Processor.service(Http11Processor.java:397)
	at org.apache.coyote.AbstractProcessorLight.process(AbstractProcessorLight.java:63)
	at org.apache.coyote.AbstractProtocol$ConnectionHandler.process(AbstractProtocol.java:903)
	at org.apache.tomcat.util.net.NioEndpoint$SocketProcessor.doRun(NioEndpoint.java:1778)
	at org.apache.tomcat.util.net.SocketProcessorBase.run(SocketProcessorBase.java:52)
	at org.apache.tomcat.util.threads.ThreadPoolExecutor.runWorker(ThreadPoolExecutor.java:946)
	at org.apache.tomcat.util.threads.ThreadPoolExecutor$Worker.run(ThreadPoolExecutor.java:480)
	at org.apache.tomcat.util.threads.TaskThread$WrappingRunnable.run(TaskThread.java:57)
	at java.base/java.lang.Thread.run(Thread.java:1583)
Caused by: org.hibernate.TransactionException: JDBC begin transaction failed: 
	at org.hibernate.resource.jdbc.internal.AbstractLogicalConnectionImplementor.begin(AbstractLogicalConnectionImplementor.java:74)
	at org.hibernate.resource.jdbc.internal.LogicalConnectionManagedImpl.begin(LogicalConnectionManagedImpl.java:287)
	at org.hibernate.resource.transaction.backend.jdbc.internal.JdbcResourceLocalTransactionCoordinatorImpl$TransactionDriverControlImpl.begin(JdbcResourceLocalTransactionCoordinatorImpl.java:226)
	at org.hibernate.engine.transaction.internal.TransactionImpl.begin(TransactionImpl.java:75)
	at org.springframework.orm.jpa.vendor.HibernateJpaDialect.beginTransaction(HibernateJpaDialect.java:138)
	at org.springframework.orm.jpa.JpaTransactionManager.doBegin(JpaTransactionManager.java:411)
	... 52 more
Caused by: java.sql.SQLSyntaxErrorException: User 'root' has exceeded the 'max_questions' resource (current value: 1000)
	at com.mysql.cj.jdbc.exceptions.SQLError.createSQLException(SQLError.java:112)
	at com.mysql.cj.jdbc.ConnectionImpl.setAutoCommit(ConnectionImpl.java:2129)
	at com.zaxxer.hikari.pool.ProxyConnection.setAutoCommit(ProxyConnection.java:412)
	at com.zaxxer.hikari.pool.HikariProxyConnection.setAutoCommit(HikariProxyConnection.java)
	at org.hibernate.resource.jdbc.internal.AbstractLogicalConnectionImplementor.begin(AbstractLogicalConnectionImplementor.java:68)
	... 57 more
Caused by: com.mysql.cj.exceptions.CJException: User 'root' has exceeded the 'max_questions' resource (current value: 1000)
	at java.base/jdk.internal.reflect.DirectConstructorHandleAccessor.newInstance(DirectConstructorHandleAccessor.java:62)
	at java.base/java.lang.reflect.Constructor.newInstanceWithCaller(Constructor.java:502)
	at java.base/java.lang.reflect.Constructor.newInstance(Constructor.java:486)
	at com.mysql.cj.exceptions.ExceptionFactory.createException(ExceptionFactory.java:52)
	at com.mysql.cj.exceptions.ExceptionFactory.createException(ExceptionFactory.java:95)
	at com.mysql.cj.exceptions.ExceptionFactory.createException(ExceptionFactory.java:140)
	at com.mysql.cj.exceptions.ExceptionFactory.createException(ExceptionFactory.java:118)
	at com.mysql.cj.protocol.a.NativeProtocol.checkErrorMessage(NativeProtocol.java:854)
	at com.mysql.cj.protocol.a.NativeProtocol.checkErrorMessage(NativeProtocol.java:777)
	at com.mysql.cj.protocol.a.NativeProtocol.sendCommand(NativeProtocol.java:707)
	at com.mysql.cj.protocol.a.NativeProtocol.sendQueryPacket(NativeProtocol.java:939)
	at com.mysql.cj.NativeSession.execSQL(NativeSession.java:817)
	at com.mysql.cj.jdbc.ConnectionImpl.setAutoCommit(ConnectionImpl.java:2114)
	... 60 more
org.springframework.transaction.CannotCreateTransactionException: Could not open JPA EntityManager for transaction
	at org.springframework.orm.jpa.JpaTransactionManager.doBegin(JpaTransactionManager.java:457)
	at org.springframework.transaction.support.AbstractPlatformTransactionManager.startTransaction(AbstractPlatformTransactionManager.java:532)
	at org.springframework.transaction.support.AbstractPlatformTransactionManager.getTransaction(AbstractPlatformTransactionManager.java:405)
	at org.springframework.transaction.interceptor.TransactionAspectSupport.createTransactionIfNecessary(TransactionAspectSupport.java:625)
	at org.springframework.transaction.interceptor.TransactionAspectSupport.invokeWithinTransaction(TransactionAspectSupport.java:364)
	at org.springframework.transaction.interceptor.TransactionInterceptor.invoke(TransactionInterceptor.java:118)
	at org.springframework.aop.framework.ReflectiveMethodInvocation.proceed(ReflectiveMethodInvocation.java:179)
	at org.springframework.aop.framework.CglibAopProxy$DynamicAdvisedInterceptor.intercept(CglibAopProxy.java:719)
	at com.FreeLanceHub.ServiceImpl.NotificationServiceImpl$$SpringCGLIB$$0.getUnreadNotifications(<generated>)
	at com.FreeLanceHub.controller.NotificationController.getUnreadNotifications(NotificationController.java:25)
	at java.base/jdk.internal.reflect.DirectMethodHandleAccessor.invoke(DirectMethodHandleAccessor.java:103)
	at java.base/java.lang.reflect.Method.invoke(Method.java:580)
	at org.springframework.web.method.support.InvocableHandlerMethod.doInvoke(InvocableHandlerMethod.java:258)
	at org.springframework.web.method.support.InvocableHandlerMethod.invokeForRequest(InvocableHandlerMethod.java:190)
	at org.springframework.web.servlet.mvc.method.annotation.ServletInvocableHandlerMethod.invokeAndHandle(ServletInvocableHandlerMethod.java:117)
	at org.springframework.web.servlet.mvc.method.annotation.RequestMappingHandlerAdapter.invokeHandlerMethod(RequestMappingHandlerAdapter.java:934)
	at org.springframework.web.servlet.mvc.method.annotation.RequestMappingHandlerAdapter.handleInternal(RequestMappingHandlerAdapter.java:853)
	at org.springframework.web.servlet.mvc.method.AbstractHandlerMethodAdapter.handle(AbstractHandlerMethodAdapter.java:86)
	at org.springframework.web.servlet.DispatcherServlet.doDispatch(DispatcherServlet.java:963)
	at org.springframework.web.servlet.DispatcherServlet.doService(DispatcherServlet.java:866)
	at org.springframework.web.servlet.FrameworkServlet.processRequest(FrameworkServlet.java:1003)
	at org.springframework.web.servlet.FrameworkServlet.doGet(FrameworkServlet.java:892)
	at jakarta.servlet.http.HttpServlet.service(HttpServlet.java:622)
	at org.springframework.web.servlet.FrameworkServlet.service(FrameworkServlet.java:874)
	at jakarta.servlet.http.HttpServlet.service(HttpServlet.java:710)
	at org.apache.catalina.core.ApplicationFilterChain.doFilter(ApplicationFilterChain.java:128)
	at org.apache.tomcat.websocket.server.WsFilter.doFilter(WsFilter.java:53)
	at org.apache.catalina.core.ApplicationFilterChain.doFilter(ApplicationFilterChain.java:107)
	at org.springframework.web.filter.RequestContextFilter.doFilterInternal(RequestContextFilter.java:100)
	at org.springframework.web.filter.OncePerRequestFilter.doFilter(OncePerRequestFilter.java:116)
	at org.apache.catalina.core.ApplicationFilterChain.doFilter(ApplicationFilterChain.java:107)
	at org.springframework.web.filter.FormContentFilter.doFilterInternal(FormContentFilter.java:93)
	at org.springframework.web.filter.OncePerRequestFilter.doFilter(OncePerRequestFilter.java:116)
	at org.apache.catalina.core.ApplicationFilterChain.doFilter(ApplicationFilterChain.java:107)
	at org.springframework.web.filter.CharacterEncodingFilter.doFilterInternal(CharacterEncodingFilter.java:199)
	at org.springframework.web.filter.OncePerRequestFilter.doFilter(OncePerRequestFilter.java:116)
	at org.apache.catalina.core.ApplicationFilterChain.doFilter(ApplicationFilterChain.java:107)
	at org.apache.catalina.core.StandardWrapperValve.invoke(StandardWrapperValve.java:165)
	at org.apache.catalina.core.StandardContextValve.invoke(StandardContextValve.java:77)
	at org.apache.catalina.authenticator.AuthenticatorBase.invoke(AuthenticatorBase.java:482)
	at org.apache.catalina.core.StandardHostValve.invoke(StandardHostValve.java:113)
	at org.apache.catalina.valves.ErrorReportValve.invoke(ErrorReportValve.java:83)
	at org.apache.catalina.core.StandardEngineValve.invoke(StandardEngineValve.java:72)
	at org.apache.catalina.connector.CoyoteAdapter.service(CoyoteAdapter.java:341)
	at org.apache.coyote.http11.Http11Processor.service(Http11Processor.java:397)
	at org.apache.coyote.AbstractProcessorLight.process(AbstractProcessorLight.java:63)
	at org.apache.coyote.AbstractProtocol$ConnectionHandler.process(AbstractProtocol.java:903)
	at org.apache.tomcat.util.net.NioEndpoint$SocketProcessor.doRun(NioEndpoint.java:1778)
	at org.apache.tomcat.util.net.SocketProcessorBase.run(SocketProcessorBase.java:52)
	at org.apache.tomcat.util.threads.ThreadPoolExecutor.runWorker(ThreadPoolExecutor.java:946)
	at org.apache.tomcat.util.threads.ThreadPoolExecutor$Worker.run(ThreadPoolExecutor.java:480)
	at org.apache.tomcat.util.threads.TaskThread$WrappingRunnable.run(TaskThread.java:57)
	at java.base/java.lang.Thread.run(Thread.java:1583)
Caused by: org.hibernate.TransactionException: JDBC begin transaction failed: 
	at org.hibernate.resource.jdbc.internal.AbstractLogicalConnectionImplementor.begin(AbstractLogicalConnectionImplementor.java:74)
	at org.hibernate.resource.jdbc.internal.LogicalConnectionManagedImpl.begin(LogicalConnectionManagedImpl.java:287)
	at org.hibernate.resource.transaction.backend.jdbc.internal.JdbcResourceLocalTransactionCoordinatorImpl$TransactionDriverControlImpl.begin(JdbcResourceLocalTransactionCoordinatorImpl.java:226)
	at org.hibernate.engine.transaction.internal.TransactionImpl.begin(TransactionImpl.java:75)
	at org.springframework.orm.jpa.vendor.HibernateJpaDialect.beginTransaction(HibernateJpaDialect.java:138)
	at org.springframework.orm.jpa.JpaTransactionManager.doBegin(JpaTransactionManager.java:411)
	... 52 more
Caused by: java.sql.SQLSyntaxErrorException: User 'root' has exceeded the 'max_questions' resource (current value: 1000)
	at com.mysql.cj.jdbc.exceptions.SQLError.createSQLException(SQLError.java:112)
	at com.mysql.cj.jdbc.ConnectionImpl.setAutoCommit(ConnectionImpl.java:2129)
	at com.zaxxer.hikari.pool.ProxyConnection.setAutoCommit(ProxyConnection.java:412)
	at com.zaxxer.hikari.pool.HikariProxyConnection.setAutoCommit(HikariProxyConnection.java)
	at org.hibernate.resource.jdbc.internal.AbstractLogicalConnectionImplementor.begin(AbstractLogicalConnectionImplementor.java:68)
	... 57 more
Caused by: com.mysql.cj.exceptions.CJException: User 'root' has exceeded the 'max_questions' resource (current value: 1000)
	at java.base/jdk.internal.reflect.DirectConstructorHandleAccessor.newInstance(DirectConstructorHandleAccessor.java:62)
	at java.base/java.lang.reflect.Constructor.newInstanceWithCaller(Constructor.java:502)
	at java.base/java.lang.reflect.Constructor.newInstance(Constructor.java:486)
	at com.mysql.cj.exceptions.ExceptionFactory.createException(ExceptionFactory.java:52)
	at com.mysql.cj.exceptions.ExceptionFactory.createException(ExceptionFactory.java:95)
	at com.mysql.cj.exceptions.ExceptionFactory.createException(ExceptionFactory.java:140)
	at com.mysql.cj.exceptions.ExceptionFactory.createException(ExceptionFactory.java:118)
	at com.mysql.cj.protocol.a.NativeProtocol.checkErrorMessage(NativeProtocol.java:854)
	at com.mysql.cj.protocol.a.NativeProtocol.checkErrorMessage(NativeProtocol.java:777)
	at com.mysql.cj.protocol.a.NativeProtocol.sendCommand(NativeProtocol.java:707)
	at com.mysql.cj.protocol.a.NativeProtocol.sendQueryPacket(NativeProtocol.java:939)
	at com.mysql.cj.NativeSession.execSQL(NativeSession.java:817)
	at com.mysql.cj.jdbc.ConnectionImpl.setAutoCommit(ConnectionImpl.java:2114)
	... 60 more
org.springframework.transaction.CannotCreateTransactionException: Could not open JPA EntityManager for transaction
	at org.springframework.orm.jpa.JpaTransactionManager.doBegin(JpaTransactionManager.java:457)
	at org.springframework.transaction.support.AbstractPlatformTransactionManager.startTransaction(AbstractPlatformTransactionManager.java:532)
	at org.springframework.transaction.support.AbstractPlatformTransactionManager.getTransaction(AbstractPlatformTransactionManager.java:405)
	at org.springframework.transaction.interceptor.TransactionAspectSupport.createTransactionIfNecessary(TransactionAspectSupport.java:625)
	at org.springframework.transaction.interceptor.TransactionAspectSupport.invokeWithinTransaction(TransactionAspectSupport.java:364)
	at org.springframework.transaction.interceptor.TransactionInterceptor.invoke(TransactionInterceptor.java:118)
	at org.springframework.aop.framework.ReflectiveMethodInvocation.proceed(ReflectiveMethodInvocation.java:179)
	at org.springframework.aop.framework.CglibAopProxy$DynamicAdvisedInterceptor.intercept(CglibAopProxy.java:719)
	at com.FreeLanceHub.ServiceImpl.NotificationServiceImpl$$SpringCGLIB$$0.getUnreadNotifications(<generated>)
	at com.FreeLanceHub.controller.NotificationController.getUnreadNotifications(NotificationController.java:25)
	at java.base/jdk.internal.reflect.DirectMethodHandleAccessor.invoke(DirectMethodHandleAccessor.java:103)
	at java.base/java.lang.reflect.Method.invoke(Method.java:580)
	at org.springframework.web.method.support.InvocableHandlerMethod.doInvoke(InvocableHandlerMethod.java:258)
	at org.springframework.web.method.support.InvocableHandlerMethod.invokeForRequest(InvocableHandlerMethod.java:190)
	at org.springframework.web.servlet.mvc.method.annotation.ServletInvocableHandlerMethod.invokeAndHandle(ServletInvocableHandlerMethod.java:117)
	at org.springframework.web.servlet.mvc.method.annotation.RequestMappingHandlerAdapter.invokeHandlerMethod(RequestMappingHandlerAdapter.java:934)
	at org.springframework.web.servlet.mvc.method.annotation.RequestMappingHandlerAdapter.handleInternal(RequestMappingHandlerAdapter.java:853)
	at org.springframework.web.servlet.mvc.method.AbstractHandlerMethodAdapter.handle(AbstractHandlerMethodAdapter.java:86)
	at org.springframework.web.servlet.DispatcherServlet.doDispatch(DispatcherServlet.java:963)
	at org.springframework.web.servlet.DispatcherServlet.doService(DispatcherServlet.java:866)
	at org.springframework.web.servlet.FrameworkServlet.processRequest(FrameworkServlet.java:1003)
	at org.springframework.web.servlet.FrameworkServlet.doGet(FrameworkServlet.java:892)
	at jakarta.servlet.http.HttpServlet.service(HttpServlet.java:622)
	at org.springframework.web.servlet.FrameworkServlet.service(FrameworkServlet.java:874)
	at jakarta.servlet.http.HttpServlet.service(HttpServlet.java:710)
	at org.apache.catalina.core.ApplicationFilterChain.doFilter(ApplicationFilterChain.java:128)
	at org.apache.tomcat.websocket.server.WsFilter.doFilter(WsFilter.java:53)
	at org.apache.catalina.core.ApplicationFilterChain.doFilter(ApplicationFilterChain.java:107)
	at org.springframework.web.filter.RequestContextFilter.doFilterInternal(RequestContextFilter.java:100)
	at org.springframework.web.filter.OncePerRequestFilter.doFilter(OncePerRequestFilter.java:116)
	at org.apache.catalina.core.ApplicationFilterChain.doFilter(ApplicationFilterChain.java:107)
	at org.springframework.web.filter.FormContentFilter.doFilterInternal(FormContentFilter.java:93)
	at org.springframework.web.filter.OncePerRequestFilter.doFilter(OncePerRequestFilter.java:116)
	at org.apache.catalina.core.ApplicationFilterChain.doFilter(ApplicationFilterChain.java:107)
	at org.springframework.web.filter.CharacterEncodingFilter.doFilterInternal(CharacterEncodingFilter.java:199)
	at org.springframework.web.filter.OncePerRequestFilter.doFilter(OncePerRequestFilter.java:116)
	at org.apache.catalina.core.ApplicationFilterChain.doFilter(ApplicationFilterChain.java:107)
	at org.apache.catalina.core.StandardWrapperValve.invoke(StandardWrapperValve.java:165)
	at org.apache.catalina.core.StandardContextValve.invoke(StandardContextValve.java:77)
	at org.apache.catalina.authenticator.AuthenticatorBase.invoke(AuthenticatorBase.java:482)
	at org.apache.catalina.core.StandardHostValve.invoke(StandardHostValve.java:113)
	at org.apache.catalina.valves.ErrorReportValve.invoke(ErrorReportValve.java:83)
	at org.apache.catalina.core.StandardEngineValve.invoke(StandardEngineValve.java:72)
	at org.apache.catalina.connector.CoyoteAdapter.service(CoyoteAdapter.java:341)
	at org.apache.coyote.http11.Http11Processor.service(Http11Processor.java:397)
	at org.apache.coyote.AbstractProcessorLight.process(AbstractProcessorLight.java:63)
	at org.apache.coyote.AbstractProtocol$ConnectionHandler.process(AbstractProtocol.java:903)
	at org.apache.tomcat.util.net.NioEndpoint$SocketProcessor.doRun(NioEndpoint.java:1778)
	at org.apache.tomcat.util.net.SocketProcessorBase.run(SocketProcessorBase.java:52)
	at org.apache.tomcat.util.threads.ThreadPoolExecutor.runWorker(ThreadPoolExecutor.java:946)
	at org.apache.tomcat.util.threads.ThreadPoolExecutor$Worker.run(ThreadPoolExecutor.java:480)
	at org.apache.tomcat.util.threads.TaskThread$WrappingRunnable.run(TaskThread.java:57)
	at java.base/java.lang.Thread.run(Thread.java:1583)
Caused by: org.hibernate.TransactionException: JDBC begin transaction failed: 
	at org.hibernate.resource.jdbc.internal.AbstractLogicalConnectionImplementor.begin(AbstractLogicalConnectionImplementor.java:74)
	at org.hibernate.resource.jdbc.internal.LogicalConnectionManagedImpl.begin(LogicalConnectionManagedImpl.java:287)
	at org.hibernate.resource.transaction.backend.jdbc.internal.JdbcResourceLocalTransactionCoordinatorImpl$TransactionDriverControlImpl.begin(JdbcResourceLocalTransactionCoordinatorImpl.java:226)
	at org.hibernate.engine.transaction.internal.TransactionImpl.begin(TransactionImpl.java:75)
	at org.springframework.orm.jpa.vendor.HibernateJpaDialect.beginTransaction(HibernateJpaDialect.java:138)
	at org.springframework.orm.jpa.JpaTransactionManager.doBegin(JpaTransactionManager.java:411)
	... 52 more
Caused by: java.sql.SQLSyntaxErrorException: User 'root' has exceeded the 'max_questions' resource (current value: 1000)
	at com.mysql.cj.jdbc.exceptions.SQLError.createSQLException(SQLError.java:112)
	at com.mysql.cj.jdbc.ConnectionImpl.setAutoCommit(ConnectionImpl.java:2129)
	at com.zaxxer.hikari.pool.ProxyConnection.setAutoCommit(ProxyConnection.java:412)
	at com.zaxxer.hikari.pool.HikariProxyConnection.setAutoCommit(HikariProxyConnection.java)
	at org.hibernate.resource.jdbc.internal.AbstractLogicalConnectionImplementor.begin(AbstractLogicalConnectionImplementor.java:68)
	... 57 more
Caused by: com.mysql.cj.exceptions.CJException: User 'root' has exceeded the 'max_questions' resource (current value: 1000)
	at java.base/jdk.internal.reflect.DirectConstructorHandleAccessor.newInstance(DirectConstructorHandleAccessor.java:62)
	at java.base/java.lang.reflect.Constructor.newInstanceWithCaller(Constructor.java:502)
	at java.base/java.lang.reflect.Constructor.newInstance(Constructor.java:486)
	at com.mysql.cj.exceptions.ExceptionFactory.createException(ExceptionFactory.java:52)
	at com.mysql.cj.exceptions.ExceptionFactory.createException(ExceptionFactory.java:95)
	at com.mysql.cj.exceptions.ExceptionFactory.createException(ExceptionFactory.java:140)
	at com.mysql.cj.exceptions.ExceptionFactory.createException(ExceptionFactory.java:118)
	at com.mysql.cj.protocol.a.NativeProtocol.checkErrorMessage(NativeProtocol.java:854)
	at com.mysql.cj.protocol.a.NativeProtocol.checkErrorMessage(NativeProtocol.java:777)
	at com.mysql.cj.protocol.a.NativeProtocol.sendCommand(NativeProtocol.java:707)
	at com.mysql.cj.protocol.a.NativeProtocol.sendQueryPacket(NativeProtocol.java:939)
	at com.mysql.cj.NativeSession.execSQL(NativeSession.java:817)
	at com.mysql.cj.jdbc.ConnectionImpl.setAutoCommit(ConnectionImpl.java:2114)
	... 60 more
org.springframework.transaction.CannotCreateTransactionException: Could not open JPA EntityManager for transaction
	at org.springframework.orm.jpa.JpaTransactionManager.doBegin(JpaTransactionManager.java:457)
	at org.springframework.transaction.support.AbstractPlatformTransactionManager.startTransaction(AbstractPlatformTransactionManager.java:532)
	at org.springframework.transaction.support.AbstractPlatformTransactionManager.getTransaction(AbstractPlatformTransactionManager.java:405)
	at org.springframework.transaction.interceptor.TransactionAspectSupport.createTransactionIfNecessary(TransactionAspectSupport.java:625)
	at org.springframework.transaction.interceptor.TransactionAspectSupport.invokeWithinTransaction(TransactionAspectSupport.java:364)
	at org.springframework.transaction.interceptor.TransactionInterceptor.invoke(TransactionInterceptor.java:118)
	at org.springframework.aop.framework.ReflectiveMethodInvocation.proceed(ReflectiveMethodInvocation.java:179)
	at org.springframework.aop.framework.CglibAopProxy$DynamicAdvisedInterceptor.intercept(CglibAopProxy.java:719)
	at com.FreeLanceHub.ServiceImpl.NotificationServiceImpl$$SpringCGLIB$$0.getUnreadNotifications(<generated>)
	at com.FreeLanceHub.controller.NotificationController.getUnreadNotifications(NotificationController.java:25)
	at java.base/jdk.internal.reflect.DirectMethodHandleAccessor.invoke(DirectMethodHandleAccessor.java:103)
	at java.base/java.lang.reflect.Method.invoke(Method.java:580)
	at org.springframework.web.method.support.InvocableHandlerMethod.doInvoke(InvocableHandlerMethod.java:258)
	at org.springframework.web.method.support.InvocableHandlerMethod.invokeForRequest(InvocableHandlerMethod.java:190)
	at org.springframework.web.servlet.mvc.method.annotation.ServletInvocableHandlerMethod.invokeAndHandle(ServletInvocableHandlerMethod.java:117)
	at org.springframework.web.servlet.mvc.method.annotation.RequestMappingHandlerAdapter.invokeHandlerMethod(RequestMappingHandlerAdapter.java:934)
	at org.springframework.web.servlet.mvc.method.annotation.RequestMappingHandlerAdapter.handleInternal(RequestMappingHandlerAdapter.java:853)
	at org.springframework.web.servlet.mvc.method.AbstractHandlerMethodAdapter.handle(AbstractHandlerMethodAdapter.java:86)
	at org.springframework.web.servlet.DispatcherServlet.doDispatch(DispatcherServlet.java:963)
	at org.springframework.web.servlet.DispatcherServlet.doService(DispatcherServlet.java:866)
	at org.springframework.web.servlet.FrameworkServlet.processRequest(FrameworkServlet.java:1003)
	at org.springframework.web.servlet.FrameworkServlet.doGet(FrameworkServlet.java:892)
	at jakarta.servlet.http.HttpServlet.service(HttpServlet.java:622)
	at org.springframework.web.servlet.FrameworkServlet.service(FrameworkServlet.java:874)
	at jakarta.servlet.http.HttpServlet.service(HttpServlet.java:710)
	at org.apache.catalina.core.ApplicationFilterChain.doFilter(ApplicationFilterChain.java:128)
	at org.apache.tomcat.websocket.server.WsFilter.doFilter(WsFilter.java:53)
	at org.apache.catalina.core.ApplicationFilterChain.doFilter(ApplicationFilterChain.java:107)
	at org.springframework.web.filter.RequestContextFilter.doFilterInternal(RequestContextFilter.java:100)
	at org.springframework.web.filter.OncePerRequestFilter.doFilter(OncePerRequestFilter.java:116)
	at org.apache.catalina.core.ApplicationFilterChain.doFilter(ApplicationFilterChain.java:107)
	at org.springframework.web.filter.FormContentFilter.doFilterInternal(FormContentFilter.java:93)
	at org.springframework.web.filter.OncePerRequestFilter.doFilter(OncePerRequestFilter.java:116)
	at org.apache.catalina.core.ApplicationFilterChain.doFilter(ApplicationFilterChain.java:107)
	at org.springframework.web.filter.CharacterEncodingFilter.doFilterInternal(CharacterEncodingFilter.java:199)
	at org.springframework.web.filter.OncePerRequestFilter.doFilter(OncePerRequestFilter.java:116)
	at org.apache.catalina.core.ApplicationFilterChain.doFilter(ApplicationFilterChain.java:107)
	at org.apache.catalina.core.StandardWrapperValve.invoke(StandardWrapperValve.java:165)
	at org.apache.catalina.core.StandardContextValve.invoke(StandardContextValve.java:77)
	at org.apache.catalina.authenticator.AuthenticatorBase.invoke(AuthenticatorBase.java:482)
	at org.apache.catalina.core.StandardHostValve.invoke(StandardHostValve.java:113)
	at org.apache.catalina.valves.ErrorReportValve.invoke(ErrorReportValve.java:83)
	at org.apache.catalina.core.StandardEngineValve.invoke(StandardEngineValve.java:72)
	at org.apache.catalina.connector.CoyoteAdapter.service(CoyoteAdapter.java:341)
	at org.apache.coyote.http11.Http11Processor.service(Http11Processor.java:397)
	at org.apache.coyote.AbstractProcessorLight.process(AbstractProcessorLight.java:63)
	at org.apache.coyote.AbstractProtocol$ConnectionHandler.process(AbstractProtocol.java:903)
	at org.apache.tomcat.util.net.NioEndpoint$SocketProcessor.doRun(NioEndpoint.java:1778)
	at org.apache.tomcat.util.net.SocketProcessorBase.run(SocketProcessorBase.java:52)
	at org.apache.tomcat.util.threads.ThreadPoolExecutor.runWorker(ThreadPoolExecutor.java:946)
	at org.apache.tomcat.util.threads.ThreadPoolExecutor$Worker.run(ThreadPoolExecutor.java:480)
	at org.apache.tomcat.util.threads.TaskThread$WrappingRunnable.run(TaskThread.java:57)
	at java.base/java.lang.Thread.run(Thread.java:1583)
Caused by: org.hibernate.TransactionException: JDBC begin transaction failed: 
	at org.hibernate.resource.jdbc.internal.AbstractLogicalConnectionImplementor.begin(AbstractLogicalConnectionImplementor.java:74)
	at org.hibernate.resource.jdbc.internal.LogicalConnectionManagedImpl.begin(LogicalConnectionManagedImpl.java:287)
	at org.hibernate.resource.transaction.backend.jdbc.internal.JdbcResourceLocalTransactionCoordinatorImpl$TransactionDriverControlImpl.begin(JdbcResourceLocalTransactionCoordinatorImpl.java:226)
	at org.hibernate.engine.transaction.internal.TransactionImpl.begin(TransactionImpl.java:75)
	at org.springframework.orm.jpa.vendor.HibernateJpaDialect.beginTransaction(HibernateJpaDialect.java:138)
	at org.springframework.orm.jpa.JpaTransactionManager.doBegin(JpaTransactionManager.java:411)
	... 52 more
Caused by: java.sql.SQLSyntaxErrorException: User 'root' has exceeded the 'max_questions' resource (current value: 1000)
	at com.mysql.cj.jdbc.exceptions.SQLError.createSQLException(SQLError.java:112)
	at com.mysql.cj.jdbc.ConnectionImpl.setAutoCommit(ConnectionImpl.java:2129)
	at com.zaxxer.hikari.pool.ProxyConnection.setAutoCommit(ProxyConnection.java:412)
	at com.zaxxer.hikari.pool.HikariProxyConnection.setAutoCommit(HikariProxyConnection.java)
	at org.hibernate.resource.jdbc.internal.AbstractLogicalConnectionImplementor.begin(AbstractLogicalConnectionImplementor.java:68)
	... 57 more
Caused by: com.mysql.cj.exceptions.CJException: User 'root' has exceeded the 'max_questions' resource (current value: 1000)
	at java.base/jdk.internal.reflect.DirectConstructorHandleAccessor.newInstance(DirectConstructorHandleAccessor.java:62)
	at java.base/java.lang.reflect.Constructor.newInstanceWithCaller(Constructor.java:502)
	at java.base/java.lang.reflect.Constructor.newInstance(Constructor.java:486)
	at com.mysql.cj.exceptions.ExceptionFactory.createException(ExceptionFactory.java:52)
	at com.mysql.cj.exceptions.ExceptionFactory.createException(ExceptionFactory.java:95)
	at com.mysql.cj.exceptions.ExceptionFactory.createException(ExceptionFactory.java:140)
	at com.mysql.cj.exceptions.ExceptionFactory.createException(ExceptionFactory.java:118)
	at com.mysql.cj.protocol.a.NativeProtocol.checkErrorMessage(NativeProtocol.java:854)
	at com.mysql.cj.protocol.a.NativeProtocol.checkErrorMessage(NativeProtocol.java:777)
	at com.mysql.cj.protocol.a.NativeProtocol.sendCommand(NativeProtocol.java:707)
	at com.mysql.cj.protocol.a.NativeProtocol.sendQueryPacket(NativeProtocol.java:939)
	at com.mysql.cj.NativeSession.execSQL(NativeSession.java:817)
	at com.mysql.cj.jdbc.ConnectionImpl.setAutoCommit(ConnectionImpl.java:2114)
	... 60 more
org.springframework.transaction.CannotCreateTransactionException: Could not open JPA EntityManager for transaction
	at org.springframework.orm.jpa.JpaTransactionManager.doBegin(JpaTransactionManager.java:457)
	at org.springframework.transaction.support.AbstractPlatformTransactionManager.startTransaction(AbstractPlatformTransactionManager.java:532)
	at org.springframework.transaction.support.AbstractPlatformTransactionManager.getTransaction(AbstractPlatformTransactionManager.java:405)
	at org.springframework.transaction.interceptor.TransactionAspectSupport.createTransactionIfNecessary(TransactionAspectSupport.java:625)
	at org.springframework.transaction.interceptor.TransactionAspectSupport.invokeWithinTransaction(TransactionAspectSupport.java:364)
	at org.springframework.transaction.interceptor.TransactionInterceptor.invoke(TransactionInterceptor.java:118)
	at org.springframework.aop.framework.ReflectiveMethodInvocation.proceed(ReflectiveMethodInvocation.java:179)
	at org.springframework.aop.framework.CglibAopProxy$DynamicAdvisedInterceptor.intercept(CglibAopProxy.java:719)
	at com.FreeLanceHub.ServiceImpl.NotificationServiceImpl$$SpringCGLIB$$0.getUnreadNotifications(<generated>)
	at com.FreeLanceHub.controller.NotificationController.getUnreadNotifications(NotificationController.java:25)
	at java.base/jdk.internal.reflect.DirectMethodHandleAccessor.invoke(DirectMethodHandleAccessor.java:103)
	at java.base/java.lang.reflect.Method.invoke(Method.java:580)
	at org.springframework.web.method.support.InvocableHandlerMethod.doInvoke(InvocableHandlerMethod.java:258)
	at org.springframework.web.method.support.InvocableHandlerMethod.invokeForRequest(InvocableHandlerMethod.java:190)
	at org.springframework.web.servlet.mvc.method.annotation.ServletInvocableHandlerMethod.invokeAndHandle(ServletInvocableHandlerMethod.java:117)
	at org.springframework.web.servlet.mvc.method.annotation.RequestMappingHandlerAdapter.invokeHandlerMethod(RequestMappingHandlerAdapter.java:934)
	at org.springframework.web.servlet.mvc.method.annotation.RequestMappingHandlerAdapter.handleInternal(RequestMappingHandlerAdapter.java:853)
	at org.springframework.web.servlet.mvc.method.AbstractHandlerMethodAdapter.handle(AbstractHandlerMethodAdapter.java:86)
	at org.springframework.web.servlet.DispatcherServlet.doDispatch(DispatcherServlet.java:963)
	at org.springframework.web.servlet.DispatcherServlet.doService(DispatcherServlet.java:866)
	at org.springframework.web.servlet.FrameworkServlet.processRequest(FrameworkServlet.java:1003)
	at org.springframework.web.servlet.FrameworkServlet.doGet(FrameworkServlet.java:892)
	at jakarta.servlet.http.HttpServlet.service(HttpServlet.java:622)
	at org.springframework.web.servlet.FrameworkServlet.service(FrameworkServlet.java:874)
	at jakarta.servlet.http.HttpServlet.service(HttpServlet.java:710)
	at org.apache.catalina.core.ApplicationFilterChain.doFilter(ApplicationFilterChain.java:128)
	at org.apache.tomcat.websocket.server.WsFilter.doFilter(WsFilter.java:53)
	at org.apache.catalina.core.ApplicationFilterChain.doFilter(ApplicationFilterChain.java:107)
	at org.springframework.web.filter.RequestContextFilter.doFilterInternal(RequestContextFilter.java:100)
	at org.springframework.web.filter.OncePerRequestFilter.doFilter(OncePerRequestFilter.java:116)
	at org.apache.catalina.core.ApplicationFilterChain.doFilter(ApplicationFilterChain.java:107)
	at org.springframework.web.filter.FormContentFilter.doFilterInternal(FormContentFilter.java:93)
	at org.springframework.web.filter.OncePerRequestFilter.doFilter(OncePerRequestFilter.java:116)
	at org.apache.catalina.core.ApplicationFilterChain.doFilter(ApplicationFilterChain.java:107)
	at org.springframework.web.filter.CharacterEncodingFilter.doFilterInternal(CharacterEncodingFilter.java:199)
	at org.springframework.web.filter.OncePerRequestFilter.doFilter(OncePerRequestFilter.java:116)
	at org.apache.catalina.core.ApplicationFilterChain.doFilter(ApplicationFilterChain.java:107)
	at org.apache.catalina.core.StandardWrapperValve.invoke(StandardWrapperValve.java:165)
	at org.apache.catalina.core.StandardContextValve.invoke(StandardContextValve.java:77)
	at org.apache.catalina.authenticator.AuthenticatorBase.invoke(AuthenticatorBase.java:482)
	at org.apache.catalina.core.StandardHostValve.invoke(StandardHostValve.java:113)
	at org.apache.catalina.valves.ErrorReportValve.invoke(ErrorReportValve.java:83)
	at org.apache.catalina.core.StandardEngineValve.invoke(StandardEngineValve.java:72)
	at org.apache.catalina.connector.CoyoteAdapter.service(CoyoteAdapter.java:341)
	at org.apache.coyote.http11.Http11Processor.service(Http11Processor.java:397)
	at org.apache.coyote.AbstractProcessorLight.process(AbstractProcessorLight.java:63)
	at org.apache.coyote.AbstractProtocol$ConnectionHandler.process(AbstractProtocol.java:903)
	at org.apache.tomcat.util.net.NioEndpoint$SocketProcessor.doRun(NioEndpoint.java:1778)
	at org.apache.tomcat.util.net.SocketProcessorBase.run(SocketProcessorBase.java:52)
	at org.apache.tomcat.util.threads.ThreadPoolExecutor.runWorker(ThreadPoolExecutor.java:946)
	at org.apache.tomcat.util.threads.ThreadPoolExecutor$Worker.run(ThreadPoolExecutor.java:480)
	at org.apache.tomcat.util.threads.TaskThread$WrappingRunnable.run(TaskThread.java:57)
	at java.base/java.lang.Thread.run(Thread.java:1583)
Caused by: org.hibernate.TransactionException: JDBC begin transaction failed: 
	at org.hibernate.resource.jdbc.internal.AbstractLogicalConnectionImplementor.begin(AbstractLogicalConnectionImplementor.java:74)
	at org.hibernate.resource.jdbc.internal.LogicalConnectionManagedImpl.begin(LogicalConnectionManagedImpl.java:287)
	at org.hibernate.resource.transaction.backend.jdbc.internal.JdbcResourceLocalTransactionCoordinatorImpl$TransactionDriverControlImpl.begin(JdbcResourceLocalTransactionCoordinatorImpl.java:226)
	at org.hibernate.engine.transaction.internal.TransactionImpl.begin(TransactionImpl.java:75)
	at org.springframework.orm.jpa.vendor.HibernateJpaDialect.beginTransaction(HibernateJpaDialect.java:138)
	at org.springframework.orm.jpa.JpaTransactionManager.doBegin(JpaTransactionManager.java:411)
	... 52 more
Caused by: java.sql.SQLSyntaxErrorException: User 'root' has exceeded the 'max_questions' resource (current value: 1000)
	at com.mysql.cj.jdbc.exceptions.SQLError.createSQLException(SQLError.java:112)
	at com.mysql.cj.jdbc.ConnectionImpl.setAutoCommit(ConnectionImpl.java:2129)
	at com.zaxxer.hikari.pool.ProxyConnection.setAutoCommit(ProxyConnection.java:412)
	at com.zaxxer.hikari.pool.HikariProxyConnection.setAutoCommit(HikariProxyConnection.java)
	at org.hibernate.resource.jdbc.internal.AbstractLogicalConnectionImplementor.begin(AbstractLogicalConnectionImplementor.java:68)
	... 57 more
Caused by: com.mysql.cj.exceptions.CJException: User 'root' has exceeded the 'max_questions' resource (current value: 1000)
	at java.base/jdk.internal.reflect.DirectConstructorHandleAccessor.newInstance(DirectConstructorHandleAccessor.java:62)
	at java.base/java.lang.reflect.Constructor.newInstanceWithCaller(Constructor.java:502)
	at java.base/java.lang.reflect.Constructor.newInstance(Constructor.java:486)
	at com.mysql.cj.exceptions.ExceptionFactory.createException(ExceptionFactory.java:52)
	at com.mysql.cj.exceptions.ExceptionFactory.createException(ExceptionFactory.java:95)
	at com.mysql.cj.exceptions.ExceptionFactory.createException(ExceptionFactory.java:140)
	at com.mysql.cj.exceptions.ExceptionFactory.createException(ExceptionFactory.java:118)
	at com.mysql.cj.protocol.a.NativeProtocol.checkErrorMessage(NativeProtocol.java:854)
	at com.mysql.cj.protocol.a.NativeProtocol.checkErrorMessage(NativeProtocol.java:777)
	at com.mysql.cj.protocol.a.NativeProtocol.sendCommand(NativeProtocol.java:707)
	at com.mysql.cj.protocol.a.NativeProtocol.sendQueryPacket(NativeProtocol.java:939)
	at com.mysql.cj.NativeSession.execSQL(NativeSession.java:817)
	at com.mysql.cj.jdbc.ConnectionImpl.setAutoCommit(ConnectionImpl.java:2114)
	... 60 more
org.springframework.transaction.CannotCreateTransactionException: Could not open JPA EntityManager for transaction
	at org.springframework.orm.jpa.JpaTransactionManager.doBegin(JpaTransactionManager.java:457)
	at org.springframework.transaction.support.AbstractPlatformTransactionManager.startTransaction(AbstractPlatformTransactionManager.java:532)
	at org.springframework.transaction.support.AbstractPlatformTransactionManager.getTransaction(AbstractPlatformTransactionManager.java:405)
	at org.springframework.transaction.interceptor.TransactionAspectSupport.createTransactionIfNecessary(TransactionAspectSupport.java:625)
	at org.springframework.transaction.interceptor.TransactionAspectSupport.invokeWithinTransaction(TransactionAspectSupport.java:364)
	at org.springframework.transaction.interceptor.TransactionInterceptor.invoke(TransactionInterceptor.java:118)
	at org.springframework.aop.framework.ReflectiveMethodInvocation.proceed(ReflectiveMethodInvocation.java:179)
	at org.springframework.aop.framework.CglibAopProxy$DynamicAdvisedInterceptor.intercept(CglibAopProxy.java:719)
	at com.FreeLanceHub.ServiceImpl.NotificationServiceImpl$$SpringCGLIB$$0.getUnreadNotifications(<generated>)
	at com.FreeLanceHub.controller.NotificationController.getUnreadNotifications(NotificationController.java:25)
	at java.base/jdk.internal.reflect.DirectMethodHandleAccessor.invoke(DirectMethodHandleAccessor.java:103)
	at java.base/java.lang.reflect.Method.invoke(Method.java:580)
	at org.springframework.web.method.support.InvocableHandlerMethod.doInvoke(InvocableHandlerMethod.java:258)
	at org.springframework.web.method.support.InvocableHandlerMethod.invokeForRequest(InvocableHandlerMethod.java:190)
	at org.springframework.web.servlet.mvc.method.annotation.ServletInvocableHandlerMethod.invokeAndHandle(ServletInvocableHandlerMethod.java:117)
	at org.springframework.web.servlet.mvc.method.annotation.RequestMappingHandlerAdapter.invokeHandlerMethod(RequestMappingHandlerAdapter.java:934)
	at org.springframework.web.servlet.mvc.method.annotation.RequestMappingHandlerAdapter.handleInternal(RequestMappingHandlerAdapter.java:853)
	at org.springframework.web.servlet.mvc.method.AbstractHandlerMethodAdapter.handle(AbstractHandlerMethodAdapter.java:86)
	at org.springframework.web.servlet.DispatcherServlet.doDispatch(DispatcherServlet.java:963)
	at org.springframework.web.servlet.DispatcherServlet.doService(DispatcherServlet.java:866)
	at org.springframework.web.servlet.FrameworkServlet.processRequest(FrameworkServlet.java:1003)
	at org.springframework.web.servlet.FrameworkServlet.doGet(FrameworkServlet.java:892)
	at jakarta.servlet.http.HttpServlet.service(HttpServlet.java:622)
	at org.springframework.web.servlet.FrameworkServlet.service(FrameworkServlet.java:874)
	at jakarta.servlet.http.HttpServlet.service(HttpServlet.java:710)
	at org.apache.catalina.core.ApplicationFilterChain.doFilter(ApplicationFilterChain.java:128)
	at org.apache.tomcat.websocket.server.WsFilter.doFilter(WsFilter.java:53)
	at org.apache.catalina.core.ApplicationFilterChain.doFilter(ApplicationFilterChain.java:107)
	at org.springframework.web.filter.RequestContextFilter.doFilterInternal(RequestContextFilter.java:100)
	at org.springframework.web.filter.OncePerRequestFilter.doFilter(OncePerRequestFilter.java:116)
	at org.apache.catalina.core.ApplicationFilterChain.doFilter(ApplicationFilterChain.java:107)
	at org.springframework.web.filter.FormContentFilter.doFilterInternal(FormContentFilter.java:93)
	at org.springframework.web.filter.OncePerRequestFilter.doFilter(OncePerRequestFilter.java:116)
	at org.apache.catalina.core.ApplicationFilterChain.doFilter(ApplicationFilterChain.java:107)
	at org.springframework.web.filter.CharacterEncodingFilter.doFilterInternal(CharacterEncodingFilter.java:199)
	at org.springframework.web.filter.OncePerRequestFilter.doFilter(OncePerRequestFilter.java:116)
	at org.apache.catalina.core.ApplicationFilterChain.doFilter(ApplicationFilterChain.java:107)
	at org.apache.catalina.core.StandardWrapperValve.invoke(StandardWrapperValve.java:165)
	at org.apache.catalina.core.StandardContextValve.invoke(StandardContextValve.java:77)
	at org.apache.catalina.authenticator.AuthenticatorBase.invoke(AuthenticatorBase.java:482)
	at org.apache.catalina.core.StandardHostValve.invoke(StandardHostValve.java:113)
	at org.apache.catalina.valves.ErrorReportValve.invoke(ErrorReportValve.java:83)
	at org.apache.catalina.core.StandardEngineValve.invoke(StandardEngineValve.java:72)
	at org.apache.catalina.connector.CoyoteAdapter.service(CoyoteAdapter.java:341)
	at org.apache.coyote.http11.Http11Processor.service(Http11Processor.java:397)
	at org.apache.coyote.AbstractProcessorLight.process(AbstractProcessorLight.java:63)
	at org.apache.coyote.AbstractProtocol$ConnectionHandler.process(AbstractProtocol.java:903)
	at org.apache.tomcat.util.net.NioEndpoint$SocketProcessor.doRun(NioEndpoint.java:1778)
	at org.apache.tomcat.util.net.SocketProcessorBase.run(SocketProcessorBase.java:52)
	at org.apache.tomcat.util.threads.ThreadPoolExecutor.runWorker(ThreadPoolExecutor.java:946)
	at org.apache.tomcat.util.threads.ThreadPoolExecutor$Worker.run(ThreadPoolExecutor.java:480)
	at org.apache.tomcat.util.threads.TaskThread$WrappingRunnable.run(TaskThread.java:57)
	at java.base/java.lang.Thread.run(Thread.java:1583)
Caused by: org.hibernate.TransactionException: JDBC begin transaction failed: 
	at org.hibernate.resource.jdbc.internal.AbstractLogicalConnectionImplementor.begin(AbstractLogicalConnectionImplementor.java:74)
	at org.hibernate.resource.jdbc.internal.LogicalConnectionManagedImpl.begin(LogicalConnectionManagedImpl.java:287)
	at org.hibernate.resource.transaction.backend.jdbc.internal.JdbcResourceLocalTransactionCoordinatorImpl$TransactionDriverControlImpl.begin(JdbcResourceLocalTransactionCoordinatorImpl.java:226)
	at org.hibernate.engine.transaction.internal.TransactionImpl.begin(TransactionImpl.java:75)
	at org.springframework.orm.jpa.vendor.HibernateJpaDialect.beginTransaction(HibernateJpaDialect.java:138)
	at org.springframework.orm.jpa.JpaTransactionManager.doBegin(JpaTransactionManager.java:411)
	... 52 more
Caused by: java.sql.SQLSyntaxErrorException: User 'root' has exceeded the 'max_questions' resource (current value: 1000)
	at com.mysql.cj.jdbc.exceptions.SQLError.createSQLException(SQLError.java:112)
	at com.mysql.cj.jdbc.ConnectionImpl.setAutoCommit(ConnectionImpl.java:2129)
	at com.zaxxer.hikari.pool.ProxyConnection.setAutoCommit(ProxyConnection.java:412)
	at com.zaxxer.hikari.pool.HikariProxyConnection.setAutoCommit(HikariProxyConnection.java)
	at org.hibernate.resource.jdbc.internal.AbstractLogicalConnectionImplementor.begin(AbstractLogicalConnectionImplementor.java:68)
	... 57 more
Caused by: com.mysql.cj.exceptions.CJException: User 'root' has exceeded the 'max_questions' resource (current value: 1000)
	at java.base/jdk.internal.reflect.DirectConstructorHandleAccessor.newInstance(DirectConstructorHandleAccessor.java:62)
	at java.base/java.lang.reflect.Constructor.newInstanceWithCaller(Constructor.java:502)
	at java.base/java.lang.reflect.Constructor.newInstance(Constructor.java:486)
	at com.mysql.cj.exceptions.ExceptionFactory.createException(ExceptionFactory.java:52)
	at com.mysql.cj.exceptions.ExceptionFactory.createException(ExceptionFactory.java:95)
	at com.mysql.cj.exceptions.ExceptionFactory.createException(ExceptionFactory.java:140)
	at com.mysql.cj.exceptions.ExceptionFactory.createException(ExceptionFactory.java:118)
	at com.mysql.cj.protocol.a.NativeProtocol.checkErrorMessage(NativeProtocol.java:854)
	at com.mysql.cj.protocol.a.NativeProtocol.checkErrorMessage(NativeProtocol.java:777)
	at com.mysql.cj.protocol.a.NativeProtocol.sendCommand(NativeProtocol.java:707)
	at com.mysql.cj.protocol.a.NativeProtocol.sendQueryPacket(NativeProtocol.java:939)
	at com.mysql.cj.NativeSession.execSQL(NativeSession.java:817)
	at com.mysql.cj.jdbc.ConnectionImpl.setAutoCommit(ConnectionImpl.java:2114)
	... 60 more
org.springframework.transaction.CannotCreateTransactionException: Could not open JPA EntityManager for transaction
	at org.springframework.orm.jpa.JpaTransactionManager.doBegin(JpaTransactionManager.java:457)
	at org.springframework.transaction.support.AbstractPlatformTransactionManager.startTransaction(AbstractPlatformTransactionManager.java:532)
	at org.springframework.transaction.support.AbstractPlatformTransactionManager.getTransaction(AbstractPlatformTransactionManager.java:405)
	at org.springframework.transaction.interceptor.TransactionAspectSupport.createTransactionIfNecessary(TransactionAspectSupport.java:625)
	at org.springframework.transaction.interceptor.TransactionAspectSupport.invokeWithinTransaction(TransactionAspectSupport.java:364)
	at org.springframework.transaction.interceptor.TransactionInterceptor.invoke(TransactionInterceptor.java:118)
	at org.springframework.aop.framework.ReflectiveMethodInvocation.proceed(ReflectiveMethodInvocation.java:179)
	at org.springframework.aop.framework.CglibAopProxy$DynamicAdvisedInterceptor.intercept(CglibAopProxy.java:719)
	at com.FreeLanceHub.ServiceImpl.ProposalServiceImpl$$SpringCGLIB$$0.submitProposal(<generated>)
	at com.FreeLanceHub.controller.ProposalController.submitProposal(ProposalController.java:40)
	at java.base/jdk.internal.reflect.DirectMethodHandleAccessor.invoke(DirectMethodHandleAccessor.java:103)
	at java.base/java.lang.reflect.Method.invoke(Method.java:580)
	at org.springframework.web.method.support.InvocableHandlerMethod.doInvoke(InvocableHandlerMethod.java:258)
	at org.springframework.web.method.support.InvocableHandlerMethod.invokeForRequest(InvocableHandlerMethod.java:190)
	at org.springframework.web.servlet.mvc.method.annotation.ServletInvocableHandlerMethod.invokeAndHandle(ServletInvocableHandlerMethod.java:117)
	at org.springframework.web.servlet.mvc.method.annotation.RequestMappingHandlerAdapter.invokeHandlerMethod(RequestMappingHandlerAdapter.java:934)
	at org.springframework.web.servlet.mvc.method.annotation.RequestMappingHandlerAdapter.handleInternal(RequestMappingHandlerAdapter.java:853)
	at org.springframework.web.servlet.mvc.method.AbstractHandlerMethodAdapter.handle(AbstractHandlerMethodAdapter.java:86)
	at org.springframework.web.servlet.DispatcherServlet.doDispatch(DispatcherServlet.java:963)
	at org.springframework.web.servlet.DispatcherServlet.doService(DispatcherServlet.java:866)
	at org.springframework.web.servlet.FrameworkServlet.processRequest(FrameworkServlet.java:1003)
	at org.springframework.web.servlet.FrameworkServlet.doPost(FrameworkServlet.java:903)
	at jakarta.servlet.http.HttpServlet.service(HttpServlet.java:649)
	at org.springframework.web.servlet.FrameworkServlet.service(FrameworkServlet.java:874)
	at jakarta.servlet.http.HttpServlet.service(HttpServlet.java:710)
	at org.apache.catalina.core.ApplicationFilterChain.doFilter(ApplicationFilterChain.java:128)
	at org.apache.tomcat.websocket.server.WsFilter.doFilter(WsFilter.java:53)
	at org.apache.catalina.core.ApplicationFilterChain.doFilter(ApplicationFilterChain.java:107)
	at org.springframework.web.filter.RequestContextFilter.doFilterInternal(RequestContextFilter.java:100)
	at org.springframework.web.filter.OncePerRequestFilter.doFilter(OncePerRequestFilter.java:116)
	at org.apache.catalina.core.ApplicationFilterChain.doFilter(ApplicationFilterChain.java:107)
	at org.springframework.web.filter.FormContentFilter.doFilterInternal(FormContentFilter.java:93)
	at org.springframework.web.filter.OncePerRequestFilter.doFilter(OncePerRequestFilter.java:116)
	at org.apache.catalina.core.ApplicationFilterChain.doFilter(ApplicationFilterChain.java:107)
	at org.springframework.web.filter.CharacterEncodingFilter.doFilterInternal(CharacterEncodingFilter.java:199)
	at org.springframework.web.filter.OncePerRequestFilter.doFilter(OncePerRequestFilter.java:116)
	at org.apache.catalina.core.ApplicationFilterChain.doFilter(ApplicationFilterChain.java:107)
	at org.apache.catalina.core.StandardWrapperValve.invoke(StandardWrapperValve.java:165)
	at org.apache.catalina.core.StandardContextValve.invoke(StandardContextValve.java:77)
	at org.apache.catalina.authenticator.AuthenticatorBase.invoke(AuthenticatorBase.java:482)
	at org.apache.catalina.core.StandardHostValve.invoke(StandardHostValve.java:113)
	at org.apache.catalina.valves.ErrorReportValve.invoke(ErrorReportValve.java:83)
	at org.apache.catalina.core.StandardEngineValve.invoke(StandardEngineValve.java:72)
	at org.apache.catalina.connector.CoyoteAdapter.service(CoyoteAdapter.java:341)
	at org.apache.coyote.http11.Http11Processor.service(Http11Processor.java:397)
	at org.apache.coyote.AbstractProcessorLight.process(AbstractProcessorLight.java:63)
	at org.apache.coyote.AbstractProtocol$ConnectionHandler.process(AbstractProtocol.java:903)
	at org.apache.tomcat.util.net.NioEndpoint$SocketProcessor.doRun(NioEndpoint.java:1778)
	at org.apache.tomcat.util.net.SocketProcessorBase.run(SocketProcessorBase.java:52)
	at org.apache.tomcat.util.threads.ThreadPoolExecutor.runWorker(ThreadPoolExecutor.java:946)
	at org.apache.tomcat.util.threads.ThreadPoolExecutor$Worker.run(ThreadPoolExecutor.java:480)
	at org.apache.tomcat.util.threads.TaskThread$WrappingRunnable.run(TaskThread.java:57)
	at java.base/java.lang.Thread.run(Thread.java:1583)
Caused by: org.hibernate.TransactionException: JDBC begin transaction failed: 
	at org.hibernate.resource.jdbc.internal.AbstractLogicalConnectionImplementor.begin(AbstractLogicalConnectionImplementor.java:74)
	at org.hibernate.resource.jdbc.internal.LogicalConnectionManagedImpl.begin(LogicalConnectionManagedImpl.java:287)
	at org.hibernate.resource.transaction.backend.jdbc.internal.JdbcResourceLocalTransactionCoordinatorImpl$TransactionDriverControlImpl.begin(JdbcResourceLocalTransactionCoordinatorImpl.java:226)
	at org.hibernate.engine.transaction.internal.TransactionImpl.begin(TransactionImpl.java:75)
	at org.springframework.orm.jpa.vendor.HibernateJpaDialect.beginTransaction(HibernateJpaDialect.java:138)
	at org.springframework.orm.jpa.JpaTransactionManager.doBegin(JpaTransactionManager.java:411)
	... 52 more
Caused by: java.sql.SQLSyntaxErrorException: User 'root' has exceeded the 'max_questions' resource (current value: 1000)
	at com.mysql.cj.jdbc.exceptions.SQLError.createSQLException(SQLError.java:112)
	at com.mysql.cj.jdbc.ConnectionImpl.setAutoCommit(ConnectionImpl.java:2129)
	at com.zaxxer.hikari.pool.ProxyConnection.setAutoCommit(ProxyConnection.java:412)
	at com.zaxxer.hikari.pool.HikariProxyConnection.setAutoCommit(HikariProxyConnection.java)
	at org.hibernate.resource.jdbc.internal.AbstractLogicalConnectionImplementor.begin(AbstractLogicalConnectionImplementor.java:68)
	... 57 more
Caused by: com.mysql.cj.exceptions.CJException: User 'root' has exceeded the 'max_questions' resource (current value: 1000)
	at java.base/jdk.internal.reflect.DirectConstructorHandleAccessor.newInstance(DirectConstructorHandleAccessor.java:62)
	at java.base/java.lang.reflect.Constructor.newInstanceWithCaller(Constructor.java:502)
	at java.base/java.lang.reflect.Constructor.newInstance(Constructor.java:486)
	at com.mysql.cj.exceptions.ExceptionFactory.createException(ExceptionFactory.java:52)
	at com.mysql.cj.exceptions.ExceptionFactory.createException(ExceptionFactory.java:95)
	at com.mysql.cj.exceptions.ExceptionFactory.createException(ExceptionFactory.java:140)
	at com.mysql.cj.exceptions.ExceptionFactory.createException(ExceptionFactory.java:118)
	at com.mysql.cj.protocol.a.NativeProtocol.checkErrorMessage(NativeProtocol.java:854)
	at com.mysql.cj.protocol.a.NativeProtocol.checkErrorMessage(NativeProtocol.java:777)
	at com.mysql.cj.protocol.a.NativeProtocol.sendCommand(NativeProtocol.java:707)
	at com.mysql.cj.protocol.a.NativeProtocol.sendQueryPacket(NativeProtocol.java:939)
	at com.mysql.cj.NativeSession.execSQL(NativeSession.java:817)
	at com.mysql.cj.jdbc.ConnectionImpl.setAutoCommit(ConnectionImpl.java:2114)
	... 60 more
org.springframework.transaction.CannotCreateTransactionException: Could not open JPA EntityManager for transaction
	at org.springframework.orm.jpa.JpaTransactionManager.doBegin(JpaTransactionManager.java:457)
	at org.springframework.transaction.support.AbstractPlatformTransactionManager.startTransaction(AbstractPlatformTransactionManager.java:532)
	at org.springframework.transaction.support.AbstractPlatformTransactionManager.getTransaction(AbstractPlatformTransactionManager.java:405)
	at org.springframework.transaction.interceptor.TransactionAspectSupport.createTransactionIfNecessary(TransactionAspectSupport.java:625)
	at org.springframework.transaction.interceptor.TransactionAspectSupport.invokeWithinTransaction(TransactionAspectSupport.java:364)
	at org.springframework.transaction.interceptor.TransactionInterceptor.invoke(TransactionInterceptor.java:118)
	at org.springframework.aop.framework.ReflectiveMethodInvocation.proceed(ReflectiveMethodInvocation.java:179)
	at org.springframework.aop.framework.CglibAopProxy$DynamicAdvisedInterceptor.intercept(CglibAopProxy.java:719)
	at com.FreeLanceHub.ServiceImpl.NotificationServiceImpl$$SpringCGLIB$$0.getUnreadNotifications(<generated>)
	at com.FreeLanceHub.controller.NotificationController.getUnreadNotifications(NotificationController.java:25)
	at java.base/jdk.internal.reflect.DirectMethodHandleAccessor.invoke(DirectMethodHandleAccessor.java:103)
	at java.base/java.lang.reflect.Method.invoke(Method.java:580)
	at org.springframework.web.method.support.InvocableHandlerMethod.doInvoke(InvocableHandlerMethod.java:258)
	at org.springframework.web.method.support.InvocableHandlerMethod.invokeForRequest(InvocableHandlerMethod.java:190)
	at org.springframework.web.servlet.mvc.method.annotation.ServletInvocableHandlerMethod.invokeAndHandle(ServletInvocableHandlerMethod.java:117)
	at org.springframework.web.servlet.mvc.method.annotation.RequestMappingHandlerAdapter.invokeHandlerMethod(RequestMappingHandlerAdapter.java:934)
	at org.springframework.web.servlet.mvc.method.annotation.RequestMappingHandlerAdapter.handleInternal(RequestMappingHandlerAdapter.java:853)
	at org.springframework.web.servlet.mvc.method.AbstractHandlerMethodAdapter.handle(AbstractHandlerMethodAdapter.java:86)
	at org.springframework.web.servlet.DispatcherServlet.doDispatch(DispatcherServlet.java:963)
	at org.springframework.web.servlet.DispatcherServlet.doService(DispatcherServlet.java:866)
	at org.springframework.web.servlet.FrameworkServlet.processRequest(FrameworkServlet.java:1003)
	at org.springframework.web.servlet.FrameworkServlet.doGet(FrameworkServlet.java:892)
	at jakarta.servlet.http.HttpServlet.service(HttpServlet.java:622)
	at org.springframework.web.servlet.FrameworkServlet.service(FrameworkServlet.java:874)
	at jakarta.servlet.http.HttpServlet.service(HttpServlet.java:710)
	at org.apache.catalina.core.ApplicationFilterChain.doFilter(ApplicationFilterChain.java:128)
	at org.apache.tomcat.websocket.server.WsFilter.doFilter(WsFilter.java:53)
	at org.apache.catalina.core.ApplicationFilterChain.doFilter(ApplicationFilterChain.java:107)
	at org.springframework.web.filter.RequestContextFilter.doFilterInternal(RequestContextFilter.java:100)
	at org.springframework.web.filter.OncePerRequestFilter.doFilter(OncePerRequestFilter.java:116)
	at org.apache.catalina.core.ApplicationFilterChain.doFilter(ApplicationFilterChain.java:107)
	at org.springframework.web.filter.FormContentFilter.doFilterInternal(FormContentFilter.java:93)
	at org.springframework.web.filter.OncePerRequestFilter.doFilter(OncePerRequestFilter.java:116)
	at org.apache.catalina.core.ApplicationFilterChain.doFilter(ApplicationFilterChain.java:107)
	at org.springframework.web.filter.CharacterEncodingFilter.doFilterInternal(CharacterEncodingFilter.java:199)
	at org.springframework.web.filter.OncePerRequestFilter.doFilter(OncePerRequestFilter.java:116)
	at org.apache.catalina.core.ApplicationFilterChain.doFilter(ApplicationFilterChain.java:107)
	at org.apache.catalina.core.StandardWrapperValve.invoke(StandardWrapperValve.java:165)
	at org.apache.catalina.core.StandardContextValve.invoke(StandardContextValve.java:77)
	at org.apache.catalina.authenticator.AuthenticatorBase.invoke(AuthenticatorBase.java:482)
	at org.apache.catalina.core.StandardHostValve.invoke(StandardHostValve.java:113)
	at org.apache.catalina.valves.ErrorReportValve.invoke(ErrorReportValve.java:83)
	at org.apache.catalina.core.StandardEngineValve.invoke(StandardEngineValve.java:72)
	at org.apache.catalina.connector.CoyoteAdapter.service(CoyoteAdapter.java:341)
	at org.apache.coyote.http11.Http11Processor.service(Http11Processor.java:397)
	at org.apache.coyote.AbstractProcessorLight.process(AbstractProcessorLight.java:63)
	at org.apache.coyote.AbstractProtocol$ConnectionHandler.process(AbstractProtocol.java:903)
	at org.apache.tomcat.util.net.NioEndpoint$SocketProcessor.doRun(NioEndpoint.java:1778)
	at org.apache.tomcat.util.net.SocketProcessorBase.run(SocketProcessorBase.java:52)
	at org.apache.tomcat.util.threads.ThreadPoolExecutor.runWorker(ThreadPoolExecutor.java:946)
	at org.apache.tomcat.util.threads.ThreadPoolExecutor$Worker.run(ThreadPoolExecutor.java:480)
	at org.apache.tomcat.util.threads.TaskThread$WrappingRunnable.run(TaskThread.java:57)
	at java.base/java.lang.Thread.run(Thread.java:1583)
Caused by: org.hibernate.TransactionException: JDBC begin transaction failed: 
	at org.hibernate.resource.jdbc.internal.AbstractLogicalConnectionImplementor.begin(AbstractLogicalConnectionImplementor.java:74)
	at org.hibernate.resource.jdbc.internal.LogicalConnectionManagedImpl.begin(LogicalConnectionManagedImpl.java:287)
	at org.hibernate.resource.transaction.backend.jdbc.internal.JdbcResourceLocalTransactionCoordinatorImpl$TransactionDriverControlImpl.begin(JdbcResourceLocalTransactionCoordinatorImpl.java:226)
	at org.hibernate.engine.transaction.internal.TransactionImpl.begin(TransactionImpl.java:75)
	at org.springframework.orm.jpa.vendor.HibernateJpaDialect.beginTransaction(HibernateJpaDialect.java:138)
	at org.springframework.orm.jpa.JpaTransactionManager.doBegin(JpaTransactionManager.java:411)
	... 52 more
Caused by: java.sql.SQLSyntaxErrorException: User 'root' has exceeded the 'max_questions' resource (current value: 1000)
	at com.mysql.cj.jdbc.exceptions.SQLError.createSQLException(SQLError.java:112)
	at com.mysql.cj.jdbc.ConnectionImpl.setAutoCommit(ConnectionImpl.java:2129)
	at com.zaxxer.hikari.pool.ProxyConnection.setAutoCommit(ProxyConnection.java:412)
	at com.zaxxer.hikari.pool.HikariProxyConnection.setAutoCommit(HikariProxyConnection.java)
	at org.hibernate.resource.jdbc.internal.AbstractLogicalConnectionImplementor.begin(AbstractLogicalConnectionImplementor.java:68)
	... 57 more
Caused by: com.mysql.cj.exceptions.CJException: User 'root' has exceeded the 'max_questions' resource (current value: 1000)
	at java.base/jdk.internal.reflect.DirectConstructorHandleAccessor.newInstance(DirectConstructorHandleAccessor.java:62)
	at java.base/java.lang.reflect.Constructor.newInstanceWithCaller(Constructor.java:502)
	at java.base/java.lang.reflect.Constructor.newInstance(Constructor.java:486)
	at com.mysql.cj.exceptions.ExceptionFactory.createException(ExceptionFactory.java:52)
	at com.mysql.cj.exceptions.ExceptionFactory.createException(ExceptionFactory.java:95)
	at com.mysql.cj.exceptions.ExceptionFactory.createException(ExceptionFactory.java:140)
	at com.mysql.cj.exceptions.ExceptionFactory.createException(ExceptionFactory.java:118)
	at com.mysql.cj.protocol.a.NativeProtocol.checkErrorMessage(NativeProtocol.java:854)
	at com.mysql.cj.protocol.a.NativeProtocol.checkErrorMessage(NativeProtocol.java:777)
	at com.mysql.cj.protocol.a.NativeProtocol.sendCommand(NativeProtocol.java:707)
	at com.mysql.cj.protocol.a.NativeProtocol.sendQueryPacket(NativeProtocol.java:939)
	at com.mysql.cj.NativeSession.execSQL(NativeSession.java:817)
	at com.mysql.cj.jdbc.ConnectionImpl.setAutoCommit(ConnectionImpl.java:2114)
	... 60 more
org.springframework.transaction.CannotCreateTransactionException: Could not open JPA EntityManager for transaction
	at org.springframework.orm.jpa.JpaTransactionManager.doBegin(JpaTransactionManager.java:457)
	at org.springframework.transaction.support.AbstractPlatformTransactionManager.startTransaction(AbstractPlatformTransactionManager.java:532)
	at org.springframework.transaction.support.AbstractPlatformTransactionManager.getTransaction(AbstractPlatformTransactionManager.java:405)
	at org.springframework.transaction.interceptor.TransactionAspectSupport.createTransactionIfNecessary(TransactionAspectSupport.java:625)
	at org.springframework.transaction.interceptor.TransactionAspectSupport.invokeWithinTransaction(TransactionAspectSupport.java:364)
	at org.springframework.transaction.interceptor.TransactionInterceptor.invoke(TransactionInterceptor.java:118)
	at org.springframework.aop.framework.ReflectiveMethodInvocation.proceed(ReflectiveMethodInvocation.java:179)
	at org.springframework.aop.framework.CglibAopProxy$DynamicAdvisedInterceptor.intercept(CglibAopProxy.java:719)
	at com.FreeLanceHub.ServiceImpl.NotificationServiceImpl$$SpringCGLIB$$0.getUnreadNotifications(<generated>)
	at com.FreeLanceHub.controller.NotificationController.getUnreadNotifications(NotificationController.java:25)
	at java.base/jdk.internal.reflect.DirectMethodHandleAccessor.invoke(DirectMethodHandleAccessor.java:103)
	at java.base/java.lang.reflect.Method.invoke(Method.java:580)
	at org.springframework.web.method.support.InvocableHandlerMethod.doInvoke(InvocableHandlerMethod.java:258)
	at org.springframework.web.method.support.InvocableHandlerMethod.invokeForRequest(InvocableHandlerMethod.java:190)
	at org.springframework.web.servlet.mvc.method.annotation.ServletInvocableHandlerMethod.invokeAndHandle(ServletInvocableHandlerMethod.java:117)
	at org.springframework.web.servlet.mvc.method.annotation.RequestMappingHandlerAdapter.invokeHandlerMethod(RequestMappingHandlerAdapter.java:934)
	at org.springframework.web.servlet.mvc.method.annotation.RequestMappingHandlerAdapter.handleInternal(RequestMappingHandlerAdapter.java:853)
	at org.springframework.web.servlet.mvc.method.AbstractHandlerMethodAdapter.handle(AbstractHandlerMethodAdapter.java:86)
	at org.springframework.web.servlet.DispatcherServlet.doDispatch(DispatcherServlet.java:963)
	at org.springframework.web.servlet.DispatcherServlet.doService(DispatcherServlet.java:866)
	at org.springframework.web.servlet.FrameworkServlet.processRequest(FrameworkServlet.java:1003)
	at org.springframework.web.servlet.FrameworkServlet.doGet(FrameworkServlet.java:892)
	at jakarta.servlet.http.HttpServlet.service(HttpServlet.java:622)
	at org.springframework.web.servlet.FrameworkServlet.service(FrameworkServlet.java:874)
	at jakarta.servlet.http.HttpServlet.service(HttpServlet.java:710)
	at org.apache.catalina.core.ApplicationFilterChain.doFilter(ApplicationFilterChain.java:128)
	at org.apache.tomcat.websocket.server.WsFilter.doFilter(WsFilter.java:53)
	at org.apache.catalina.core.ApplicationFilterChain.doFilter(ApplicationFilterChain.java:107)
	at org.springframework.web.filter.RequestContextFilter.doFilterInternal(RequestContextFilter.java:100)
	at org.springframework.web.filter.OncePerRequestFilter.doFilter(OncePerRequestFilter.java:116)
	at org.apache.catalina.core.ApplicationFilterChain.doFilter(ApplicationFilterChain.java:107)
	at org.springframework.web.filter.FormContentFilter.doFilterInternal(FormContentFilter.java:93)
	at org.springframework.web.filter.OncePerRequestFilter.doFilter(OncePerRequestFilter.java:116)
	at org.apache.catalina.core.ApplicationFilterChain.doFilter(ApplicationFilterChain.java:107)
	at org.springframework.web.filter.CharacterEncodingFilter.doFilterInternal(CharacterEncodingFilter.java:199)
	at org.springframework.web.filter.OncePerRequestFilter.doFilter(OncePerRequestFilter.java:116)
	at org.apache.catalina.core.ApplicationFilterChain.doFilter(ApplicationFilterChain.java:107)
	at org.apache.catalina.core.StandardWrapperValve.invoke(StandardWrapperValve.java:165)
	at org.apache.catalina.core.StandardContextValve.invoke(StandardContextValve.java:77)
	at org.apache.catalina.authenticator.AuthenticatorBase.invoke(AuthenticatorBase.java:482)
	at org.apache.catalina.core.StandardHostValve.invoke(StandardHostValve.java:113)
	at org.apache.catalina.valves.ErrorReportValve.invoke(ErrorReportValve.java:83)
	at org.apache.catalina.core.StandardEngineValve.invoke(StandardEngineValve.java:72)
	at org.apache.catalina.connector.CoyoteAdapter.service(CoyoteAdapter.java:341)
	at org.apache.coyote.http11.Http11Processor.service(Http11Processor.java:397)
	at org.apache.coyote.AbstractProcessorLight.process(AbstractProcessorLight.java:63)
	at org.apache.coyote.AbstractProtocol$ConnectionHandler.process(AbstractProtocol.java:903)
	at org.apache.tomcat.util.net.NioEndpoint$SocketProcessor.doRun(NioEndpoint.java:1778)
	at org.apache.tomcat.util.net.SocketProcessorBase.run(SocketProcessorBase.java:52)
	at org.apache.tomcat.util.threads.ThreadPoolExecutor.runWorker(ThreadPoolExecutor.java:946)
	at org.apache.tomcat.util.threads.ThreadPoolExecutor$Worker.run(ThreadPoolExecutor.java:480)
	at org.apache.tomcat.util.threads.TaskThread$WrappingRunnable.run(TaskThread.java:57)
	at java.base/java.lang.Thread.run(Thread.java:1583)
Caused by: org.hibernate.TransactionException: JDBC begin transaction failed: 
	at org.hibernate.resource.jdbc.internal.AbstractLogicalConnectionImplementor.begin(AbstractLogicalConnectionImplementor.java:74)
	at org.hibernate.resource.jdbc.internal.LogicalConnectionManagedImpl.begin(LogicalConnectionManagedImpl.java:287)
	at org.hibernate.resource.transaction.backend.jdbc.internal.JdbcResourceLocalTransactionCoordinatorImpl$TransactionDriverControlImpl.begin(JdbcResourceLocalTransactionCoordinatorImpl.java:226)
	at org.hibernate.engine.transaction.internal.TransactionImpl.begin(TransactionImpl.java:75)
	at org.springframework.orm.jpa.vendor.HibernateJpaDialect.beginTransaction(HibernateJpaDialect.java:138)
	at org.springframework.orm.jpa.JpaTransactionManager.doBegin(JpaTransactionManager.java:411)
	... 52 more
Caused by: java.sql.SQLSyntaxErrorException: User 'root' has exceeded the 'max_questions' resource (current value: 1000)
	at com.mysql.cj.jdbc.exceptions.SQLError.createSQLException(SQLError.java:112)
	at com.mysql.cj.jdbc.ConnectionImpl.setAutoCommit(ConnectionImpl.java:2129)
	at com.zaxxer.hikari.pool.ProxyConnection.setAutoCommit(ProxyConnection.java:412)
	at com.zaxxer.hikari.pool.HikariProxyConnection.setAutoCommit(HikariProxyConnection.java)
	at org.hibernate.resource.jdbc.internal.AbstractLogicalConnectionImplementor.begin(AbstractLogicalConnectionImplementor.java:68)
	... 57 more
Caused by: com.mysql.cj.exceptions.CJException: User 'root' has exceeded the 'max_questions' resource (current value: 1000)
	at java.base/jdk.internal.reflect.DirectConstructorHandleAccessor.newInstance(DirectConstructorHandleAccessor.java:62)
	at java.base/java.lang.reflect.Constructor.newInstanceWithCaller(Constructor.java:502)
	at java.base/java.lang.reflect.Constructor.newInstance(Constructor.java:486)
	at com.mysql.cj.exceptions.ExceptionFactory.createException(ExceptionFactory.java:52)
	at com.mysql.cj.exceptions.ExceptionFactory.createException(ExceptionFactory.java:95)
	at com.mysql.cj.exceptions.ExceptionFactory.createException(ExceptionFactory.java:140)
	at com.mysql.cj.exceptions.ExceptionFactory.createException(ExceptionFactory.java:118)
	at com.mysql.cj.protocol.a.NativeProtocol.checkErrorMessage(NativeProtocol.java:854)
	at com.mysql.cj.protocol.a.NativeProtocol.checkErrorMessage(NativeProtocol.java:777)
	at com.mysql.cj.protocol.a.NativeProtocol.sendCommand(NativeProtocol.java:707)
	at com.mysql.cj.protocol.a.NativeProtocol.sendQueryPacket(NativeProtocol.java:939)
	at com.mysql.cj.NativeSession.execSQL(NativeSession.java:817)
	at com.mysql.cj.jdbc.ConnectionImpl.setAutoCommit(ConnectionImpl.java:2114)
	... 60 more
org.springframework.transaction.CannotCreateTransactionException: Could not open JPA EntityManager for transaction
	at org.springframework.orm.jpa.JpaTransactionManager.doBegin(JpaTransactionManager.java:457)
	at org.springframework.transaction.support.AbstractPlatformTransactionManager.startTransaction(AbstractPlatformTransactionManager.java:532)
	at org.springframework.transaction.support.AbstractPlatformTransactionManager.getTransaction(AbstractPlatformTransactionManager.java:405)
	at org.springframework.transaction.interceptor.TransactionAspectSupport.createTransactionIfNecessary(TransactionAspectSupport.java:625)
	at org.springframework.transaction.interceptor.TransactionAspectSupport.invokeWithinTransaction(TransactionAspectSupport.java:364)
	at org.springframework.transaction.interceptor.TransactionInterceptor.invoke(TransactionInterceptor.java:118)
	at org.springframework.aop.framework.ReflectiveMethodInvocation.proceed(ReflectiveMethodInvocation.java:179)
	at org.springframework.aop.framework.CglibAopProxy$DynamicAdvisedInterceptor.intercept(CglibAopProxy.java:719)
	at com.FreeLanceHub.ServiceImpl.ProposalServiceImpl$$SpringCGLIB$$0.submitProposal(<generated>)
	at com.FreeLanceHub.controller.ProposalController.submitProposal(ProposalController.java:40)
	at java.base/jdk.internal.reflect.DirectMethodHandleAccessor.invoke(DirectMethodHandleAccessor.java:103)
	at java.base/java.lang.reflect.Method.invoke(Method.java:580)
	at org.springframework.web.method.support.InvocableHandlerMethod.doInvoke(InvocableHandlerMethod.java:258)
	at org.springframework.web.method.support.InvocableHandlerMethod.invokeForRequest(InvocableHandlerMethod.java:190)
	at org.springframework.web.servlet.mvc.method.annotation.ServletInvocableHandlerMethod.invokeAndHandle(ServletInvocableHandlerMethod.java:117)
	at org.springframework.web.servlet.mvc.method.annotation.RequestMappingHandlerAdapter.invokeHandlerMethod(RequestMappingHandlerAdapter.java:934)
	at org.springframework.web.servlet.mvc.method.annotation.RequestMappingHandlerAdapter.handleInternal(RequestMappingHandlerAdapter.java:853)
	at org.springframework.web.servlet.mvc.method.AbstractHandlerMethodAdapter.handle(AbstractHandlerMethodAdapter.java:86)
	at org.springframework.web.servlet.DispatcherServlet.doDispatch(DispatcherServlet.java:963)
	at org.springframework.web.servlet.DispatcherServlet.doService(DispatcherServlet.java:866)
	at org.springframework.web.servlet.FrameworkServlet.processRequest(FrameworkServlet.java:1003)
	at org.springframework.web.servlet.FrameworkServlet.doPost(FrameworkServlet.java:903)
	at jakarta.servlet.http.HttpServlet.service(HttpServlet.java:649)
	at org.springframework.web.servlet.FrameworkServlet.service(FrameworkServlet.java:874)
	at jakarta.servlet.http.HttpServlet.service(HttpServlet.java:710)
	at org.apache.catalina.core.ApplicationFilterChain.doFilter(ApplicationFilterChain.java:128)
	at org.apache.tomcat.websocket.server.WsFilter.doFilter(WsFilter.java:53)
	at org.apache.catalina.core.ApplicationFilterChain.doFilter(ApplicationFilterChain.java:107)
	at org.springframework.web.filter.RequestContextFilter.doFilterInternal(RequestContextFilter.java:100)
	at org.springframework.web.filter.OncePerRequestFilter.doFilter(OncePerRequestFilter.java:116)
	at org.apache.catalina.core.ApplicationFilterChain.doFilter(ApplicationFilterChain.java:107)
	at org.springframework.web.filter.FormContentFilter.doFilterInternal(FormContentFilter.java:93)
	at org.springframework.web.filter.OncePerRequestFilter.doFilter(OncePerRequestFilter.java:116)
	at org.apache.catalina.core.ApplicationFilterChain.doFilter(ApplicationFilterChain.java:107)
	at org.springframework.web.filter.CharacterEncodingFilter.doFilterInternal(CharacterEncodingFilter.java:199)
	at org.springframework.web.filter.OncePerRequestFilter.doFilter(OncePerRequestFilter.java:116)
	at org.apache.catalina.core.ApplicationFilterChain.doFilter(ApplicationFilterChain.java:107)
	at org.apache.catalina.core.StandardWrapperValve.invoke(StandardWrapperValve.java:165)
	at org.apache.catalina.core.StandardContextValve.invoke(StandardContextValve.java:77)
	at org.apache.catalina.authenticator.AuthenticatorBase.invoke(AuthenticatorBase.java:482)
	at org.apache.catalina.core.StandardHostValve.invoke(StandardHostValve.java:113)
	at org.apache.catalina.valves.ErrorReportValve.invoke(ErrorReportValve.java:83)
	at org.apache.catalina.core.StandardEngineValve.invoke(StandardEngineValve.java:72)
	at org.apache.catalina.connector.CoyoteAdapter.service(CoyoteAdapter.java:341)
	at org.apache.coyote.http11.Http11Processor.service(Http11Processor.java:397)
	at org.apache.coyote.AbstractProcessorLight.process(AbstractProcessorLight.java:63)
	at org.apache.coyote.AbstractProtocol$ConnectionHandler.process(AbstractProtocol.java:903)
	at org.apache.tomcat.util.net.NioEndpoint$SocketProcessor.doRun(NioEndpoint.java:1778)
	at org.apache.tomcat.util.net.SocketProcessorBase.run(SocketProcessorBase.java:52)
	at org.apache.tomcat.util.threads.ThreadPoolExecutor.runWorker(ThreadPoolExecutor.java:946)
	at org.apache.tomcat.util.threads.ThreadPoolExecutor$Worker.run(ThreadPoolExecutor.java:480)
	at org.apache.tomcat.util.threads.TaskThread$WrappingRunnable.run(TaskThread.java:57)
	at java.base/java.lang.Thread.run(Thread.java:1583)
Caused by: org.hibernate.TransactionException: JDBC begin transaction failed: 
	at org.hibernate.resource.jdbc.internal.AbstractLogicalConnectionImplementor.begin(AbstractLogicalConnectionImplementor.java:74)
	at org.hibernate.resource.jdbc.internal.LogicalConnectionManagedImpl.begin(LogicalConnectionManagedImpl.java:287)
	at org.hibernate.resource.transaction.backend.jdbc.internal.JdbcResourceLocalTransactionCoordinatorImpl$TransactionDriverControlImpl.begin(JdbcResourceLocalTransactionCoordinatorImpl.java:226)
	at org.hibernate.engine.transaction.internal.TransactionImpl.begin(TransactionImpl.java:75)
	at org.springframework.orm.jpa.vendor.HibernateJpaDialect.beginTransaction(HibernateJpaDialect.java:138)
	at org.springframework.orm.jpa.JpaTransactionManager.doBegin(JpaTransactionManager.java:411)
	... 52 more
Caused by: java.sql.SQLSyntaxErrorException: User 'root' has exceeded the 'max_questions' resource (current value: 1000)
	at com.mysql.cj.jdbc.exceptions.SQLError.createSQLException(SQLError.java:112)
	at com.mysql.cj.jdbc.ConnectionImpl.setAutoCommit(ConnectionImpl.java:2129)
	at com.zaxxer.hikari.pool.ProxyConnection.setAutoCommit(ProxyConnection.java:412)
	at com.zaxxer.hikari.pool.HikariProxyConnection.setAutoCommit(HikariProxyConnection.java)
	at org.hibernate.resource.jdbc.internal.AbstractLogicalConnectionImplementor.begin(AbstractLogicalConnectionImplementor.java:68)
	... 57 more
Caused by: com.mysql.cj.exceptions.CJException: User 'root' has exceeded the 'max_questions' resource (current value: 1000)
	at java.base/jdk.internal.reflect.DirectConstructorHandleAccessor.newInstance(DirectConstructorHandleAccessor.java:62)
	at java.base/java.lang.reflect.Constructor.newInstanceWithCaller(Constructor.java:502)
	at java.base/java.lang.reflect.Constructor.newInstance(Constructor.java:486)
	at com.mysql.cj.exceptions.ExceptionFactory.createException(ExceptionFactory.java:52)
	at com.mysql.cj.exceptions.ExceptionFactory.createException(ExceptionFactory.java:95)
	at com.mysql.cj.exceptions.ExceptionFactory.createException(ExceptionFactory.java:140)
	at com.mysql.cj.exceptions.ExceptionFactory.createException(ExceptionFactory.java:118)
	at com.mysql.cj.protocol.a.NativeProtocol.checkErrorMessage(NativeProtocol.java:854)
	at com.mysql.cj.protocol.a.NativeProtocol.checkErrorMessage(NativeProtocol.java:777)
	at com.mysql.cj.protocol.a.NativeProtocol.sendCommand(NativeProtocol.java:707)
	at com.mysql.cj.protocol.a.NativeProtocol.sendQueryPacket(NativeProtocol.java:939)
	at com.mysql.cj.NativeSession.execSQL(NativeSession.java:817)
	at com.mysql.cj.jdbc.ConnectionImpl.setAutoCommit(ConnectionImpl.java:2114)
	... 60 more
org.springframework.transaction.CannotCreateTransactionException: Could not open JPA EntityManager for transaction
	at org.springframework.orm.jpa.JpaTransactionManager.doBegin(JpaTransactionManager.java:457)
	at org.springframework.transaction.support.AbstractPlatformTransactionManager.startTransaction(AbstractPlatformTransactionManager.java:532)
	at org.springframework.transaction.support.AbstractPlatformTransactionManager.getTransaction(AbstractPlatformTransactionManager.java:405)
	at org.springframework.transaction.interceptor.TransactionAspectSupport.createTransactionIfNecessary(TransactionAspectSupport.java:625)
	at org.springframework.transaction.interceptor.TransactionAspectSupport.invokeWithinTransaction(TransactionAspectSupport.java:364)
	at org.springframework.transaction.interceptor.TransactionInterceptor.invoke(TransactionInterceptor.java:118)
	at org.springframework.aop.framework.ReflectiveMethodInvocation.proceed(ReflectiveMethodInvocation.java:179)
	at org.springframework.aop.framework.CglibAopProxy$DynamicAdvisedInterceptor.intercept(CglibAopProxy.java:719)
	at com.FreeLanceHub.ServiceImpl.NotificationServiceImpl$$SpringCGLIB$$0.getUnreadNotifications(<generated>)
	at com.FreeLanceHub.controller.NotificationController.getUnreadNotifications(NotificationController.java:25)
	at java.base/jdk.internal.reflect.DirectMethodHandleAccessor.invoke(DirectMethodHandleAccessor.java:103)
	at java.base/java.lang.reflect.Method.invoke(Method.java:580)
	at org.springframework.web.method.support.InvocableHandlerMethod.doInvoke(InvocableHandlerMethod.java:258)
	at org.springframework.web.method.support.InvocableHandlerMethod.invokeForRequest(InvocableHandlerMethod.java:190)
	at org.springframework.web.servlet.mvc.method.annotation.ServletInvocableHandlerMethod.invokeAndHandle(ServletInvocableHandlerMethod.java:117)
	at org.springframework.web.servlet.mvc.method.annotation.RequestMappingHandlerAdapter.invokeHandlerMethod(RequestMappingHandlerAdapter.java:934)
	at org.springframework.web.servlet.mvc.method.annotation.RequestMappingHandlerAdapter.handleInternal(RequestMappingHandlerAdapter.java:853)
	at org.springframework.web.servlet.mvc.method.AbstractHandlerMethodAdapter.handle(AbstractHandlerMethodAdapter.java:86)
	at org.springframework.web.servlet.DispatcherServlet.doDispatch(DispatcherServlet.java:963)
	at org.springframework.web.servlet.DispatcherServlet.doService(DispatcherServlet.java:866)
	at org.springframework.web.servlet.FrameworkServlet.processRequest(FrameworkServlet.java:1003)
	at org.springframework.web.servlet.FrameworkServlet.doGet(FrameworkServlet.java:892)
	at jakarta.servlet.http.HttpServlet.service(HttpServlet.java:622)
	at org.springframework.web.servlet.FrameworkServlet.service(FrameworkServlet.java:874)
	at jakarta.servlet.http.HttpServlet.service(HttpServlet.java:710)
	at org.apache.catalina.core.ApplicationFilterChain.doFilter(ApplicationFilterChain.java:128)
	at org.apache.tomcat.websocket.server.WsFilter.doFilter(WsFilter.java:53)
	at org.apache.catalina.core.ApplicationFilterChain.doFilter(ApplicationFilterChain.java:107)
	at org.springframework.web.filter.RequestContextFilter.doFilterInternal(RequestContextFilter.java:100)
	at org.springframework.web.filter.OncePerRequestFilter.doFilter(OncePerRequestFilter.java:116)
	at org.apache.catalina.core.ApplicationFilterChain.doFilter(ApplicationFilterChain.java:107)
	at org.springframework.web.filter.FormContentFilter.doFilterInternal(FormContentFilter.java:93)
	at org.springframework.web.filter.OncePerRequestFilter.doFilter(OncePerRequestFilter.java:116)
	at org.apache.catalina.core.ApplicationFilterChain.doFilter(ApplicationFilterChain.java:107)
	at org.springframework.web.filter.CharacterEncodingFilter.doFilterInternal(CharacterEncodingFilter.java:199)
	at org.springframework.web.filter.OncePerRequestFilter.doFilter(OncePerRequestFilter.java:116)
	at org.apache.catalina.core.ApplicationFilterChain.doFilter(ApplicationFilterChain.java:107)
	at org.apache.catalina.core.StandardWrapperValve.invoke(StandardWrapperValve.java:165)
	at org.apache.catalina.core.StandardContextValve.invoke(StandardContextValve.java:77)
	at org.apache.catalina.authenticator.AuthenticatorBase.invoke(AuthenticatorBase.java:482)
	at org.apache.catalina.core.StandardHostValve.invoke(StandardHostValve.java:113)
	at org.apache.catalina.valves.ErrorReportValve.invoke(ErrorReportValve.java:83)
	at org.apache.catalina.core.StandardEngineValve.invoke(StandardEngineValve.java:72)
	at org.apache.catalina.connector.CoyoteAdapter.service(CoyoteAdapter.java:341)
	at org.apache.coyote.http11.Http11Processor.service(Http11Processor.java:397)
	at org.apache.coyote.AbstractProcessorLight.process(AbstractProcessorLight.java:63)
	at org.apache.coyote.AbstractProtocol$ConnectionHandler.process(AbstractProtocol.java:903)
	at org.apache.tomcat.util.net.NioEndpoint$SocketProcessor.doRun(NioEndpoint.java:1778)
	at org.apache.tomcat.util.net.SocketProcessorBase.run(SocketProcessorBase.java:52)
	at org.apache.tomcat.util.threads.ThreadPoolExecutor.runWorker(ThreadPoolExecutor.java:946)
	at org.apache.tomcat.util.threads.ThreadPoolExecutor$Worker.run(ThreadPoolExecutor.java:480)
	at org.apache.tomcat.util.threads.TaskThread$WrappingRunnable.run(TaskThread.java:57)
	at java.base/java.lang.Thread.run(Thread.java:1583)
Caused by: org.hibernate.TransactionException: JDBC begin transaction failed: 
	at org.hibernate.resource.jdbc.internal.AbstractLogicalConnectionImplementor.begin(AbstractLogicalConnectionImplementor.java:74)
	at org.hibernate.resource.jdbc.internal.LogicalConnectionManagedImpl.begin(LogicalConnectionManagedImpl.java:287)
	at org.hibernate.resource.transaction.backend.jdbc.internal.JdbcResourceLocalTransactionCoordinatorImpl$TransactionDriverControlImpl.begin(JdbcResourceLocalTransactionCoordinatorImpl.java:226)
	at org.hibernate.engine.transaction.internal.TransactionImpl.begin(TransactionImpl.java:75)
	at org.springframework.orm.jpa.vendor.HibernateJpaDialect.beginTransaction(HibernateJpaDialect.java:138)
	at org.springframework.orm.jpa.JpaTransactionManager.doBegin(JpaTransactionManager.java:411)
	... 52 more
Caused by: java.sql.SQLSyntaxErrorException: User 'root' has exceeded the 'max_questions' resource (current value: 1000)
	at com.mysql.cj.jdbc.exceptions.SQLError.createSQLException(SQLError.java:112)
	at com.mysql.cj.jdbc.ConnectionImpl.setAutoCommit(ConnectionImpl.java:2129)
	at com.zaxxer.hikari.pool.ProxyConnection.setAutoCommit(ProxyConnection.java:412)
	at com.zaxxer.hikari.pool.HikariProxyConnection.setAutoCommit(HikariProxyConnection.java)
	at org.hibernate.resource.jdbc.internal.AbstractLogicalConnectionImplementor.begin(AbstractLogicalConnectionImplementor.java:68)
	... 57 more
Caused by: com.mysql.cj.exceptions.CJException: User 'root' has exceeded the 'max_questions' resource (current value: 1000)
	at java.base/jdk.internal.reflect.DirectConstructorHandleAccessor.newInstance(DirectConstructorHandleAccessor.java:62)
	at java.base/java.lang.reflect.Constructor.newInstanceWithCaller(Constructor.java:502)
	at java.base/java.lang.reflect.Constructor.newInstance(Constructor.java:486)
	at com.mysql.cj.exceptions.ExceptionFactory.createException(ExceptionFactory.java:52)
	at com.mysql.cj.exceptions.ExceptionFactory.createException(ExceptionFactory.java:95)
	at com.mysql.cj.exceptions.ExceptionFactory.createException(ExceptionFactory.java:140)
	at com.mysql.cj.exceptions.ExceptionFactory.createException(ExceptionFactory.java:118)
	at com.mysql.cj.protocol.a.NativeProtocol.checkErrorMessage(NativeProtocol.java:854)
	at com.mysql.cj.protocol.a.NativeProtocol.checkErrorMessage(NativeProtocol.java:777)
	at com.mysql.cj.protocol.a.NativeProtocol.sendCommand(NativeProtocol.java:707)
	at com.mysql.cj.protocol.a.NativeProtocol.sendQueryPacket(NativeProtocol.java:939)
	at com.mysql.cj.NativeSession.execSQL(NativeSession.java:817)
	at com.mysql.cj.jdbc.ConnectionImpl.setAutoCommit(ConnectionImpl.java:2114)
	... 60 more
org.springframework.transaction.CannotCreateTransactionException: Could not open JPA EntityManager for transaction
	at org.springframework.orm.jpa.JpaTransactionManager.doBegin(JpaTransactionManager.java:457)
	at org.springframework.transaction.support.AbstractPlatformTransactionManager.startTransaction(AbstractPlatformTransactionManager.java:532)
	at org.springframework.transaction.support.AbstractPlatformTransactionManager.getTransaction(AbstractPlatformTransactionManager.java:405)
	at org.springframework.transaction.interceptor.TransactionAspectSupport.createTransactionIfNecessary(TransactionAspectSupport.java:625)
	at org.springframework.transaction.interceptor.TransactionAspectSupport.invokeWithinTransaction(TransactionAspectSupport.java:364)
	at org.springframework.transaction.interceptor.TransactionInterceptor.invoke(TransactionInterceptor.java:118)
	at org.springframework.aop.framework.ReflectiveMethodInvocation.proceed(ReflectiveMethodInvocation.java:179)
	at org.springframework.aop.framework.CglibAopProxy$DynamicAdvisedInterceptor.intercept(CglibAopProxy.java:719)
	at com.FreeLanceHub.ServiceImpl.NotificationServiceImpl$$SpringCGLIB$$0.getUnreadNotifications(<generated>)
	at com.FreeLanceHub.controller.NotificationController.getUnreadNotifications(NotificationController.java:25)
	at java.base/jdk.internal.reflect.DirectMethodHandleAccessor.invoke(DirectMethodHandleAccessor.java:103)
	at java.base/java.lang.reflect.Method.invoke(Method.java:580)
	at org.springframework.web.method.support.InvocableHandlerMethod.doInvoke(InvocableHandlerMethod.java:258)
	at org.springframework.web.method.support.InvocableHandlerMethod.invokeForRequest(InvocableHandlerMethod.java:190)
	at org.springframework.web.servlet.mvc.method.annotation.ServletInvocableHandlerMethod.invokeAndHandle(ServletInvocableHandlerMethod.java:117)
	at org.springframework.web.servlet.mvc.method.annotation.RequestMappingHandlerAdapter.invokeHandlerMethod(RequestMappingHandlerAdapter.java:934)
	at org.springframework.web.servlet.mvc.method.annotation.RequestMappingHandlerAdapter.handleInternal(RequestMappingHandlerAdapter.java:853)
	at org.springframework.web.servlet.mvc.method.AbstractHandlerMethodAdapter.handle(AbstractHandlerMethodAdapter.java:86)
	at org.springframework.web.servlet.DispatcherServlet.doDispatch(DispatcherServlet.java:963)
	at org.springframework.web.servlet.DispatcherServlet.doService(DispatcherServlet.java:866)
	at org.springframework.web.servlet.FrameworkServlet.processRequest(FrameworkServlet.java:1003)
	at org.springframework.web.servlet.FrameworkServlet.doGet(FrameworkServlet.java:892)
	at jakarta.servlet.http.HttpServlet.service(HttpServlet.java:622)
	at org.springframework.web.servlet.FrameworkServlet.service(FrameworkServlet.java:874)
	at jakarta.servlet.http.HttpServlet.service(HttpServlet.java:710)
	at org.apache.catalina.core.ApplicationFilterChain.doFilter(ApplicationFilterChain.java:128)
	at org.apache.tomcat.websocket.server.WsFilter.doFilter(WsFilter.java:53)
	at org.apache.catalina.core.ApplicationFilterChain.doFilter(ApplicationFilterChain.java:107)
	at org.springframework.web.filter.RequestContextFilter.doFilterInternal(RequestContextFilter.java:100)
	at org.springframework.web.filter.OncePerRequestFilter.doFilter(OncePerRequestFilter.java:116)
	at org.apache.catalina.core.ApplicationFilterChain.doFilter(ApplicationFilterChain.java:107)
	at org.springframework.web.filter.FormContentFilter.doFilterInternal(FormContentFilter.java:93)
	at org.springframework.web.filter.OncePerRequestFilter.doFilter(OncePerRequestFilter.java:116)
	at org.apache.catalina.core.ApplicationFilterChain.doFilter(ApplicationFilterChain.java:107)
	at org.springframework.web.filter.CharacterEncodingFilter.doFilterInternal(CharacterEncodingFilter.java:199)
	at org.springframework.web.filter.OncePerRequestFilter.doFilter(OncePerRequestFilter.java:116)
	at org.apache.catalina.core.ApplicationFilterChain.doFilter(ApplicationFilterChain.java:107)
	at org.apache.catalina.core.StandardWrapperValve.invoke(StandardWrapperValve.java:165)
	at org.apache.catalina.core.StandardContextValve.invoke(StandardContextValve.java:77)
	at org.apache.catalina.authenticator.AuthenticatorBase.invoke(AuthenticatorBase.java:482)
	at org.apache.catalina.core.StandardHostValve.invoke(StandardHostValve.java:113)
	at org.apache.catalina.valves.ErrorReportValve.invoke(ErrorReportValve.java:83)
	at org.apache.catalina.core.StandardEngineValve.invoke(StandardEngineValve.java:72)
	at org.apache.catalina.connector.CoyoteAdapter.service(CoyoteAdapter.java:341)
	at org.apache.coyote.http11.Http11Processor.service(Http11Processor.java:397)
	at org.apache.coyote.AbstractProcessorLight.process(AbstractProcessorLight.java:63)
	at org.apache.coyote.AbstractProtocol$ConnectionHandler.process(AbstractProtocol.java:903)
	at org.apache.tomcat.util.net.NioEndpoint$SocketProcessor.doRun(NioEndpoint.java:1778)
	at org.apache.tomcat.util.net.SocketProcessorBase.run(SocketProcessorBase.java:52)
	at org.apache.tomcat.util.threads.ThreadPoolExecutor.runWorker(ThreadPoolExecutor.java:946)
	at org.apache.tomcat.util.threads.ThreadPoolExecutor$Worker.run(ThreadPoolExecutor.java:480)
	at org.apache.tomcat.util.threads.TaskThread$WrappingRunnable.run(TaskThread.java:57)
	at java.base/java.lang.Thread.run(Thread.java:1583)
Caused by: org.hibernate.TransactionException: JDBC begin transaction failed: 
	at org.hibernate.resource.jdbc.internal.AbstractLogicalConnectionImplementor.begin(AbstractLogicalConnectionImplementor.java:74)
	at org.hibernate.resource.jdbc.internal.LogicalConnectionManagedImpl.begin(LogicalConnectionManagedImpl.java:287)
	at org.hibernate.resource.transaction.backend.jdbc.internal.JdbcResourceLocalTransactionCoordinatorImpl$TransactionDriverControlImpl.begin(JdbcResourceLocalTransactionCoordinatorImpl.java:226)
	at org.hibernate.engine.transaction.internal.TransactionImpl.begin(TransactionImpl.java:75)
	at org.springframework.orm.jpa.vendor.HibernateJpaDialect.beginTransaction(HibernateJpaDialect.java:138)
	at org.springframework.orm.jpa.JpaTransactionManager.doBegin(JpaTransactionManager.java:411)
	... 52 more
Caused by: java.sql.SQLSyntaxErrorException: User 'root' has exceeded the 'max_questions' resource (current value: 1000)
	at com.mysql.cj.jdbc.exceptions.SQLError.createSQLException(SQLError.java:112)
	at com.mysql.cj.jdbc.ConnectionImpl.setAutoCommit(ConnectionImpl.java:2129)
	at com.zaxxer.hikari.pool.ProxyConnection.setAutoCommit(ProxyConnection.java:412)
	at com.zaxxer.hikari.pool.HikariProxyConnection.setAutoCommit(HikariProxyConnection.java)
	at org.hibernate.resource.jdbc.internal.AbstractLogicalConnectionImplementor.begin(AbstractLogicalConnectionImplementor.java:68)
	... 57 more
Caused by: com.mysql.cj.exceptions.CJException: User 'root' has exceeded the 'max_questions' resource (current value: 1000)
	at java.base/jdk.internal.reflect.DirectConstructorHandleAccessor.newInstance(DirectConstructorHandleAccessor.java:62)
	at java.base/java.lang.reflect.Constructor.newInstanceWithCaller(Constructor.java:502)
	at java.base/java.lang.reflect.Constructor.newInstance(Constructor.java:486)
	at com.mysql.cj.exceptions.ExceptionFactory.createException(ExceptionFactory.java:52)
	at com.mysql.cj.exceptions.ExceptionFactory.createException(ExceptionFactory.java:95)
	at com.mysql.cj.exceptions.ExceptionFactory.createException(ExceptionFactory.java:140)
	at com.mysql.cj.exceptions.ExceptionFactory.createException(ExceptionFactory.java:118)
	at com.mysql.cj.protocol.a.NativeProtocol.checkErrorMessage(NativeProtocol.java:854)
	at com.mysql.cj.protocol.a.NativeProtocol.checkErrorMessage(NativeProtocol.java:777)
	at com.mysql.cj.protocol.a.NativeProtocol.sendCommand(NativeProtocol.java:707)
	at com.mysql.cj.protocol.a.NativeProtocol.sendQueryPacket(NativeProtocol.java:939)
	at com.mysql.cj.NativeSession.execSQL(NativeSession.java:817)
	at com.mysql.cj.jdbc.ConnectionImpl.setAutoCommit(ConnectionImpl.java:2114)
	... 60 more
org.springframework.transaction.CannotCreateTransactionException: Could not open JPA EntityManager for transaction
	at org.springframework.orm.jpa.JpaTransactionManager.doBegin(JpaTransactionManager.java:457)
	at org.springframework.transaction.support.AbstractPlatformTransactionManager.startTransaction(AbstractPlatformTransactionManager.java:532)
	at org.springframework.transaction.support.AbstractPlatformTransactionManager.getTransaction(AbstractPlatformTransactionManager.java:405)
	at org.springframework.transaction.interceptor.TransactionAspectSupport.createTransactionIfNecessary(TransactionAspectSupport.java:625)
	at org.springframework.transaction.interceptor.TransactionAspectSupport.invokeWithinTransaction(TransactionAspectSupport.java:364)
	at org.springframework.transaction.interceptor.TransactionInterceptor.invoke(TransactionInterceptor.java:118)
	at org.springframework.aop.framework.ReflectiveMethodInvocation.proceed(ReflectiveMethodInvocation.java:179)
	at org.springframework.aop.framework.CglibAopProxy$DynamicAdvisedInterceptor.intercept(CglibAopProxy.java:719)
	at com.FreeLanceHub.ServiceImpl.NotificationServiceImpl$$SpringCGLIB$$0.getUnreadNotifications(<generated>)
	at com.FreeLanceHub.controller.NotificationController.getUnreadNotifications(NotificationController.java:25)
	at java.base/jdk.internal.reflect.DirectMethodHandleAccessor.invoke(DirectMethodHandleAccessor.java:103)
	at java.base/java.lang.reflect.Method.invoke(Method.java:580)
	at org.springframework.web.method.support.InvocableHandlerMethod.doInvoke(InvocableHandlerMethod.java:258)
	at org.springframework.web.method.support.InvocableHandlerMethod.invokeForRequest(InvocableHandlerMethod.java:190)
	at org.springframework.web.servlet.mvc.method.annotation.ServletInvocableHandlerMethod.invokeAndHandle(ServletInvocableHandlerMethod.java:117)
	at org.springframework.web.servlet.mvc.method.annotation.RequestMappingHandlerAdapter.invokeHandlerMethod(RequestMappingHandlerAdapter.java:934)
	at org.springframework.web.servlet.mvc.method.annotation.RequestMappingHandlerAdapter.handleInternal(RequestMappingHandlerAdapter.java:853)
	at org.springframework.web.servlet.mvc.method.AbstractHandlerMethodAdapter.handle(AbstractHandlerMethodAdapter.java:86)
	at org.springframework.web.servlet.DispatcherServlet.doDispatch(DispatcherServlet.java:963)
	at org.springframework.web.servlet.DispatcherServlet.doService(DispatcherServlet.java:866)
	at org.springframework.web.servlet.FrameworkServlet.processRequest(FrameworkServlet.java:1003)
	at org.springframework.web.servlet.FrameworkServlet.doGet(FrameworkServlet.java:892)
	at jakarta.servlet.http.HttpServlet.service(HttpServlet.java:622)
	at org.springframework.web.servlet.FrameworkServlet.service(FrameworkServlet.java:874)
	at jakarta.servlet.http.HttpServlet.service(HttpServlet.java:710)
	at org.apache.catalina.core.ApplicationFilterChain.doFilter(ApplicationFilterChain.java:128)
	at org.apache.tomcat.websocket.server.WsFilter.doFilter(WsFilter.java:53)
	at org.apache.catalina.core.ApplicationFilterChain.doFilter(ApplicationFilterChain.java:107)
	at org.springframework.web.filter.RequestContextFilter.doFilterInternal(RequestContextFilter.java:100)
	at org.springframework.web.filter.OncePerRequestFilter.doFilter(OncePerRequestFilter.java:116)
	at org.apache.catalina.core.ApplicationFilterChain.doFilter(ApplicationFilterChain.java:107)
	at org.springframework.web.filter.FormContentFilter.doFilterInternal(FormContentFilter.java:93)
	at org.springframework.web.filter.OncePerRequestFilter.doFilter(OncePerRequestFilter.java:116)
	at org.apache.catalina.core.ApplicationFilterChain.doFilter(ApplicationFilterChain.java:107)
	at org.springframework.web.filter.CharacterEncodingFilter.doFilterInternal(CharacterEncodingFilter.java:199)
	at org.springframework.web.filter.OncePerRequestFilter.doFilter(OncePerRequestFilter.java:116)
	at org.apache.catalina.core.ApplicationFilterChain.doFilter(ApplicationFilterChain.java:107)
	at org.apache.catalina.core.StandardWrapperValve.invoke(StandardWrapperValve.java:165)
	at org.apache.catalina.core.StandardContextValve.invoke(StandardContextValve.java:77)
	at org.apache.catalina.authenticator.AuthenticatorBase.invoke(AuthenticatorBase.java:482)
	at org.apache.catalina.core.StandardHostValve.invoke(StandardHostValve.java:113)
	at org.apache.catalina.valves.ErrorReportValve.invoke(ErrorReportValve.java:83)
	at org.apache.catalina.core.StandardEngineValve.invoke(StandardEngineValve.java:72)
	at org.apache.catalina.connector.CoyoteAdapter.service(CoyoteAdapter.java:341)
	at org.apache.coyote.http11.Http11Processor.service(Http11Processor.java:397)
	at org.apache.coyote.AbstractProcessorLight.process(AbstractProcessorLight.java:63)
	at org.apache.coyote.AbstractProtocol$ConnectionHandler.process(AbstractProtocol.java:903)
	at org.apache.tomcat.util.net.NioEndpoint$SocketProcessor.doRun(NioEndpoint.java:1778)
	at org.apache.tomcat.util.net.SocketProcessorBase.run(SocketProcessorBase.java:52)
	at org.apache.tomcat.util.threads.ThreadPoolExecutor.runWorker(ThreadPoolExecutor.java:946)
	at org.apache.tomcat.util.threads.ThreadPoolExecutor$Worker.run(ThreadPoolExecutor.java:480)
	at org.apache.tomcat.util.threads.TaskThread$WrappingRunnable.run(TaskThread.java:57)
	at java.base/java.lang.Thread.run(Thread.java:1583)
Caused by: org.hibernate.TransactionException: JDBC begin transaction failed: 
	at org.hibernate.resource.jdbc.internal.AbstractLogicalConnectionImplementor.begin(AbstractLogicalConnectionImplementor.java:74)
	at org.hibernate.resource.jdbc.internal.LogicalConnectionManagedImpl.begin(LogicalConnectionManagedImpl.java:287)
	at org.hibernate.resource.transaction.backend.jdbc.internal.JdbcResourceLocalTransactionCoordinatorImpl$TransactionDriverControlImpl.begin(JdbcResourceLocalTransactionCoordinatorImpl.java:226)
	at org.hibernate.engine.transaction.internal.TransactionImpl.begin(TransactionImpl.java:75)
	at org.springframework.orm.jpa.vendor.HibernateJpaDialect.beginTransaction(HibernateJpaDialect.java:138)
	at org.springframework.orm.jpa.JpaTransactionManager.doBegin(JpaTransactionManager.java:411)
	... 52 more
Caused by: java.sql.SQLSyntaxErrorException: User 'root' has exceeded the 'max_questions' resource (current value: 1000)
	at com.mysql.cj.jdbc.exceptions.SQLError.createSQLException(SQLError.java:112)
	at com.mysql.cj.jdbc.ConnectionImpl.setAutoCommit(ConnectionImpl.java:2129)
	at com.zaxxer.hikari.pool.ProxyConnection.setAutoCommit(ProxyConnection.java:412)
	at com.zaxxer.hikari.pool.HikariProxyConnection.setAutoCommit(HikariProxyConnection.java)
	at org.hibernate.resource.jdbc.internal.AbstractLogicalConnectionImplementor.begin(AbstractLogicalConnectionImplementor.java:68)
	... 57 more
Caused by: com.mysql.cj.exceptions.CJException: User 'root' has exceeded the 'max_questions' resource (current value: 1000)
	at java.base/jdk.internal.reflect.DirectConstructorHandleAccessor.newInstance(DirectConstructorHandleAccessor.java:62)
	at java.base/java.lang.reflect.Constructor.newInstanceWithCaller(Constructor.java:502)
	at java.base/java.lang.reflect.Constructor.newInstance(Constructor.java:486)
	at com.mysql.cj.exceptions.ExceptionFactory.createException(ExceptionFactory.java:52)
	at com.mysql.cj.exceptions.ExceptionFactory.createException(ExceptionFactory.java:95)
	at com.mysql.cj.exceptions.ExceptionFactory.createException(ExceptionFactory.java:140)
	at com.mysql.cj.exceptions.ExceptionFactory.createException(ExceptionFactory.java:118)
	at com.mysql.cj.protocol.a.NativeProtocol.checkErrorMessage(NativeProtocol.java:854)
	at com.mysql.cj.protocol.a.NativeProtocol.checkErrorMessage(NativeProtocol.java:777)
	at com.mysql.cj.protocol.a.NativeProtocol.sendCommand(NativeProtocol.java:707)
	at com.mysql.cj.protocol.a.NativeProtocol.sendQueryPacket(NativeProtocol.java:939)
	at com.mysql.cj.NativeSession.execSQL(NativeSession.java:817)
	at com.mysql.cj.jdbc.ConnectionImpl.setAutoCommit(ConnectionImpl.java:2114)
	... 60 more
org.springframework.transaction.CannotCreateTransactionException: Could not open JPA EntityManager for transaction
	at org.springframework.orm.jpa.JpaTransactionManager.doBegin(JpaTransactionManager.java:457)
	at org.springframework.transaction.support.AbstractPlatformTransactionManager.startTransaction(AbstractPlatformTransactionManager.java:532)
	at org.springframework.transaction.support.AbstractPlatformTransactionManager.getTransaction(AbstractPlatformTransactionManager.java:405)
	at org.springframework.transaction.interceptor.TransactionAspectSupport.createTransactionIfNecessary(TransactionAspectSupport.java:625)
	at org.springframework.transaction.interceptor.TransactionAspectSupport.invokeWithinTransaction(TransactionAspectSupport.java:364)
	at org.springframework.transaction.interceptor.TransactionInterceptor.invoke(TransactionInterceptor.java:118)
	at org.springframework.aop.framework.ReflectiveMethodInvocation.proceed(ReflectiveMethodInvocation.java:179)
	at org.springframework.aop.framework.CglibAopProxy$DynamicAdvisedInterceptor.intercept(CglibAopProxy.java:719)
	at com.FreeLanceHub.ServiceImpl.ProposalServiceImpl$$SpringCGLIB$$0.getProposalsByFreelancer(<generated>)
	at com.FreeLanceHub.controller.ProposalController.getProposalsByFreelancer(ProposalController.java:34)
	at java.base/jdk.internal.reflect.DirectMethodHandleAccessor.invoke(DirectMethodHandleAccessor.java:103)
	at java.base/java.lang.reflect.Method.invoke(Method.java:580)
	at org.springframework.web.method.support.InvocableHandlerMethod.doInvoke(InvocableHandlerMethod.java:258)
	at org.springframework.web.method.support.InvocableHandlerMethod.invokeForRequest(InvocableHandlerMethod.java:190)
	at org.springframework.web.servlet.mvc.method.annotation.ServletInvocableHandlerMethod.invokeAndHandle(ServletInvocableHandlerMethod.java:117)
	at org.springframework.web.servlet.mvc.method.annotation.RequestMappingHandlerAdapter.invokeHandlerMethod(RequestMappingHandlerAdapter.java:934)
	at org.springframework.web.servlet.mvc.method.annotation.RequestMappingHandlerAdapter.handleInternal(RequestMappingHandlerAdapter.java:853)
	at org.springframework.web.servlet.mvc.method.AbstractHandlerMethodAdapter.handle(AbstractHandlerMethodAdapter.java:86)
	at org.springframework.web.servlet.DispatcherServlet.doDispatch(DispatcherServlet.java:963)
	at org.springframework.web.servlet.DispatcherServlet.doService(DispatcherServlet.java:866)
	at org.springframework.web.servlet.FrameworkServlet.processRequest(FrameworkServlet.java:1003)
	at org.springframework.web.servlet.FrameworkServlet.doGet(FrameworkServlet.java:892)
	at jakarta.servlet.http.HttpServlet.service(HttpServlet.java:622)
	at org.springframework.web.servlet.FrameworkServlet.service(FrameworkServlet.java:874)
	at jakarta.servlet.http.HttpServlet.service(HttpServlet.java:710)
	at org.apache.catalina.core.ApplicationFilterChain.doFilter(ApplicationFilterChain.java:128)
	at org.apache.tomcat.websocket.server.WsFilter.doFilter(WsFilter.java:53)
	at org.apache.catalina.core.ApplicationFilterChain.doFilter(ApplicationFilterChain.java:107)
	at org.springframework.web.filter.RequestContextFilter.doFilterInternal(RequestContextFilter.java:100)
	at org.springframework.web.filter.OncePerRequestFilter.doFilter(OncePerRequestFilter.java:116)
	at org.apache.catalina.core.ApplicationFilterChain.doFilter(ApplicationFilterChain.java:107)
	at org.springframework.web.filter.FormContentFilter.doFilterInternal(FormContentFilter.java:93)
	at org.springframework.web.filter.OncePerRequestFilter.doFilter(OncePerRequestFilter.java:116)
	at org.apache.catalina.core.ApplicationFilterChain.doFilter(ApplicationFilterChain.java:107)
	at org.springframework.web.filter.CharacterEncodingFilter.doFilterInternal(CharacterEncodingFilter.java:199)
	at org.springframework.web.filter.OncePerRequestFilter.doFilter(OncePerRequestFilter.java:116)
	at org.apache.catalina.core.ApplicationFilterChain.doFilter(ApplicationFilterChain.java:107)
	at org.apache.catalina.core.StandardWrapperValve.invoke(StandardWrapperValve.java:165)
	at org.apache.catalina.core.StandardContextValve.invoke(StandardContextValve.java:77)
	at org.apache.catalina.authenticator.AuthenticatorBase.invoke(AuthenticatorBase.java:482)
	at org.apache.catalina.core.StandardHostValve.invoke(StandardHostValve.java:113)
	at org.apache.catalina.valves.ErrorReportValve.invoke(ErrorReportValve.java:83)
	at org.apache.catalina.core.StandardEngineValve.invoke(StandardEngineValve.java:72)
	at org.apache.catalina.connector.CoyoteAdapter.service(CoyoteAdapter.java:341)
	at org.apache.coyote.http11.Http11Processor.service(Http11Processor.java:397)
	at org.apache.coyote.AbstractProcessorLight.process(AbstractProcessorLight.java:63)
	at org.apache.coyote.AbstractProtocol$ConnectionHandler.process(AbstractProtocol.java:903)
	at org.apache.tomcat.util.net.NioEndpoint$SocketProcessor.doRun(NioEndpoint.java:1778)
	at org.apache.tomcat.util.net.SocketProcessorBase.run(SocketProcessorBase.java:52)
	at org.apache.tomcat.util.threads.ThreadPoolExecutor.runWorker(ThreadPoolExecutor.java:946)
	at org.apache.tomcat.util.threads.ThreadPoolExecutor$Worker.run(ThreadPoolExecutor.java:480)
	at org.apache.tomcat.util.threads.TaskThread$WrappingRunnable.run(TaskThread.java:57)
	at java.base/java.lang.Thread.run(Thread.java:1583)
Caused by: org.hibernate.TransactionException: JDBC begin transaction failed: 
	at org.hibernate.resource.jdbc.internal.AbstractLogicalConnectionImplementor.begin(AbstractLogicalConnectionImplementor.java:74)
	at org.hibernate.resource.jdbc.internal.LogicalConnectionManagedImpl.begin(LogicalConnectionManagedImpl.java:287)
	at org.hibernate.resource.transaction.backend.jdbc.internal.JdbcResourceLocalTransactionCoordinatorImpl$TransactionDriverControlImpl.begin(JdbcResourceLocalTransactionCoordinatorImpl.java:226)
	at org.hibernate.engine.transaction.internal.TransactionImpl.begin(TransactionImpl.java:75)
	at org.springframework.orm.jpa.vendor.HibernateJpaDialect.beginTransaction(HibernateJpaDialect.java:138)
	at org.springframework.orm.jpa.JpaTransactionManager.doBegin(JpaTransactionManager.java:411)
	... 52 more
Caused by: java.sql.SQLSyntaxErrorException: User 'root' has exceeded the 'max_questions' resource (current value: 1000)
	at com.mysql.cj.jdbc.exceptions.SQLError.createSQLException(SQLError.java:112)
	at com.mysql.cj.jdbc.ConnectionImpl.setAutoCommit(ConnectionImpl.java:2129)
	at com.zaxxer.hikari.pool.ProxyConnection.setAutoCommit(ProxyConnection.java:412)
	at com.zaxxer.hikari.pool.HikariProxyConnection.setAutoCommit(HikariProxyConnection.java)
	at org.hibernate.resource.jdbc.internal.AbstractLogicalConnectionImplementor.begin(AbstractLogicalConnectionImplementor.java:68)
	... 57 more
Caused by: com.mysql.cj.exceptions.CJException: User 'root' has exceeded the 'max_questions' resource (current value: 1000)
	at java.base/jdk.internal.reflect.DirectConstructorHandleAccessor.newInstance(DirectConstructorHandleAccessor.java:62)
	at java.base/java.lang.reflect.Constructor.newInstanceWithCaller(Constructor.java:502)
	at java.base/java.lang.reflect.Constructor.newInstance(Constructor.java:486)
	at com.mysql.cj.exceptions.ExceptionFactory.createException(ExceptionFactory.java:52)
	at com.mysql.cj.exceptions.ExceptionFactory.createException(ExceptionFactory.java:95)
	at com.mysql.cj.exceptions.ExceptionFactory.createException(ExceptionFactory.java:140)
	at com.mysql.cj.exceptions.ExceptionFactory.createException(ExceptionFactory.java:118)
	at com.mysql.cj.protocol.a.NativeProtocol.checkErrorMessage(NativeProtocol.java:854)
	at com.mysql.cj.protocol.a.NativeProtocol.checkErrorMessage(NativeProtocol.java:777)
	at com.mysql.cj.protocol.a.NativeProtocol.sendCommand(NativeProtocol.java:707)
	at com.mysql.cj.protocol.a.NativeProtocol.sendQueryPacket(NativeProtocol.java:939)
	at com.mysql.cj.NativeSession.execSQL(NativeSession.java:817)
	at com.mysql.cj.jdbc.ConnectionImpl.setAutoCommit(ConnectionImpl.java:2114)
	... 60 more
org.springframework.transaction.CannotCreateTransactionException: Could not open JPA EntityManager for transaction
	at org.springframework.orm.jpa.JpaTransactionManager.doBegin(JpaTransactionManager.java:457)
	at org.springframework.transaction.support.AbstractPlatformTransactionManager.startTransaction(AbstractPlatformTransactionManager.java:532)
	at org.springframework.transaction.support.AbstractPlatformTransactionManager.getTransaction(AbstractPlatformTransactionManager.java:405)
	at org.springframework.transaction.interceptor.TransactionAspectSupport.createTransactionIfNecessary(TransactionAspectSupport.java:625)
	at org.springframework.transaction.interceptor.TransactionAspectSupport.invokeWithinTransaction(TransactionAspectSupport.java:364)
	at org.springframework.transaction.interceptor.TransactionInterceptor.invoke(TransactionInterceptor.java:118)
	at org.springframework.aop.framework.ReflectiveMethodInvocation.proceed(ReflectiveMethodInvocation.java:179)
	at org.springframework.aop.framework.CglibAopProxy$DynamicAdvisedInterceptor.intercept(CglibAopProxy.java:719)
	at com.FreeLanceHub.ServiceImpl.NotificationServiceImpl$$SpringCGLIB$$0.getUnreadNotifications(<generated>)
	at com.FreeLanceHub.controller.NotificationController.getUnreadNotifications(NotificationController.java:25)
	at java.base/jdk.internal.reflect.DirectMethodHandleAccessor.invoke(DirectMethodHandleAccessor.java:103)
	at java.base/java.lang.reflect.Method.invoke(Method.java:580)
	at org.springframework.web.method.support.InvocableHandlerMethod.doInvoke(InvocableHandlerMethod.java:258)
	at org.springframework.web.method.support.InvocableHandlerMethod.invokeForRequest(InvocableHandlerMethod.java:190)
	at org.springframework.web.servlet.mvc.method.annotation.ServletInvocableHandlerMethod.invokeAndHandle(ServletInvocableHandlerMethod.java:117)
	at org.springframework.web.servlet.mvc.method.annotation.RequestMappingHandlerAdapter.invokeHandlerMethod(RequestMappingHandlerAdapter.java:934)
	at org.springframework.web.servlet.mvc.method.annotation.RequestMappingHandlerAdapter.handleInternal(RequestMappingHandlerAdapter.java:853)
	at org.springframework.web.servlet.mvc.method.AbstractHandlerMethodAdapter.handle(AbstractHandlerMethodAdapter.java:86)
	at org.springframework.web.servlet.DispatcherServlet.doDispatch(DispatcherServlet.java:963)
	at org.springframework.web.servlet.DispatcherServlet.doService(DispatcherServlet.java:866)
	at org.springframework.web.servlet.FrameworkServlet.processRequest(FrameworkServlet.java:1003)
	at org.springframework.web.servlet.FrameworkServlet.doGet(FrameworkServlet.java:892)
	at jakarta.servlet.http.HttpServlet.service(HttpServlet.java:622)
	at org.springframework.web.servlet.FrameworkServlet.service(FrameworkServlet.java:874)
	at jakarta.servlet.http.HttpServlet.service(HttpServlet.java:710)
	at org.apache.catalina.core.ApplicationFilterChain.doFilter(ApplicationFilterChain.java:128)
	at org.apache.tomcat.websocket.server.WsFilter.doFilter(WsFilter.java:53)
	at org.apache.catalina.core.ApplicationFilterChain.doFilter(ApplicationFilterChain.java:107)
	at org.springframework.web.filter.RequestContextFilter.doFilterInternal(RequestContextFilter.java:100)
	at org.springframework.web.filter.OncePerRequestFilter.doFilter(OncePerRequestFilter.java:116)
	at org.apache.catalina.core.ApplicationFilterChain.doFilter(ApplicationFilterChain.java:107)
	at org.springframework.web.filter.FormContentFilter.doFilterInternal(FormContentFilter.java:93)
	at org.springframework.web.filter.OncePerRequestFilter.doFilter(OncePerRequestFilter.java:116)
	at org.apache.catalina.core.ApplicationFilterChain.doFilter(ApplicationFilterChain.java:107)
	at org.springframework.web.filter.CharacterEncodingFilter.doFilterInternal(CharacterEncodingFilter.java:199)
	at org.springframework.web.filter.OncePerRequestFilter.doFilter(OncePerRequestFilter.java:116)
	at org.apache.catalina.core.ApplicationFilterChain.doFilter(ApplicationFilterChain.java:107)
	at org.apache.catalina.core.StandardWrapperValve.invoke(StandardWrapperValve.java:165)
	at org.apache.catalina.core.StandardContextValve.invoke(StandardContextValve.java:77)
	at org.apache.catalina.authenticator.AuthenticatorBase.invoke(AuthenticatorBase.java:482)
	at org.apache.catalina.core.StandardHostValve.invoke(StandardHostValve.java:113)
	at org.apache.catalina.valves.ErrorReportValve.invoke(ErrorReportValve.java:83)
	at org.apache.catalina.core.StandardEngineValve.invoke(StandardEngineValve.java:72)
	at org.apache.catalina.connector.CoyoteAdapter.service(CoyoteAdapter.java:341)
	at org.apache.coyote.http11.Http11Processor.service(Http11Processor.java:397)
	at org.apache.coyote.AbstractProcessorLight.process(AbstractProcessorLight.java:63)
	at org.apache.coyote.AbstractProtocol$ConnectionHandler.process(AbstractProtocol.java:903)
	at org.apache.tomcat.util.net.NioEndpoint$SocketProcessor.doRun(NioEndpoint.java:1778)
	at org.apache.tomcat.util.net.SocketProcessorBase.run(SocketProcessorBase.java:52)
	at org.apache.tomcat.util.threads.ThreadPoolExecutor.runWorker(ThreadPoolExecutor.java:946)
	at org.apache.tomcat.util.threads.ThreadPoolExecutor$Worker.run(ThreadPoolExecutor.java:480)
	at org.apache.tomcat.util.threads.TaskThread$WrappingRunnable.run(TaskThread.java:57)
	at java.base/java.lang.Thread.run(Thread.java:1583)
Caused by: org.hibernate.TransactionException: JDBC begin transaction failed: 
	at org.hibernate.resource.jdbc.internal.AbstractLogicalConnectionImplementor.begin(AbstractLogicalConnectionImplementor.java:74)
	at org.hibernate.resource.jdbc.internal.LogicalConnectionManagedImpl.begin(LogicalConnectionManagedImpl.java:287)
	at org.hibernate.resource.transaction.backend.jdbc.internal.JdbcResourceLocalTransactionCoordinatorImpl$TransactionDriverControlImpl.begin(JdbcResourceLocalTransactionCoordinatorImpl.java:226)
	at org.hibernate.engine.transaction.internal.TransactionImpl.begin(TransactionImpl.java:75)
	at org.springframework.orm.jpa.vendor.HibernateJpaDialect.beginTransaction(HibernateJpaDialect.java:138)
	at org.springframework.orm.jpa.JpaTransactionManager.doBegin(JpaTransactionManager.java:411)
	... 52 more
Caused by: java.sql.SQLSyntaxErrorException: User 'root' has exceeded the 'max_questions' resource (current value: 1000)
	at com.mysql.cj.jdbc.exceptions.SQLError.createSQLException(SQLError.java:112)
	at com.mysql.cj.jdbc.ConnectionImpl.setAutoCommit(ConnectionImpl.java:2129)
	at com.zaxxer.hikari.pool.ProxyConnection.setAutoCommit(ProxyConnection.java:412)
	at com.zaxxer.hikari.pool.HikariProxyConnection.setAutoCommit(HikariProxyConnection.java)
	at org.hibernate.resource.jdbc.internal.AbstractLogicalConnectionImplementor.begin(AbstractLogicalConnectionImplementor.java:68)
	... 57 more
Caused by: com.mysql.cj.exceptions.CJException: User 'root' has exceeded the 'max_questions' resource (current value: 1000)
	at java.base/jdk.internal.reflect.DirectConstructorHandleAccessor.newInstance(DirectConstructorHandleAccessor.java:62)
	at java.base/java.lang.reflect.Constructor.newInstanceWithCaller(Constructor.java:502)
	at java.base/java.lang.reflect.Constructor.newInstance(Constructor.java:486)
	at com.mysql.cj.exceptions.ExceptionFactory.createException(ExceptionFactory.java:52)
	at com.mysql.cj.exceptions.ExceptionFactory.createException(ExceptionFactory.java:95)
	at com.mysql.cj.exceptions.ExceptionFactory.createException(ExceptionFactory.java:140)
	at com.mysql.cj.exceptions.ExceptionFactory.createException(ExceptionFactory.java:118)
	at com.mysql.cj.protocol.a.NativeProtocol.checkErrorMessage(NativeProtocol.java:854)
	at com.mysql.cj.protocol.a.NativeProtocol.checkErrorMessage(NativeProtocol.java:777)
	at com.mysql.cj.protocol.a.NativeProtocol.sendCommand(NativeProtocol.java:707)
	at com.mysql.cj.protocol.a.NativeProtocol.sendQueryPacket(NativeProtocol.java:939)
	at com.mysql.cj.NativeSession.execSQL(NativeSession.java:817)
	at com.mysql.cj.jdbc.ConnectionImpl.setAutoCommit(ConnectionImpl.java:2114)
	... 60 more
org.springframework.transaction.CannotCreateTransactionException: Could not open JPA EntityManager for transaction
	at org.springframework.orm.jpa.JpaTransactionManager.doBegin(JpaTransactionManager.java:457)
	at org.springframework.transaction.support.AbstractPlatformTransactionManager.startTransaction(AbstractPlatformTransactionManager.java:532)
	at org.springframework.transaction.support.AbstractPlatformTransactionManager.getTransaction(AbstractPlatformTransactionManager.java:405)
	at org.springframework.transaction.interceptor.TransactionAspectSupport.createTransactionIfNecessary(TransactionAspectSupport.java:625)
	at org.springframework.transaction.interceptor.TransactionAspectSupport.invokeWithinTransaction(TransactionAspectSupport.java:364)
	at org.springframework.transaction.interceptor.TransactionInterceptor.invoke(TransactionInterceptor.java:118)
	at org.springframework.aop.framework.ReflectiveMethodInvocation.proceed(ReflectiveMethodInvocation.java:179)
	at org.springframework.aop.framework.CglibAopProxy$DynamicAdvisedInterceptor.intercept(CglibAopProxy.java:719)
	at com.FreeLanceHub.ServiceImpl.ProposalServiceImpl$$SpringCGLIB$$0.getProposalsByFreelancer(<generated>)
	at com.FreeLanceHub.controller.ProposalController.getProposalsByFreelancer(ProposalController.java:34)
	at java.base/jdk.internal.reflect.DirectMethodHandleAccessor.invoke(DirectMethodHandleAccessor.java:103)
	at java.base/java.lang.reflect.Method.invoke(Method.java:580)
	at org.springframework.web.method.support.InvocableHandlerMethod.doInvoke(InvocableHandlerMethod.java:258)
	at org.springframework.web.method.support.InvocableHandlerMethod.invokeForRequest(InvocableHandlerMethod.java:190)
	at org.springframework.web.servlet.mvc.method.annotation.ServletInvocableHandlerMethod.invokeAndHandle(ServletInvocableHandlerMethod.java:117)
	at org.springframework.web.servlet.mvc.method.annotation.RequestMappingHandlerAdapter.invokeHandlerMethod(RequestMappingHandlerAdapter.java:934)
	at org.springframework.web.servlet.mvc.method.annotation.RequestMappingHandlerAdapter.handleInternal(RequestMappingHandlerAdapter.java:853)
	at org.springframework.web.servlet.mvc.method.AbstractHandlerMethodAdapter.handle(AbstractHandlerMethodAdapter.java:86)
	at org.springframework.web.servlet.DispatcherServlet.doDispatch(DispatcherServlet.java:963)
	at org.springframework.web.servlet.DispatcherServlet.doService(DispatcherServlet.java:866)
	at org.springframework.web.servlet.FrameworkServlet.processRequest(FrameworkServlet.java:1003)
	at org.springframework.web.servlet.FrameworkServlet.doGet(FrameworkServlet.java:892)
	at jakarta.servlet.http.HttpServlet.service(HttpServlet.java:622)
	at org.springframework.web.servlet.FrameworkServlet.service(FrameworkServlet.java:874)
	at jakarta.servlet.http.HttpServlet.service(HttpServlet.java:710)
	at org.apache.catalina.core.ApplicationFilterChain.doFilter(ApplicationFilterChain.java:128)
	at org.apache.tomcat.websocket.server.WsFilter.doFilter(WsFilter.java:53)
	at org.apache.catalina.core.ApplicationFilterChain.doFilter(ApplicationFilterChain.java:107)
	at org.springframework.web.filter.RequestContextFilter.doFilterInternal(RequestContextFilter.java:100)
	at org.springframework.web.filter.OncePerRequestFilter.doFilter(OncePerRequestFilter.java:116)
	at org.apache.catalina.core.ApplicationFilterChain.doFilter(ApplicationFilterChain.java:107)
	at org.springframework.web.filter.FormContentFilter.doFilterInternal(FormContentFilter.java:93)
	at org.springframework.web.filter.OncePerRequestFilter.doFilter(OncePerRequestFilter.java:116)
	at org.apache.catalina.core.ApplicationFilterChain.doFilter(ApplicationFilterChain.java:107)
	at org.springframework.web.filter.CharacterEncodingFilter.doFilterInternal(CharacterEncodingFilter.java:199)
	at org.springframework.web.filter.OncePerRequestFilter.doFilter(OncePerRequestFilter.java:116)
	at org.apache.catalina.core.ApplicationFilterChain.doFilter(ApplicationFilterChain.java:107)
	at org.apache.catalina.core.StandardWrapperValve.invoke(StandardWrapperValve.java:165)
	at org.apache.catalina.core.StandardContextValve.invoke(StandardContextValve.java:77)
	at org.apache.catalina.authenticator.AuthenticatorBase.invoke(AuthenticatorBase.java:482)
	at org.apache.catalina.core.StandardHostValve.invoke(StandardHostValve.java:113)
	at org.apache.catalina.valves.ErrorReportValve.invoke(ErrorReportValve.java:83)
	at org.apache.catalina.core.StandardEngineValve.invoke(StandardEngineValve.java:72)
	at org.apache.catalina.connector.CoyoteAdapter.service(CoyoteAdapter.java:341)
	at org.apache.coyote.http11.Http11Processor.service(Http11Processor.java:397)
	at org.apache.coyote.AbstractProcessorLight.process(AbstractProcessorLight.java:63)
	at org.apache.coyote.AbstractProtocol$ConnectionHandler.process(AbstractProtocol.java:903)
	at org.apache.tomcat.util.net.NioEndpoint$SocketProcessor.doRun(NioEndpoint.java:1778)
	at org.apache.tomcat.util.net.SocketProcessorBase.run(SocketProcessorBase.java:52)
	at org.apache.tomcat.util.threads.ThreadPoolExecutor.runWorker(ThreadPoolExecutor.java:946)
	at org.apache.tomcat.util.threads.ThreadPoolExecutor$Worker.run(ThreadPoolExecutor.java:480)
	at org.apache.tomcat.util.threads.TaskThread$WrappingRunnable.run(TaskThread.java:57)
	at java.base/java.lang.Thread.run(Thread.java:1583)
Caused by: org.hibernate.TransactionException: JDBC begin transaction failed: 
	at org.hibernate.resource.jdbc.internal.AbstractLogicalConnectionImplementor.begin(AbstractLogicalConnectionImplementor.java:74)
	at org.hibernate.resource.jdbc.internal.LogicalConnectionManagedImpl.begin(LogicalConnectionManagedImpl.java:287)
	at org.hibernate.resource.transaction.backend.jdbc.internal.JdbcResourceLocalTransactionCoordinatorImpl$TransactionDriverControlImpl.begin(JdbcResourceLocalTransactionCoordinatorImpl.java:226)
	at org.hibernate.engine.transaction.internal.TransactionImpl.begin(TransactionImpl.java:75)
	at org.springframework.orm.jpa.vendor.HibernateJpaDialect.beginTransaction(HibernateJpaDialect.java:138)
	at org.springframework.orm.jpa.JpaTransactionManager.doBegin(JpaTransactionManager.java:411)
	... 52 more
Caused by: java.sql.SQLSyntaxErrorException: User 'root' has exceeded the 'max_questions' resource (current value: 1000)
	at com.mysql.cj.jdbc.exceptions.SQLError.createSQLException(SQLError.java:112)
	at com.mysql.cj.jdbc.ConnectionImpl.setAutoCommit(ConnectionImpl.java:2129)
	at com.zaxxer.hikari.pool.ProxyConnection.setAutoCommit(ProxyConnection.java:412)
	at com.zaxxer.hikari.pool.HikariProxyConnection.setAutoCommit(HikariProxyConnection.java)
	at org.hibernate.resource.jdbc.internal.AbstractLogicalConnectionImplementor.begin(AbstractLogicalConnectionImplementor.java:68)
	... 57 more
Caused by: com.mysql.cj.exceptions.CJException: User 'root' has exceeded the 'max_questions' resource (current value: 1000)
	at java.base/jdk.internal.reflect.DirectConstructorHandleAccessor.newInstance(DirectConstructorHandleAccessor.java:62)
	at java.base/java.lang.reflect.Constructor.newInstanceWithCaller(Constructor.java:502)
	at java.base/java.lang.reflect.Constructor.newInstance(Constructor.java:486)
	at com.mysql.cj.exceptions.ExceptionFactory.createException(ExceptionFactory.java:52)
	at com.mysql.cj.exceptions.ExceptionFactory.createException(ExceptionFactory.java:95)
	at com.mysql.cj.exceptions.ExceptionFactory.createException(ExceptionFactory.java:140)
	at com.mysql.cj.exceptions.ExceptionFactory.createException(ExceptionFactory.java:118)
	at com.mysql.cj.protocol.a.NativeProtocol.checkErrorMessage(NativeProtocol.java:854)
	at com.mysql.cj.protocol.a.NativeProtocol.checkErrorMessage(NativeProtocol.java:777)
	at com.mysql.cj.protocol.a.NativeProtocol.sendCommand(NativeProtocol.java:707)
	at com.mysql.cj.protocol.a.NativeProtocol.sendQueryPacket(NativeProtocol.java:939)
	at com.mysql.cj.NativeSession.execSQL(NativeSession.java:817)
	at com.mysql.cj.jdbc.ConnectionImpl.setAutoCommit(ConnectionImpl.java:2114)
	... 60 more
org.springframework.transaction.CannotCreateTransactionException: Could not open JPA EntityManager for transaction
	at org.springframework.orm.jpa.JpaTransactionManager.doBegin(JpaTransactionManager.java:457)
	at org.springframework.transaction.support.AbstractPlatformTransactionManager.startTransaction(AbstractPlatformTransactionManager.java:532)
	at org.springframework.transaction.support.AbstractPlatformTransactionManager.getTransaction(AbstractPlatformTransactionManager.java:405)
	at org.springframework.transaction.interceptor.TransactionAspectSupport.createTransactionIfNecessary(TransactionAspectSupport.java:625)
	at org.springframework.transaction.interceptor.TransactionAspectSupport.invokeWithinTransaction(TransactionAspectSupport.java:364)
	at org.springframework.transaction.interceptor.TransactionInterceptor.invoke(TransactionInterceptor.java:118)
	at org.springframework.aop.framework.ReflectiveMethodInvocation.proceed(ReflectiveMethodInvocation.java:179)
	at org.springframework.aop.framework.CglibAopProxy$DynamicAdvisedInterceptor.intercept(CglibAopProxy.java:719)
	at com.FreeLanceHub.ServiceImpl.NotificationServiceImpl$$SpringCGLIB$$0.getUnreadNotifications(<generated>)
	at com.FreeLanceHub.controller.NotificationController.getUnreadNotifications(NotificationController.java:25)
	at java.base/jdk.internal.reflect.DirectMethodHandleAccessor.invoke(DirectMethodHandleAccessor.java:103)
	at java.base/java.lang.reflect.Method.invoke(Method.java:580)
	at org.springframework.web.method.support.InvocableHandlerMethod.doInvoke(InvocableHandlerMethod.java:258)
	at org.springframework.web.method.support.InvocableHandlerMethod.invokeForRequest(InvocableHandlerMethod.java:190)
	at org.springframework.web.servlet.mvc.method.annotation.ServletInvocableHandlerMethod.invokeAndHandle(ServletInvocableHandlerMethod.java:117)
	at org.springframework.web.servlet.mvc.method.annotation.RequestMappingHandlerAdapter.invokeHandlerMethod(RequestMappingHandlerAdapter.java:934)
	at org.springframework.web.servlet.mvc.method.annotation.RequestMappingHandlerAdapter.handleInternal(RequestMappingHandlerAdapter.java:853)
	at org.springframework.web.servlet.mvc.method.AbstractHandlerMethodAdapter.handle(AbstractHandlerMethodAdapter.java:86)
	at org.springframework.web.servlet.DispatcherServlet.doDispatch(DispatcherServlet.java:963)
	at org.springframework.web.servlet.DispatcherServlet.doService(DispatcherServlet.java:866)
	at org.springframework.web.servlet.FrameworkServlet.processRequest(FrameworkServlet.java:1003)
	at org.springframework.web.servlet.FrameworkServlet.doGet(FrameworkServlet.java:892)
	at jakarta.servlet.http.HttpServlet.service(HttpServlet.java:622)
	at org.springframework.web.servlet.FrameworkServlet.service(FrameworkServlet.java:874)
	at jakarta.servlet.http.HttpServlet.service(HttpServlet.java:710)
	at org.apache.catalina.core.ApplicationFilterChain.doFilter(ApplicationFilterChain.java:128)
	at org.apache.tomcat.websocket.server.WsFilter.doFilter(WsFilter.java:53)
	at org.apache.catalina.core.ApplicationFilterChain.doFilter(ApplicationFilterChain.java:107)
	at org.springframework.web.filter.RequestContextFilter.doFilterInternal(RequestContextFilter.java:100)
	at org.springframework.web.filter.OncePerRequestFilter.doFilter(OncePerRequestFilter.java:116)
	at org.apache.catalina.core.ApplicationFilterChain.doFilter(ApplicationFilterChain.java:107)
	at org.springframework.web.filter.FormContentFilter.doFilterInternal(FormContentFilter.java:93)
	at org.springframework.web.filter.OncePerRequestFilter.doFilter(OncePerRequestFilter.java:116)
	at org.apache.catalina.core.ApplicationFilterChain.doFilter(ApplicationFilterChain.java:107)
	at org.springframework.web.filter.CharacterEncodingFilter.doFilterInternal(CharacterEncodingFilter.java:199)
	at org.springframework.web.filter.OncePerRequestFilter.doFilter(OncePerRequestFilter.java:116)
	at org.apache.catalina.core.ApplicationFilterChain.doFilter(ApplicationFilterChain.java:107)
	at org.apache.catalina.core.StandardWrapperValve.invoke(StandardWrapperValve.java:165)
	at org.apache.catalina.core.StandardContextValve.invoke(StandardContextValve.java:77)
	at org.apache.catalina.authenticator.AuthenticatorBase.invoke(AuthenticatorBase.java:482)
	at org.apache.catalina.core.StandardHostValve.invoke(StandardHostValve.java:113)
	at org.apache.catalina.valves.ErrorReportValve.invoke(ErrorReportValve.java:83)
	at org.apache.catalina.core.StandardEngineValve.invoke(StandardEngineValve.java:72)
	at org.apache.catalina.connector.CoyoteAdapter.service(CoyoteAdapter.java:341)
	at org.apache.coyote.http11.Http11Processor.service(Http11Processor.java:397)
	at org.apache.coyote.AbstractProcessorLight.process(AbstractProcessorLight.java:63)
	at org.apache.coyote.AbstractProtocol$ConnectionHandler.process(AbstractProtocol.java:903)
	at org.apache.tomcat.util.net.NioEndpoint$SocketProcessor.doRun(NioEndpoint.java:1778)
	at org.apache.tomcat.util.net.SocketProcessorBase.run(SocketProcessorBase.java:52)
	at org.apache.tomcat.util.threads.ThreadPoolExecutor.runWorker(ThreadPoolExecutor.java:946)
	at org.apache.tomcat.util.threads.ThreadPoolExecutor$Worker.run(ThreadPoolExecutor.java:480)
	at org.apache.tomcat.util.threads.TaskThread$WrappingRunnable.run(TaskThread.java:57)
	at java.base/java.lang.Thread.run(Thread.java:1583)
Caused by: org.hibernate.TransactionException: JDBC begin transaction failed: 
	at org.hibernate.resource.jdbc.internal.AbstractLogicalConnectionImplementor.begin(AbstractLogicalConnectionImplementor.java:74)
	at org.hibernate.resource.jdbc.internal.LogicalConnectionManagedImpl.begin(LogicalConnectionManagedImpl.java:287)
	at org.hibernate.resource.transaction.backend.jdbc.internal.JdbcResourceLocalTransactionCoordinatorImpl$TransactionDriverControlImpl.begin(JdbcResourceLocalTransactionCoordinatorImpl.java:226)
	at org.hibernate.engine.transaction.internal.TransactionImpl.begin(TransactionImpl.java:75)
	at org.springframework.orm.jpa.vendor.HibernateJpaDialect.beginTransaction(HibernateJpaDialect.java:138)
	at org.springframework.orm.jpa.JpaTransactionManager.doBegin(JpaTransactionManager.java:411)
	... 52 more
Caused by: java.sql.SQLSyntaxErrorException: User 'root' has exceeded the 'max_questions' resource (current value: 1000)
	at com.mysql.cj.jdbc.exceptions.SQLError.createSQLException(SQLError.java:112)
	at com.mysql.cj.jdbc.ConnectionImpl.setAutoCommit(ConnectionImpl.java:2129)
	at com.zaxxer.hikari.pool.ProxyConnection.setAutoCommit(ProxyConnection.java:412)
	at com.zaxxer.hikari.pool.HikariProxyConnection.setAutoCommit(HikariProxyConnection.java)
	at org.hibernate.resource.jdbc.internal.AbstractLogicalConnectionImplementor.begin(AbstractLogicalConnectionImplementor.java:68)
	... 57 more
Caused by: com.mysql.cj.exceptions.CJException: User 'root' has exceeded the 'max_questions' resource (current value: 1000)
	at java.base/jdk.internal.reflect.DirectConstructorHandleAccessor.newInstance(DirectConstructorHandleAccessor.java:62)
	at java.base/java.lang.reflect.Constructor.newInstanceWithCaller(Constructor.java:502)
	at java.base/java.lang.reflect.Constructor.newInstance(Constructor.java:486)
	at com.mysql.cj.exceptions.ExceptionFactory.createException(ExceptionFactory.java:52)
	at com.mysql.cj.exceptions.ExceptionFactory.createException(ExceptionFactory.java:95)
	at com.mysql.cj.exceptions.ExceptionFactory.createException(ExceptionFactory.java:140)
	at com.mysql.cj.exceptions.ExceptionFactory.createException(ExceptionFactory.java:118)
	at com.mysql.cj.protocol.a.NativeProtocol.checkErrorMessage(NativeProtocol.java:854)
	at com.mysql.cj.protocol.a.NativeProtocol.checkErrorMessage(NativeProtocol.java:777)
	at com.mysql.cj.protocol.a.NativeProtocol.sendCommand(NativeProtocol.java:707)
	at com.mysql.cj.protocol.a.NativeProtocol.sendQueryPacket(NativeProtocol.java:939)
	at com.mysql.cj.NativeSession.execSQL(NativeSession.java:817)
	at com.mysql.cj.jdbc.ConnectionImpl.setAutoCommit(ConnectionImpl.java:2114)
	... 60 more
org.springframework.transaction.CannotCreateTransactionException: Could not open JPA EntityManager for transaction
	at org.springframework.orm.jpa.JpaTransactionManager.doBegin(JpaTransactionManager.java:457)
	at org.springframework.transaction.support.AbstractPlatformTransactionManager.startTransaction(AbstractPlatformTransactionManager.java:532)
	at org.springframework.transaction.support.AbstractPlatformTransactionManager.getTransaction(AbstractPlatformTransactionManager.java:405)
	at org.springframework.transaction.interceptor.TransactionAspectSupport.createTransactionIfNecessary(TransactionAspectSupport.java:625)
	at org.springframework.transaction.interceptor.TransactionAspectSupport.invokeWithinTransaction(TransactionAspectSupport.java:364)
	at org.springframework.transaction.interceptor.TransactionInterceptor.invoke(TransactionInterceptor.java:118)
	at org.springframework.aop.framework.ReflectiveMethodInvocation.proceed(ReflectiveMethodInvocation.java:179)
	at org.springframework.aop.framework.CglibAopProxy$DynamicAdvisedInterceptor.intercept(CglibAopProxy.java:719)
	at com.FreeLanceHub.ServiceImpl.NotificationServiceImpl$$SpringCGLIB$$0.getUnreadNotifications(<generated>)
	at com.FreeLanceHub.controller.NotificationController.getUnreadNotifications(NotificationController.java:25)
	at java.base/jdk.internal.reflect.DirectMethodHandleAccessor.invoke(DirectMethodHandleAccessor.java:103)
	at java.base/java.lang.reflect.Method.invoke(Method.java:580)
	at org.springframework.web.method.support.InvocableHandlerMethod.doInvoke(InvocableHandlerMethod.java:258)
	at org.springframework.web.method.support.InvocableHandlerMethod.invokeForRequest(InvocableHandlerMethod.java:190)
	at org.springframework.web.servlet.mvc.method.annotation.ServletInvocableHandlerMethod.invokeAndHandle(ServletInvocableHandlerMethod.java:117)
	at org.springframework.web.servlet.mvc.method.annotation.RequestMappingHandlerAdapter.invokeHandlerMethod(RequestMappingHandlerAdapter.java:934)
	at org.springframework.web.servlet.mvc.method.annotation.RequestMappingHandlerAdapter.handleInternal(RequestMappingHandlerAdapter.java:853)
	at org.springframework.web.servlet.mvc.method.AbstractHandlerMethodAdapter.handle(AbstractHandlerMethodAdapter.java:86)
	at org.springframework.web.servlet.DispatcherServlet.doDispatch(DispatcherServlet.java:963)
	at org.springframework.web.servlet.DispatcherServlet.doService(DispatcherServlet.java:866)
	at org.springframework.web.servlet.FrameworkServlet.processRequest(FrameworkServlet.java:1003)
	at org.springframework.web.servlet.FrameworkServlet.doGet(FrameworkServlet.java:892)
	at jakarta.servlet.http.HttpServlet.service(HttpServlet.java:622)
	at org.springframework.web.servlet.FrameworkServlet.service(FrameworkServlet.java:874)
	at jakarta.servlet.http.HttpServlet.service(HttpServlet.java:710)
	at org.apache.catalina.core.ApplicationFilterChain.doFilter(ApplicationFilterChain.java:128)
	at org.apache.tomcat.websocket.server.WsFilter.doFilter(WsFilter.java:53)
	at org.apache.catalina.core.ApplicationFilterChain.doFilter(ApplicationFilterChain.java:107)
	at org.springframework.web.filter.RequestContextFilter.doFilterInternal(RequestContextFilter.java:100)
	at org.springframework.web.filter.OncePerRequestFilter.doFilter(OncePerRequestFilter.java:116)
	at org.apache.catalina.core.ApplicationFilterChain.doFilter(ApplicationFilterChain.java:107)
	at org.springframework.web.filter.FormContentFilter.doFilterInternal(FormContentFilter.java:93)
	at org.springframework.web.filter.OncePerRequestFilter.doFilter(OncePerRequestFilter.java:116)
	at org.apache.catalina.core.ApplicationFilterChain.doFilter(ApplicationFilterChain.java:107)
	at org.springframework.web.filter.CharacterEncodingFilter.doFilterInternal(CharacterEncodingFilter.java:199)
	at org.springframework.web.filter.OncePerRequestFilter.doFilter(OncePerRequestFilter.java:116)
	at org.apache.catalina.core.ApplicationFilterChain.doFilter(ApplicationFilterChain.java:107)
	at org.apache.catalina.core.StandardWrapperValve.invoke(StandardWrapperValve.java:165)
	at org.apache.catalina.core.StandardContextValve.invoke(StandardContextValve.java:77)
	at org.apache.catalina.authenticator.AuthenticatorBase.invoke(AuthenticatorBase.java:482)
	at org.apache.catalina.core.StandardHostValve.invoke(StandardHostValve.java:113)
	at org.apache.catalina.valves.ErrorReportValve.invoke(ErrorReportValve.java:83)
	at org.apache.catalina.core.StandardEngineValve.invoke(StandardEngineValve.java:72)
	at org.apache.catalina.connector.CoyoteAdapter.service(CoyoteAdapter.java:341)
	at org.apache.coyote.http11.Http11Processor.service(Http11Processor.java:397)
	at org.apache.coyote.AbstractProcessorLight.process(AbstractProcessorLight.java:63)
	at org.apache.coyote.AbstractProtocol$ConnectionHandler.process(AbstractProtocol.java:903)
	at org.apache.tomcat.util.net.NioEndpoint$SocketProcessor.doRun(NioEndpoint.java:1778)
	at org.apache.tomcat.util.net.SocketProcessorBase.run(SocketProcessorBase.java:52)
	at org.apache.tomcat.util.threads.ThreadPoolExecutor.runWorker(ThreadPoolExecutor.java:946)
	at org.apache.tomcat.util.threads.ThreadPoolExecutor$Worker.run(ThreadPoolExecutor.java:480)
	at org.apache.tomcat.util.threads.TaskThread$WrappingRunnable.run(TaskThread.java:57)
	at java.base/java.lang.Thread.run(Thread.java:1583)
Caused by: org.hibernate.TransactionException: JDBC begin transaction failed: 
	at org.hibernate.resource.jdbc.internal.AbstractLogicalConnectionImplementor.begin(AbstractLogicalConnectionImplementor.java:74)
	at org.hibernate.resource.jdbc.internal.LogicalConnectionManagedImpl.begin(LogicalConnectionManagedImpl.java:287)
	at org.hibernate.resource.transaction.backend.jdbc.internal.JdbcResourceLocalTransactionCoordinatorImpl$TransactionDriverControlImpl.begin(JdbcResourceLocalTransactionCoordinatorImpl.java:226)
	at org.hibernate.engine.transaction.internal.TransactionImpl.begin(TransactionImpl.java:75)
	at org.springframework.orm.jpa.vendor.HibernateJpaDialect.beginTransaction(HibernateJpaDialect.java:138)
	at org.springframework.orm.jpa.JpaTransactionManager.doBegin(JpaTransactionManager.java:411)
	... 52 more
Caused by: java.sql.SQLSyntaxErrorException: User 'root' has exceeded the 'max_questions' resource (current value: 1000)
	at com.mysql.cj.jdbc.exceptions.SQLError.createSQLException(SQLError.java:112)
	at com.mysql.cj.jdbc.ConnectionImpl.setAutoCommit(ConnectionImpl.java:2129)
	at com.zaxxer.hikari.pool.ProxyConnection.setAutoCommit(ProxyConnection.java:412)
	at com.zaxxer.hikari.pool.HikariProxyConnection.setAutoCommit(HikariProxyConnection.java)
	at org.hibernate.resource.jdbc.internal.AbstractLogicalConnectionImplementor.begin(AbstractLogicalConnectionImplementor.java:68)
	... 57 more
Caused by: com.mysql.cj.exceptions.CJException: User 'root' has exceeded the 'max_questions' resource (current value: 1000)
	at java.base/jdk.internal.reflect.DirectConstructorHandleAccessor.newInstance(DirectConstructorHandleAccessor.java:62)
	at java.base/java.lang.reflect.Constructor.newInstanceWithCaller(Constructor.java:502)
	at java.base/java.lang.reflect.Constructor.newInstance(Constructor.java:486)
	at com.mysql.cj.exceptions.ExceptionFactory.createException(ExceptionFactory.java:52)
	at com.mysql.cj.exceptions.ExceptionFactory.createException(ExceptionFactory.java:95)
	at com.mysql.cj.exceptions.ExceptionFactory.createException(ExceptionFactory.java:140)
	at com.mysql.cj.exceptions.ExceptionFactory.createException(ExceptionFactory.java:118)
	at com.mysql.cj.protocol.a.NativeProtocol.checkErrorMessage(NativeProtocol.java:854)
	at com.mysql.cj.protocol.a.NativeProtocol.checkErrorMessage(NativeProtocol.java:777)
	at com.mysql.cj.protocol.a.NativeProtocol.sendCommand(NativeProtocol.java:707)
	at com.mysql.cj.protocol.a.NativeProtocol.sendQueryPacket(NativeProtocol.java:939)
	at com.mysql.cj.NativeSession.execSQL(NativeSession.java:817)
	at com.mysql.cj.jdbc.ConnectionImpl.setAutoCommit(ConnectionImpl.java:2114)
	... 60 more
org.springframework.transaction.CannotCreateTransactionException: Could not open JPA EntityManager for transaction
	at org.springframework.orm.jpa.JpaTransactionManager.doBegin(JpaTransactionManager.java:457)
	at org.springframework.transaction.support.AbstractPlatformTransactionManager.startTransaction(AbstractPlatformTransactionManager.java:532)
	at org.springframework.transaction.support.AbstractPlatformTransactionManager.getTransaction(AbstractPlatformTransactionManager.java:405)
	at org.springframework.transaction.interceptor.TransactionAspectSupport.createTransactionIfNecessary(TransactionAspectSupport.java:625)
	at org.springframework.transaction.interceptor.TransactionAspectSupport.invokeWithinTransaction(TransactionAspectSupport.java:364)
	at org.springframework.transaction.interceptor.TransactionInterceptor.invoke(TransactionInterceptor.java:118)
	at org.springframework.aop.framework.ReflectiveMethodInvocation.proceed(ReflectiveMethodInvocation.java:179)
	at org.springframework.aop.framework.CglibAopProxy$DynamicAdvisedInterceptor.intercept(CglibAopProxy.java:719)
	at com.FreeLanceHub.ServiceImpl.PaymentServiceImpl$$SpringCGLIB$$0.getUserPaymentHistory(<generated>)
	at com.FreeLanceHub.controller.PaymentController.getHistory(PaymentController.java:25)
	at java.base/jdk.internal.reflect.DirectMethodHandleAccessor.invoke(DirectMethodHandleAccessor.java:103)
	at java.base/java.lang.reflect.Method.invoke(Method.java:580)
	at org.springframework.web.method.support.InvocableHandlerMethod.doInvoke(InvocableHandlerMethod.java:258)
	at org.springframework.web.method.support.InvocableHandlerMethod.invokeForRequest(InvocableHandlerMethod.java:190)
	at org.springframework.web.servlet.mvc.method.annotation.ServletInvocableHandlerMethod.invokeAndHandle(ServletInvocableHandlerMethod.java:117)
	at org.springframework.web.servlet.mvc.method.annotation.RequestMappingHandlerAdapter.invokeHandlerMethod(RequestMappingHandlerAdapter.java:934)
	at org.springframework.web.servlet.mvc.method.annotation.RequestMappingHandlerAdapter.handleInternal(RequestMappingHandlerAdapter.java:853)
	at org.springframework.web.servlet.mvc.method.AbstractHandlerMethodAdapter.handle(AbstractHandlerMethodAdapter.java:86)
	at org.springframework.web.servlet.DispatcherServlet.doDispatch(DispatcherServlet.java:963)
	at org.springframework.web.servlet.DispatcherServlet.doService(DispatcherServlet.java:866)
	at org.springframework.web.servlet.FrameworkServlet.processRequest(FrameworkServlet.java:1003)
	at org.springframework.web.servlet.FrameworkServlet.doGet(FrameworkServlet.java:892)
	at jakarta.servlet.http.HttpServlet.service(HttpServlet.java:622)
	at org.springframework.web.servlet.FrameworkServlet.service(FrameworkServlet.java:874)
	at jakarta.servlet.http.HttpServlet.service(HttpServlet.java:710)
	at org.apache.catalina.core.ApplicationFilterChain.doFilter(ApplicationFilterChain.java:128)
	at org.apache.tomcat.websocket.server.WsFilter.doFilter(WsFilter.java:53)
	at org.apache.catalina.core.ApplicationFilterChain.doFilter(ApplicationFilterChain.java:107)
	at org.springframework.web.filter.RequestContextFilter.doFilterInternal(RequestContextFilter.java:100)
	at org.springframework.web.filter.OncePerRequestFilter.doFilter(OncePerRequestFilter.java:116)
	at org.apache.catalina.core.ApplicationFilterChain.doFilter(ApplicationFilterChain.java:107)
	at org.springframework.web.filter.FormContentFilter.doFilterInternal(FormContentFilter.java:93)
	at org.springframework.web.filter.OncePerRequestFilter.doFilter(OncePerRequestFilter.java:116)
	at org.apache.catalina.core.ApplicationFilterChain.doFilter(ApplicationFilterChain.java:107)
	at org.springframework.web.filter.CharacterEncodingFilter.doFilterInternal(CharacterEncodingFilter.java:199)
	at org.springframework.web.filter.OncePerRequestFilter.doFilter(OncePerRequestFilter.java:116)
	at org.apache.catalina.core.ApplicationFilterChain.doFilter(ApplicationFilterChain.java:107)
	at org.apache.catalina.core.StandardWrapperValve.invoke(StandardWrapperValve.java:165)
	at org.apache.catalina.core.StandardContextValve.invoke(StandardContextValve.java:77)
	at org.apache.catalina.authenticator.AuthenticatorBase.invoke(AuthenticatorBase.java:482)
	at org.apache.catalina.core.StandardHostValve.invoke(StandardHostValve.java:113)
	at org.apache.catalina.valves.ErrorReportValve.invoke(ErrorReportValve.java:83)
	at org.apache.catalina.core.StandardEngineValve.invoke(StandardEngineValve.java:72)
	at org.apache.catalina.connector.CoyoteAdapter.service(CoyoteAdapter.java:341)
	at org.apache.coyote.http11.Http11Processor.service(Http11Processor.java:397)
	at org.apache.coyote.AbstractProcessorLight.process(AbstractProcessorLight.java:63)
	at org.apache.coyote.AbstractProtocol$ConnectionHandler.process(AbstractProtocol.java:903)
	at org.apache.tomcat.util.net.NioEndpoint$SocketProcessor.doRun(NioEndpoint.java:1778)
	at org.apache.tomcat.util.net.SocketProcessorBase.run(SocketProcessorBase.java:52)
	at org.apache.tomcat.util.threads.ThreadPoolExecutor.runWorker(ThreadPoolExecutor.java:946)
	at org.apache.tomcat.util.threads.ThreadPoolExecutor$Worker.run(ThreadPoolExecutor.java:480)
	at org.apache.tomcat.util.threads.TaskThread$WrappingRunnable.run(TaskThread.java:57)
	at java.base/java.lang.Thread.run(Thread.java:1583)
Caused by: org.hibernate.TransactionException: JDBC begin transaction failed: 
	at org.hibernate.resource.jdbc.internal.AbstractLogicalConnectionImplementor.begin(AbstractLogicalConnectionImplementor.java:74)
	at org.hibernate.resource.jdbc.internal.LogicalConnectionManagedImpl.begin(LogicalConnectionManagedImpl.java:287)
	at org.hibernate.resource.transaction.backend.jdbc.internal.JdbcResourceLocalTransactionCoordinatorImpl$TransactionDriverControlImpl.begin(JdbcResourceLocalTransactionCoordinatorImpl.java:226)
	at org.hibernate.engine.transaction.internal.TransactionImpl.begin(TransactionImpl.java:75)
	at org.springframework.orm.jpa.vendor.HibernateJpaDialect.beginTransaction(HibernateJpaDialect.java:138)
	at org.springframework.orm.jpa.JpaTransactionManager.doBegin(JpaTransactionManager.java:411)
	... 52 more
Caused by: java.sql.SQLSyntaxErrorException: User 'root' has exceeded the 'max_questions' resource (current value: 1000)
	at com.mysql.cj.jdbc.exceptions.SQLError.createSQLException(SQLError.java:112)
	at com.mysql.cj.jdbc.ConnectionImpl.setAutoCommit(ConnectionImpl.java:2129)
	at com.zaxxer.hikari.pool.ProxyConnection.setAutoCommit(ProxyConnection.java:412)
	at com.zaxxer.hikari.pool.HikariProxyConnection.setAutoCommit(HikariProxyConnection.java)
	at org.hibernate.resource.jdbc.internal.AbstractLogicalConnectionImplementor.begin(AbstractLogicalConnectionImplementor.java:68)
	... 57 more
Caused by: com.mysql.cj.exceptions.CJException: User 'root' has exceeded the 'max_questions' resource (current value: 1000)
	at java.base/jdk.internal.reflect.DirectConstructorHandleAccessor.newInstance(DirectConstructorHandleAccessor.java:62)
	at java.base/java.lang.reflect.Constructor.newInstanceWithCaller(Constructor.java:502)
	at java.base/java.lang.reflect.Constructor.newInstance(Constructor.java:486)
	at com.mysql.cj.exceptions.ExceptionFactory.createException(ExceptionFactory.java:52)
	at com.mysql.cj.exceptions.ExceptionFactory.createException(ExceptionFactory.java:95)
	at com.mysql.cj.exceptions.ExceptionFactory.createException(ExceptionFactory.java:140)
	at com.mysql.cj.exceptions.ExceptionFactory.createException(ExceptionFactory.java:118)
	at com.mysql.cj.protocol.a.NativeProtocol.checkErrorMessage(NativeProtocol.java:854)
	at com.mysql.cj.protocol.a.NativeProtocol.checkErrorMessage(NativeProtocol.java:777)
	at com.mysql.cj.protocol.a.NativeProtocol.sendCommand(NativeProtocol.java:707)
	at com.mysql.cj.protocol.a.NativeProtocol.sendQueryPacket(NativeProtocol.java:939)
	at com.mysql.cj.NativeSession.execSQL(NativeSession.java:817)
	at com.mysql.cj.jdbc.ConnectionImpl.setAutoCommit(ConnectionImpl.java:2114)
	... 60 more
org.springframework.transaction.CannotCreateTransactionException: Could not open JPA EntityManager for transaction
	at org.springframework.orm.jpa.JpaTransactionManager.doBegin(JpaTransactionManager.java:457)
	at org.springframework.transaction.support.AbstractPlatformTransactionManager.startTransaction(AbstractPlatformTransactionManager.java:532)
	at org.springframework.transaction.support.AbstractPlatformTransactionManager.getTransaction(AbstractPlatformTransactionManager.java:405)
	at org.springframework.transaction.interceptor.TransactionAspectSupport.createTransactionIfNecessary(TransactionAspectSupport.java:625)
	at org.springframework.transaction.interceptor.TransactionAspectSupport.invokeWithinTransaction(TransactionAspectSupport.java:364)
	at org.springframework.transaction.interceptor.TransactionInterceptor.invoke(TransactionInterceptor.java:118)
	at org.springframework.aop.framework.ReflectiveMethodInvocation.proceed(ReflectiveMethodInvocation.java:179)
	at org.springframework.aop.framework.CglibAopProxy$DynamicAdvisedInterceptor.intercept(CglibAopProxy.java:719)
	at com.FreeLanceHub.ServiceImpl.PaymentServiceImpl$$SpringCGLIB$$0.getUserPaymentHistory(<generated>)
	at com.FreeLanceHub.controller.PaymentController.getHistory(PaymentController.java:25)
	at java.base/jdk.internal.reflect.DirectMethodHandleAccessor.invoke(DirectMethodHandleAccessor.java:103)
	at java.base/java.lang.reflect.Method.invoke(Method.java:580)
	at org.springframework.web.method.support.InvocableHandlerMethod.doInvoke(InvocableHandlerMethod.java:258)
	at org.springframework.web.method.support.InvocableHandlerMethod.invokeForRequest(InvocableHandlerMethod.java:190)
	at org.springframework.web.servlet.mvc.method.annotation.ServletInvocableHandlerMethod.invokeAndHandle(ServletInvocableHandlerMethod.java:117)
	at org.springframework.web.servlet.mvc.method.annotation.RequestMappingHandlerAdapter.invokeHandlerMethod(RequestMappingHandlerAdapter.java:934)
	at org.springframework.web.servlet.mvc.method.annotation.RequestMappingHandlerAdapter.handleInternal(RequestMappingHandlerAdapter.java:853)
	at org.springframework.web.servlet.mvc.method.AbstractHandlerMethodAdapter.handle(AbstractHandlerMethodAdapter.java:86)
	at org.springframework.web.servlet.DispatcherServlet.doDispatch(DispatcherServlet.java:963)
	at org.springframework.web.servlet.DispatcherServlet.doService(DispatcherServlet.java:866)
	at org.springframework.web.servlet.FrameworkServlet.processRequest(FrameworkServlet.java:1003)
	at org.springframework.web.servlet.FrameworkServlet.doGet(FrameworkServlet.java:892)
	at jakarta.servlet.http.HttpServlet.service(HttpServlet.java:622)
	at org.springframework.web.servlet.FrameworkServlet.service(FrameworkServlet.java:874)
	at jakarta.servlet.http.HttpServlet.service(HttpServlet.java:710)
	at org.apache.catalina.core.ApplicationFilterChain.doFilter(ApplicationFilterChain.java:128)
	at org.apache.tomcat.websocket.server.WsFilter.doFilter(WsFilter.java:53)
	at org.apache.catalina.core.ApplicationFilterChain.doFilter(ApplicationFilterChain.java:107)
	at org.springframework.web.filter.RequestContextFilter.doFilterInternal(RequestContextFilter.java:100)
	at org.springframework.web.filter.OncePerRequestFilter.doFilter(OncePerRequestFilter.java:116)
	at org.apache.catalina.core.ApplicationFilterChain.doFilter(ApplicationFilterChain.java:107)
	at org.springframework.web.filter.FormContentFilter.doFilterInternal(FormContentFilter.java:93)
	at org.springframework.web.filter.OncePerRequestFilter.doFilter(OncePerRequestFilter.java:116)
	at org.apache.catalina.core.ApplicationFilterChain.doFilter(ApplicationFilterChain.java:107)
	at org.springframework.web.filter.CharacterEncodingFilter.doFilterInternal(CharacterEncodingFilter.java:199)
	at org.springframework.web.filter.OncePerRequestFilter.doFilter(OncePerRequestFilter.java:116)
	at org.apache.catalina.core.ApplicationFilterChain.doFilter(ApplicationFilterChain.java:107)
	at org.apache.catalina.core.StandardWrapperValve.invoke(StandardWrapperValve.java:165)
	at org.apache.catalina.core.StandardContextValve.invoke(StandardContextValve.java:77)
	at org.apache.catalina.authenticator.AuthenticatorBase.invoke(AuthenticatorBase.java:482)
	at org.apache.catalina.core.StandardHostValve.invoke(StandardHostValve.java:113)
	at org.apache.catalina.valves.ErrorReportValve.invoke(ErrorReportValve.java:83)
	at org.apache.catalina.core.StandardEngineValve.invoke(StandardEngineValve.java:72)
	at org.apache.catalina.connector.CoyoteAdapter.service(CoyoteAdapter.java:341)
	at org.apache.coyote.http11.Http11Processor.service(Http11Processor.java:397)
	at org.apache.coyote.AbstractProcessorLight.process(AbstractProcessorLight.java:63)
	at org.apache.coyote.AbstractProtocol$ConnectionHandler.process(AbstractProtocol.java:903)
	at org.apache.tomcat.util.net.NioEndpoint$SocketProcessor.doRun(NioEndpoint.java:1778)
	at org.apache.tomcat.util.net.SocketProcessorBase.run(SocketProcessorBase.java:52)
	at org.apache.tomcat.util.threads.ThreadPoolExecutor.runWorker(ThreadPoolExecutor.java:946)
	at org.apache.tomcat.util.threads.ThreadPoolExecutor$Worker.run(ThreadPoolExecutor.java:480)
	at org.apache.tomcat.util.threads.TaskThread$WrappingRunnable.run(TaskThread.java:57)
	at java.base/java.lang.Thread.run(Thread.java:1583)
Caused by: org.hibernate.TransactionException: JDBC begin transaction failed: 
	at org.hibernate.resource.jdbc.internal.AbstractLogicalConnectionImplementor.begin(AbstractLogicalConnectionImplementor.java:74)
	at org.hibernate.resource.jdbc.internal.LogicalConnectionManagedImpl.begin(LogicalConnectionManagedImpl.java:287)
	at org.hibernate.resource.transaction.backend.jdbc.internal.JdbcResourceLocalTransactionCoordinatorImpl$TransactionDriverControlImpl.begin(JdbcResourceLocalTransactionCoordinatorImpl.java:226)
	at org.hibernate.engine.transaction.internal.TransactionImpl.begin(TransactionImpl.java:75)
	at org.springframework.orm.jpa.vendor.HibernateJpaDialect.beginTransaction(HibernateJpaDialect.java:138)
	at org.springframework.orm.jpa.JpaTransactionManager.doBegin(JpaTransactionManager.java:411)
	... 52 more
Caused by: java.sql.SQLSyntaxErrorException: User 'root' has exceeded the 'max_questions' resource (current value: 1000)
	at com.mysql.cj.jdbc.exceptions.SQLError.createSQLException(SQLError.java:112)
	at com.mysql.cj.jdbc.ConnectionImpl.setAutoCommit(ConnectionImpl.java:2129)
	at com.zaxxer.hikari.pool.ProxyConnection.setAutoCommit(ProxyConnection.java:412)
	at com.zaxxer.hikari.pool.HikariProxyConnection.setAutoCommit(HikariProxyConnection.java)
	at org.hibernate.resource.jdbc.internal.AbstractLogicalConnectionImplementor.begin(AbstractLogicalConnectionImplementor.java:68)
	... 57 more
Caused by: com.mysql.cj.exceptions.CJException: User 'root' has exceeded the 'max_questions' resource (current value: 1000)
	at java.base/jdk.internal.reflect.DirectConstructorHandleAccessor.newInstance(DirectConstructorHandleAccessor.java:62)
	at java.base/java.lang.reflect.Constructor.newInstanceWithCaller(Constructor.java:502)
	at java.base/java.lang.reflect.Constructor.newInstance(Constructor.java:486)
	at com.mysql.cj.exceptions.ExceptionFactory.createException(ExceptionFactory.java:52)
	at com.mysql.cj.exceptions.ExceptionFactory.createException(ExceptionFactory.java:95)
	at com.mysql.cj.exceptions.ExceptionFactory.createException(ExceptionFactory.java:140)
	at com.mysql.cj.exceptions.ExceptionFactory.createException(ExceptionFactory.java:118)
	at com.mysql.cj.protocol.a.NativeProtocol.checkErrorMessage(NativeProtocol.java:854)
	at com.mysql.cj.protocol.a.NativeProtocol.checkErrorMessage(NativeProtocol.java:777)
	at com.mysql.cj.protocol.a.NativeProtocol.sendCommand(NativeProtocol.java:707)
	at com.mysql.cj.protocol.a.NativeProtocol.sendQueryPacket(NativeProtocol.java:939)
	at com.mysql.cj.NativeSession.execSQL(NativeSession.java:817)
	at com.mysql.cj.jdbc.ConnectionImpl.setAutoCommit(ConnectionImpl.java:2114)
	... 60 more
org.springframework.transaction.CannotCreateTransactionException: Could not open JPA EntityManager for transaction
	at org.springframework.orm.jpa.JpaTransactionManager.doBegin(JpaTransactionManager.java:457)
	at org.springframework.transaction.support.AbstractPlatformTransactionManager.startTransaction(AbstractPlatformTransactionManager.java:532)
	at org.springframework.transaction.support.AbstractPlatformTransactionManager.getTransaction(AbstractPlatformTransactionManager.java:405)
	at org.springframework.transaction.interceptor.TransactionAspectSupport.createTransactionIfNecessary(TransactionAspectSupport.java:625)
	at org.springframework.transaction.interceptor.TransactionAspectSupport.invokeWithinTransaction(TransactionAspectSupport.java:364)
	at org.springframework.transaction.interceptor.TransactionInterceptor.invoke(TransactionInterceptor.java:118)
	at org.springframework.aop.framework.ReflectiveMethodInvocation.proceed(ReflectiveMethodInvocation.java:179)
	at org.springframework.aop.framework.CglibAopProxy$DynamicAdvisedInterceptor.intercept(CglibAopProxy.java:719)
	at com.FreeLanceHub.ServiceImpl.NotificationServiceImpl$$SpringCGLIB$$0.getUnreadNotifications(<generated>)
	at com.FreeLanceHub.controller.NotificationController.getUnreadNotifications(NotificationController.java:25)
	at java.base/jdk.internal.reflect.DirectMethodHandleAccessor.invoke(DirectMethodHandleAccessor.java:103)
	at java.base/java.lang.reflect.Method.invoke(Method.java:580)
	at org.springframework.web.method.support.InvocableHandlerMethod.doInvoke(InvocableHandlerMethod.java:258)
	at org.springframework.web.method.support.InvocableHandlerMethod.invokeForRequest(InvocableHandlerMethod.java:190)
	at org.springframework.web.servlet.mvc.method.annotation.ServletInvocableHandlerMethod.invokeAndHandle(ServletInvocableHandlerMethod.java:117)
	at org.springframework.web.servlet.mvc.method.annotation.RequestMappingHandlerAdapter.invokeHandlerMethod(RequestMappingHandlerAdapter.java:934)
	at org.springframework.web.servlet.mvc.method.annotation.RequestMappingHandlerAdapter.handleInternal(RequestMappingHandlerAdapter.java:853)
	at org.springframework.web.servlet.mvc.method.AbstractHandlerMethodAdapter.handle(AbstractHandlerMethodAdapter.java:86)
	at org.springframework.web.servlet.DispatcherServlet.doDispatch(DispatcherServlet.java:963)
	at org.springframework.web.servlet.DispatcherServlet.doService(DispatcherServlet.java:866)
	at org.springframework.web.servlet.FrameworkServlet.processRequest(FrameworkServlet.java:1003)
	at org.springframework.web.servlet.FrameworkServlet.doGet(FrameworkServlet.java:892)
	at jakarta.servlet.http.HttpServlet.service(HttpServlet.java:622)
	at org.springframework.web.servlet.FrameworkServlet.service(FrameworkServlet.java:874)
	at jakarta.servlet.http.HttpServlet.service(HttpServlet.java:710)
	at org.apache.catalina.core.ApplicationFilterChain.doFilter(ApplicationFilterChain.java:128)
	at org.apache.tomcat.websocket.server.WsFilter.doFilter(WsFilter.java:53)
	at org.apache.catalina.core.ApplicationFilterChain.doFilter(ApplicationFilterChain.java:107)
	at org.springframework.web.filter.RequestContextFilter.doFilterInternal(RequestContextFilter.java:100)
	at org.springframework.web.filter.OncePerRequestFilter.doFilter(OncePerRequestFilter.java:116)
	at org.apache.catalina.core.ApplicationFilterChain.doFilter(ApplicationFilterChain.java:107)
	at org.springframework.web.filter.FormContentFilter.doFilterInternal(FormContentFilter.java:93)
	at org.springframework.web.filter.OncePerRequestFilter.doFilter(OncePerRequestFilter.java:116)
	at org.apache.catalina.core.ApplicationFilterChain.doFilter(ApplicationFilterChain.java:107)
	at org.springframework.web.filter.CharacterEncodingFilter.doFilterInternal(CharacterEncodingFilter.java:199)
	at org.springframework.web.filter.OncePerRequestFilter.doFilter(OncePerRequestFilter.java:116)
	at org.apache.catalina.core.ApplicationFilterChain.doFilter(ApplicationFilterChain.java:107)
	at org.apache.catalina.core.StandardWrapperValve.invoke(StandardWrapperValve.java:165)
	at org.apache.catalina.core.StandardContextValve.invoke(StandardContextValve.java:77)
	at org.apache.catalina.authenticator.AuthenticatorBase.invoke(AuthenticatorBase.java:482)
	at org.apache.catalina.core.StandardHostValve.invoke(StandardHostValve.java:113)
	at org.apache.catalina.valves.ErrorReportValve.invoke(ErrorReportValve.java:83)
	at org.apache.catalina.core.StandardEngineValve.invoke(StandardEngineValve.java:72)
	at org.apache.catalina.connector.CoyoteAdapter.service(CoyoteAdapter.java:341)
	at org.apache.coyote.http11.Http11Processor.service(Http11Processor.java:397)
	at org.apache.coyote.AbstractProcessorLight.process(AbstractProcessorLight.java:63)
	at org.apache.coyote.AbstractProtocol$ConnectionHandler.process(AbstractProtocol.java:903)
	at org.apache.tomcat.util.net.NioEndpoint$SocketProcessor.doRun(NioEndpoint.java:1778)
	at org.apache.tomcat.util.net.SocketProcessorBase.run(SocketProcessorBase.java:52)
	at org.apache.tomcat.util.threads.ThreadPoolExecutor.runWorker(ThreadPoolExecutor.java:946)
	at org.apache.tomcat.util.threads.ThreadPoolExecutor$Worker.run(ThreadPoolExecutor.java:480)
	at org.apache.tomcat.util.threads.TaskThread$WrappingRunnable.run(TaskThread.java:57)
	at java.base/java.lang.Thread.run(Thread.java:1583)
Caused by: org.hibernate.TransactionException: JDBC begin transaction failed: 
	at org.hibernate.resource.jdbc.internal.AbstractLogicalConnectionImplementor.begin(AbstractLogicalConnectionImplementor.java:74)
	at org.hibernate.resource.jdbc.internal.LogicalConnectionManagedImpl.begin(LogicalConnectionManagedImpl.java:287)
	at org.hibernate.resource.transaction.backend.jdbc.internal.JdbcResourceLocalTransactionCoordinatorImpl$TransactionDriverControlImpl.begin(JdbcResourceLocalTransactionCoordinatorImpl.java:226)
	at org.hibernate.engine.transaction.internal.TransactionImpl.begin(TransactionImpl.java:75)
	at org.springframework.orm.jpa.vendor.HibernateJpaDialect.beginTransaction(HibernateJpaDialect.java:138)
	at org.springframework.orm.jpa.JpaTransactionManager.doBegin(JpaTransactionManager.java:411)
	... 52 more
Caused by: java.sql.SQLSyntaxErrorException: User 'root' has exceeded the 'max_questions' resource (current value: 1000)
	at com.mysql.cj.jdbc.exceptions.SQLError.createSQLException(SQLError.java:112)
	at com.mysql.cj.jdbc.ConnectionImpl.setAutoCommit(ConnectionImpl.java:2129)
	at com.zaxxer.hikari.pool.ProxyConnection.setAutoCommit(ProxyConnection.java:412)
	at com.zaxxer.hikari.pool.HikariProxyConnection.setAutoCommit(HikariProxyConnection.java)
	at org.hibernate.resource.jdbc.internal.AbstractLogicalConnectionImplementor.begin(AbstractLogicalConnectionImplementor.java:68)
	... 57 more
Caused by: com.mysql.cj.exceptions.CJException: User 'root' has exceeded the 'max_questions' resource (current value: 1000)
	at java.base/jdk.internal.reflect.DirectConstructorHandleAccessor.newInstance(DirectConstructorHandleAccessor.java:62)
	at java.base/java.lang.reflect.Constructor.newInstanceWithCaller(Constructor.java:502)
	at java.base/java.lang.reflect.Constructor.newInstance(Constructor.java:486)
	at com.mysql.cj.exceptions.ExceptionFactory.createException(ExceptionFactory.java:52)
	at com.mysql.cj.exceptions.ExceptionFactory.createException(ExceptionFactory.java:95)
	at com.mysql.cj.exceptions.ExceptionFactory.createException(ExceptionFactory.java:140)
	at com.mysql.cj.exceptions.ExceptionFactory.createException(ExceptionFactory.java:118)
	at com.mysql.cj.protocol.a.NativeProtocol.checkErrorMessage(NativeProtocol.java:854)
	at com.mysql.cj.protocol.a.NativeProtocol.checkErrorMessage(NativeProtocol.java:777)
	at com.mysql.cj.protocol.a.NativeProtocol.sendCommand(NativeProtocol.java:707)
	at com.mysql.cj.protocol.a.NativeProtocol.sendQueryPacket(NativeProtocol.java:939)
	at com.mysql.cj.NativeSession.execSQL(NativeSession.java:817)
	at com.mysql.cj.jdbc.ConnectionImpl.setAutoCommit(ConnectionImpl.java:2114)
	... 60 more
org.springframework.transaction.CannotCreateTransactionException: Could not open JPA EntityManager for transaction
	at org.springframework.orm.jpa.JpaTransactionManager.doBegin(JpaTransactionManager.java:457)
	at org.springframework.transaction.support.AbstractPlatformTransactionManager.startTransaction(AbstractPlatformTransactionManager.java:532)
	at org.springframework.transaction.support.AbstractPlatformTransactionManager.getTransaction(AbstractPlatformTransactionManager.java:405)
	at org.springframework.transaction.interceptor.TransactionAspectSupport.createTransactionIfNecessary(TransactionAspectSupport.java:625)
	at org.springframework.transaction.interceptor.TransactionAspectSupport.invokeWithinTransaction(TransactionAspectSupport.java:364)
	at org.springframework.transaction.interceptor.TransactionInterceptor.invoke(TransactionInterceptor.java:118)
	at org.springframework.aop.framework.ReflectiveMethodInvocation.proceed(ReflectiveMethodInvocation.java:179)
	at org.springframework.aop.framework.CglibAopProxy$DynamicAdvisedInterceptor.intercept(CglibAopProxy.java:719)
	at com.FreeLanceHub.ServiceImpl.NotificationServiceImpl$$SpringCGLIB$$0.getUnreadNotifications(<generated>)
	at com.FreeLanceHub.controller.NotificationController.getUnreadNotifications(NotificationController.java:25)
	at java.base/jdk.internal.reflect.DirectMethodHandleAccessor.invoke(DirectMethodHandleAccessor.java:103)
	at java.base/java.lang.reflect.Method.invoke(Method.java:580)
	at org.springframework.web.method.support.InvocableHandlerMethod.doInvoke(InvocableHandlerMethod.java:258)
	at org.springframework.web.method.support.InvocableHandlerMethod.invokeForRequest(InvocableHandlerMethod.java:190)
	at org.springframework.web.servlet.mvc.method.annotation.ServletInvocableHandlerMethod.invokeAndHandle(ServletInvocableHandlerMethod.java:117)
	at org.springframework.web.servlet.mvc.method.annotation.RequestMappingHandlerAdapter.invokeHandlerMethod(RequestMappingHandlerAdapter.java:934)
	at org.springframework.web.servlet.mvc.method.annotation.RequestMappingHandlerAdapter.handleInternal(RequestMappingHandlerAdapter.java:853)
	at org.springframework.web.servlet.mvc.method.AbstractHandlerMethodAdapter.handle(AbstractHandlerMethodAdapter.java:86)
	at org.springframework.web.servlet.DispatcherServlet.doDispatch(DispatcherServlet.java:963)
	at org.springframework.web.servlet.DispatcherServlet.doService(DispatcherServlet.java:866)
	at org.springframework.web.servlet.FrameworkServlet.processRequest(FrameworkServlet.java:1003)
	at org.springframework.web.servlet.FrameworkServlet.doGet(FrameworkServlet.java:892)
	at jakarta.servlet.http.HttpServlet.service(HttpServlet.java:622)
	at org.springframework.web.servlet.FrameworkServlet.service(FrameworkServlet.java:874)
	at jakarta.servlet.http.HttpServlet.service(HttpServlet.java:710)
	at org.apache.catalina.core.ApplicationFilterChain.doFilter(ApplicationFilterChain.java:128)
	at org.apache.tomcat.websocket.server.WsFilter.doFilter(WsFilter.java:53)
	at org.apache.catalina.core.ApplicationFilterChain.doFilter(ApplicationFilterChain.java:107)
	at org.springframework.web.filter.RequestContextFilter.doFilterInternal(RequestContextFilter.java:100)
	at org.springframework.web.filter.OncePerRequestFilter.doFilter(OncePerRequestFilter.java:116)
	at org.apache.catalina.core.ApplicationFilterChain.doFilter(ApplicationFilterChain.java:107)
	at org.springframework.web.filter.FormContentFilter.doFilterInternal(FormContentFilter.java:93)
	at org.springframework.web.filter.OncePerRequestFilter.doFilter(OncePerRequestFilter.java:116)
	at org.apache.catalina.core.ApplicationFilterChain.doFilter(ApplicationFilterChain.java:107)
	at org.springframework.web.filter.CharacterEncodingFilter.doFilterInternal(CharacterEncodingFilter.java:199)
	at org.springframework.web.filter.OncePerRequestFilter.doFilter(OncePerRequestFilter.java:116)
	at org.apache.catalina.core.ApplicationFilterChain.doFilter(ApplicationFilterChain.java:107)
	at org.apache.catalina.core.StandardWrapperValve.invoke(StandardWrapperValve.java:165)
	at org.apache.catalina.core.StandardContextValve.invoke(StandardContextValve.java:77)
	at org.apache.catalina.authenticator.AuthenticatorBase.invoke(AuthenticatorBase.java:482)
	at org.apache.catalina.core.StandardHostValve.invoke(StandardHostValve.java:113)
	at org.apache.catalina.valves.ErrorReportValve.invoke(ErrorReportValve.java:83)
	at org.apache.catalina.core.StandardEngineValve.invoke(StandardEngineValve.java:72)
	at org.apache.catalina.connector.CoyoteAdapter.service(CoyoteAdapter.java:341)
	at org.apache.coyote.http11.Http11Processor.service(Http11Processor.java:397)
	at org.apache.coyote.AbstractProcessorLight.process(AbstractProcessorLight.java:63)
	at org.apache.coyote.AbstractProtocol$ConnectionHandler.process(AbstractProtocol.java:903)
	at org.apache.tomcat.util.net.NioEndpoint$SocketProcessor.doRun(NioEndpoint.java:1778)
	at org.apache.tomcat.util.net.SocketProcessorBase.run(SocketProcessorBase.java:52)
	at org.apache.tomcat.util.threads.ThreadPoolExecutor.runWorker(ThreadPoolExecutor.java:946)
	at org.apache.tomcat.util.threads.ThreadPoolExecutor$Worker.run(ThreadPoolExecutor.java:480)
	at org.apache.tomcat.util.threads.TaskThread$WrappingRunnable.run(TaskThread.java:57)
	at java.base/java.lang.Thread.run(Thread.java:1583)
Caused by: org.hibernate.TransactionException: JDBC begin transaction failed: 
	at org.hibernate.resource.jdbc.internal.AbstractLogicalConnectionImplementor.begin(AbstractLogicalConnectionImplementor.java:74)
	at org.hibernate.resource.jdbc.internal.LogicalConnectionManagedImpl.begin(LogicalConnectionManagedImpl.java:287)
	at org.hibernate.resource.transaction.backend.jdbc.internal.JdbcResourceLocalTransactionCoordinatorImpl$TransactionDriverControlImpl.begin(JdbcResourceLocalTransactionCoordinatorImpl.java:226)
	at org.hibernate.engine.transaction.internal.TransactionImpl.begin(TransactionImpl.java:75)
	at org.springframework.orm.jpa.vendor.HibernateJpaDialect.beginTransaction(HibernateJpaDialect.java:138)
	at org.springframework.orm.jpa.JpaTransactionManager.doBegin(JpaTransactionManager.java:411)
	... 52 more
Caused by: java.sql.SQLSyntaxErrorException: User 'root' has exceeded the 'max_questions' resource (current value: 1000)
	at com.mysql.cj.jdbc.exceptions.SQLError.createSQLException(SQLError.java:112)
	at com.mysql.cj.jdbc.ConnectionImpl.setAutoCommit(ConnectionImpl.java:2129)
	at com.zaxxer.hikari.pool.ProxyConnection.setAutoCommit(ProxyConnection.java:412)
	at com.zaxxer.hikari.pool.HikariProxyConnection.setAutoCommit(HikariProxyConnection.java)
	at org.hibernate.resource.jdbc.internal.AbstractLogicalConnectionImplementor.begin(AbstractLogicalConnectionImplementor.java:68)
	... 57 more
Caused by: com.mysql.cj.exceptions.CJException: User 'root' has exceeded the 'max_questions' resource (current value: 1000)
	at java.base/jdk.internal.reflect.DirectConstructorHandleAccessor.newInstance(DirectConstructorHandleAccessor.java:62)
	at java.base/java.lang.reflect.Constructor.newInstanceWithCaller(Constructor.java:502)
	at java.base/java.lang.reflect.Constructor.newInstance(Constructor.java:486)
	at com.mysql.cj.exceptions.ExceptionFactory.createException(ExceptionFactory.java:52)
	at com.mysql.cj.exceptions.ExceptionFactory.createException(ExceptionFactory.java:95)
	at com.mysql.cj.exceptions.ExceptionFactory.createException(ExceptionFactory.java:140)
	at com.mysql.cj.exceptions.ExceptionFactory.createException(ExceptionFactory.java:118)
	at com.mysql.cj.protocol.a.NativeProtocol.checkErrorMessage(NativeProtocol.java:854)
	at com.mysql.cj.protocol.a.NativeProtocol.checkErrorMessage(NativeProtocol.java:777)
	at com.mysql.cj.protocol.a.NativeProtocol.sendCommand(NativeProtocol.java:707)
	at com.mysql.cj.protocol.a.NativeProtocol.sendQueryPacket(NativeProtocol.java:939)
	at com.mysql.cj.NativeSession.execSQL(NativeSession.java:817)
	at com.mysql.cj.jdbc.ConnectionImpl.setAutoCommit(ConnectionImpl.java:2114)
	... 60 more
org.springframework.transaction.CannotCreateTransactionException: Could not open JPA EntityManager for transaction
	at org.springframework.orm.jpa.JpaTransactionManager.doBegin(JpaTransactionManager.java:457)
	at org.springframework.transaction.support.AbstractPlatformTransactionManager.startTransaction(AbstractPlatformTransactionManager.java:532)
	at org.springframework.transaction.support.AbstractPlatformTransactionManager.getTransaction(AbstractPlatformTransactionManager.java:405)
	at org.springframework.transaction.interceptor.TransactionAspectSupport.createTransactionIfNecessary(TransactionAspectSupport.java:625)
	at org.springframework.transaction.interceptor.TransactionAspectSupport.invokeWithinTransaction(TransactionAspectSupport.java:364)
	at org.springframework.transaction.interceptor.TransactionInterceptor.invoke(TransactionInterceptor.java:118)
	at org.springframework.aop.framework.ReflectiveMethodInvocation.proceed(ReflectiveMethodInvocation.java:179)
	at org.springframework.aop.framework.CglibAopProxy$DynamicAdvisedInterceptor.intercept(CglibAopProxy.java:719)
	at com.FreeLanceHub.ServiceImpl.NotificationServiceImpl$$SpringCGLIB$$0.getUnreadNotifications(<generated>)
	at com.FreeLanceHub.controller.NotificationController.getUnreadNotifications(NotificationController.java:25)
	at java.base/jdk.internal.reflect.DirectMethodHandleAccessor.invoke(DirectMethodHandleAccessor.java:103)
	at java.base/java.lang.reflect.Method.invoke(Method.java:580)
	at org.springframework.web.method.support.InvocableHandlerMethod.doInvoke(InvocableHandlerMethod.java:258)
	at org.springframework.web.method.support.InvocableHandlerMethod.invokeForRequest(InvocableHandlerMethod.java:190)
	at org.springframework.web.servlet.mvc.method.annotation.ServletInvocableHandlerMethod.invokeAndHandle(ServletInvocableHandlerMethod.java:117)
	at org.springframework.web.servlet.mvc.method.annotation.RequestMappingHandlerAdapter.invokeHandlerMethod(RequestMappingHandlerAdapter.java:934)
	at org.springframework.web.servlet.mvc.method.annotation.RequestMappingHandlerAdapter.handleInternal(RequestMappingHandlerAdapter.java:853)
	at org.springframework.web.servlet.mvc.method.AbstractHandlerMethodAdapter.handle(AbstractHandlerMethodAdapter.java:86)
	at org.springframework.web.servlet.DispatcherServlet.doDispatch(DispatcherServlet.java:963)
	at org.springframework.web.servlet.DispatcherServlet.doService(DispatcherServlet.java:866)
	at org.springframework.web.servlet.FrameworkServlet.processRequest(FrameworkServlet.java:1003)
	at org.springframework.web.servlet.FrameworkServlet.doGet(FrameworkServlet.java:892)
	at jakarta.servlet.http.HttpServlet.service(HttpServlet.java:622)
	at org.springframework.web.servlet.FrameworkServlet.service(FrameworkServlet.java:874)
	at jakarta.servlet.http.HttpServlet.service(HttpServlet.java:710)
	at org.apache.catalina.core.ApplicationFilterChain.doFilter(ApplicationFilterChain.java:128)
	at org.apache.tomcat.websocket.server.WsFilter.doFilter(WsFilter.java:53)
	at org.apache.catalina.core.ApplicationFilterChain.doFilter(ApplicationFilterChain.java:107)
	at org.springframework.web.filter.RequestContextFilter.doFilterInternal(RequestContextFilter.java:100)
	at org.springframework.web.filter.OncePerRequestFilter.doFilter(OncePerRequestFilter.java:116)
	at org.apache.catalina.core.ApplicationFilterChain.doFilter(ApplicationFilterChain.java:107)
	at org.springframework.web.filter.FormContentFilter.doFilterInternal(FormContentFilter.java:93)
	at org.springframework.web.filter.OncePerRequestFilter.doFilter(OncePerRequestFilter.java:116)
	at org.apache.catalina.core.ApplicationFilterChain.doFilter(ApplicationFilterChain.java:107)
	at org.springframework.web.filter.CharacterEncodingFilter.doFilterInternal(CharacterEncodingFilter.java:199)
	at org.springframework.web.filter.OncePerRequestFilter.doFilter(OncePerRequestFilter.java:116)
	at org.apache.catalina.core.ApplicationFilterChain.doFilter(ApplicationFilterChain.java:107)
	at org.apache.catalina.core.StandardWrapperValve.invoke(StandardWrapperValve.java:165)
	at org.apache.catalina.core.StandardContextValve.invoke(StandardContextValve.java:77)
	at org.apache.catalina.authenticator.AuthenticatorBase.invoke(AuthenticatorBase.java:482)
	at org.apache.catalina.core.StandardHostValve.invoke(StandardHostValve.java:113)
	at org.apache.catalina.valves.ErrorReportValve.invoke(ErrorReportValve.java:83)
	at org.apache.catalina.core.StandardEngineValve.invoke(StandardEngineValve.java:72)
	at org.apache.catalina.connector.CoyoteAdapter.service(CoyoteAdapter.java:341)
	at org.apache.coyote.http11.Http11Processor.service(Http11Processor.java:397)
	at org.apache.coyote.AbstractProcessorLight.process(AbstractProcessorLight.java:63)
	at org.apache.coyote.AbstractProtocol$ConnectionHandler.process(AbstractProtocol.java:903)
	at org.apache.tomcat.util.net.NioEndpoint$SocketProcessor.doRun(NioEndpoint.java:1778)
	at org.apache.tomcat.util.net.SocketProcessorBase.run(SocketProcessorBase.java:52)
	at org.apache.tomcat.util.threads.ThreadPoolExecutor.runWorker(ThreadPoolExecutor.java:946)
	at org.apache.tomcat.util.threads.ThreadPoolExecutor$Worker.run(ThreadPoolExecutor.java:480)
	at org.apache.tomcat.util.threads.TaskThread$WrappingRunnable.run(TaskThread.java:57)
	at java.base/java.lang.Thread.run(Thread.java:1583)
Caused by: org.hibernate.TransactionException: JDBC begin transaction failed: 
	at org.hibernate.resource.jdbc.internal.AbstractLogicalConnectionImplementor.begin(AbstractLogicalConnectionImplementor.java:74)
	at org.hibernate.resource.jdbc.internal.LogicalConnectionManagedImpl.begin(LogicalConnectionManagedImpl.java:287)
	at org.hibernate.resource.transaction.backend.jdbc.internal.JdbcResourceLocalTransactionCoordinatorImpl$TransactionDriverControlImpl.begin(JdbcResourceLocalTransactionCoordinatorImpl.java:226)
	at org.hibernate.engine.transaction.internal.TransactionImpl.begin(TransactionImpl.java:75)
	at org.springframework.orm.jpa.vendor.HibernateJpaDialect.beginTransaction(HibernateJpaDialect.java:138)
	at org.springframework.orm.jpa.JpaTransactionManager.doBegin(JpaTransactionManager.java:411)
	... 52 more
Caused by: java.sql.SQLSyntaxErrorException: User 'root' has exceeded the 'max_questions' resource (current value: 1000)
	at com.mysql.cj.jdbc.exceptions.SQLError.createSQLException(SQLError.java:112)
	at com.mysql.cj.jdbc.ConnectionImpl.setAutoCommit(ConnectionImpl.java:2129)
	at com.zaxxer.hikari.pool.ProxyConnection.setAutoCommit(ProxyConnection.java:412)
	at com.zaxxer.hikari.pool.HikariProxyConnection.setAutoCommit(HikariProxyConnection.java)
	at org.hibernate.resource.jdbc.internal.AbstractLogicalConnectionImplementor.begin(AbstractLogicalConnectionImplementor.java:68)
	... 57 more
Caused by: com.mysql.cj.exceptions.CJException: User 'root' has exceeded the 'max_questions' resource (current value: 1000)
	at java.base/jdk.internal.reflect.DirectConstructorHandleAccessor.newInstance(DirectConstructorHandleAccessor.java:62)
	at java.base/java.lang.reflect.Constructor.newInstanceWithCaller(Constructor.java:502)
	at java.base/java.lang.reflect.Constructor.newInstance(Constructor.java:486)
	at com.mysql.cj.exceptions.ExceptionFactory.createException(ExceptionFactory.java:52)
	at com.mysql.cj.exceptions.ExceptionFactory.createException(ExceptionFactory.java:95)
	at com.mysql.cj.exceptions.ExceptionFactory.createException(ExceptionFactory.java:140)
	at com.mysql.cj.exceptions.ExceptionFactory.createException(ExceptionFactory.java:118)
	at com.mysql.cj.protocol.a.NativeProtocol.checkErrorMessage(NativeProtocol.java:854)
	at com.mysql.cj.protocol.a.NativeProtocol.checkErrorMessage(NativeProtocol.java:777)
	at com.mysql.cj.protocol.a.NativeProtocol.sendCommand(NativeProtocol.java:707)
	at com.mysql.cj.protocol.a.NativeProtocol.sendQueryPacket(NativeProtocol.java:939)
	at com.mysql.cj.NativeSession.execSQL(NativeSession.java:817)
	at com.mysql.cj.jdbc.ConnectionImpl.setAutoCommit(ConnectionImpl.java:2114)
	... 60 more
org.springframework.transaction.CannotCreateTransactionException: Could not open JPA EntityManager for transaction
	at org.springframework.orm.jpa.JpaTransactionManager.doBegin(JpaTransactionManager.java:457)
	at org.springframework.transaction.support.AbstractPlatformTransactionManager.startTransaction(AbstractPlatformTransactionManager.java:532)
	at org.springframework.transaction.support.AbstractPlatformTransactionManager.getTransaction(AbstractPlatformTransactionManager.java:405)
	at org.springframework.transaction.interceptor.TransactionAspectSupport.createTransactionIfNecessary(TransactionAspectSupport.java:625)
	at org.springframework.transaction.interceptor.TransactionAspectSupport.invokeWithinTransaction(TransactionAspectSupport.java:364)
	at org.springframework.transaction.interceptor.TransactionInterceptor.invoke(TransactionInterceptor.java:118)
	at org.springframework.aop.framework.ReflectiveMethodInvocation.proceed(ReflectiveMethodInvocation.java:179)
	at org.springframework.aop.framework.CglibAopProxy$DynamicAdvisedInterceptor.intercept(CglibAopProxy.java:719)
	at com.FreeLanceHub.ServiceImpl.NotificationServiceImpl$$SpringCGLIB$$0.getUnreadNotifications(<generated>)
	at com.FreeLanceHub.controller.NotificationController.getUnreadNotifications(NotificationController.java:25)
	at java.base/jdk.internal.reflect.DirectMethodHandleAccessor.invoke(DirectMethodHandleAccessor.java:103)
	at java.base/java.lang.reflect.Method.invoke(Method.java:580)
	at org.springframework.web.method.support.InvocableHandlerMethod.doInvoke(InvocableHandlerMethod.java:258)
	at org.springframework.web.method.support.InvocableHandlerMethod.invokeForRequest(InvocableHandlerMethod.java:190)
	at org.springframework.web.servlet.mvc.method.annotation.ServletInvocableHandlerMethod.invokeAndHandle(ServletInvocableHandlerMethod.java:117)
	at org.springframework.web.servlet.mvc.method.annotation.RequestMappingHandlerAdapter.invokeHandlerMethod(RequestMappingHandlerAdapter.java:934)
	at org.springframework.web.servlet.mvc.method.annotation.RequestMappingHandlerAdapter.handleInternal(RequestMappingHandlerAdapter.java:853)
	at org.springframework.web.servlet.mvc.method.AbstractHandlerMethodAdapter.handle(AbstractHandlerMethodAdapter.java:86)
	at org.springframework.web.servlet.DispatcherServlet.doDispatch(DispatcherServlet.java:963)
	at org.springframework.web.servlet.DispatcherServlet.doService(DispatcherServlet.java:866)
	at org.springframework.web.servlet.FrameworkServlet.processRequest(FrameworkServlet.java:1003)
	at org.springframework.web.servlet.FrameworkServlet.doGet(FrameworkServlet.java:892)
	at jakarta.servlet.http.HttpServlet.service(HttpServlet.java:622)
	at org.springframework.web.servlet.FrameworkServlet.service(FrameworkServlet.java:874)
	at jakarta.servlet.http.HttpServlet.service(HttpServlet.java:710)
	at org.apache.catalina.core.ApplicationFilterChain.doFilter(ApplicationFilterChain.java:128)
	at org.apache.tomcat.websocket.server.WsFilter.doFilter(WsFilter.java:53)
	at org.apache.catalina.core.ApplicationFilterChain.doFilter(ApplicationFilterChain.java:107)
	at org.springframework.web.filter.RequestContextFilter.doFilterInternal(RequestContextFilter.java:100)
	at org.springframework.web.filter.OncePerRequestFilter.doFilter(OncePerRequestFilter.java:116)
	at org.apache.catalina.core.ApplicationFilterChain.doFilter(ApplicationFilterChain.java:107)
	at org.springframework.web.filter.FormContentFilter.doFilterInternal(FormContentFilter.java:93)
	at org.springframework.web.filter.OncePerRequestFilter.doFilter(OncePerRequestFilter.java:116)
	at org.apache.catalina.core.ApplicationFilterChain.doFilter(ApplicationFilterChain.java:107)
	at org.springframework.web.filter.CharacterEncodingFilter.doFilterInternal(CharacterEncodingFilter.java:199)
	at org.springframework.web.filter.OncePerRequestFilter.doFilter(OncePerRequestFilter.java:116)
	at org.apache.catalina.core.ApplicationFilterChain.doFilter(ApplicationFilterChain.java:107)
	at org.apache.catalina.core.StandardWrapperValve.invoke(StandardWrapperValve.java:165)
	at org.apache.catalina.core.StandardContextValve.invoke(StandardContextValve.java:77)
	at org.apache.catalina.authenticator.AuthenticatorBase.invoke(AuthenticatorBase.java:482)
	at org.apache.catalina.core.StandardHostValve.invoke(StandardHostValve.java:113)
	at org.apache.catalina.valves.ErrorReportValve.invoke(ErrorReportValve.java:83)
	at org.apache.catalina.core.StandardEngineValve.invoke(StandardEngineValve.java:72)
	at org.apache.catalina.connector.CoyoteAdapter.service(CoyoteAdapter.java:341)
	at org.apache.coyote.http11.Http11Processor.service(Http11Processor.java:397)
	at org.apache.coyote.AbstractProcessorLight.process(AbstractProcessorLight.java:63)
	at org.apache.coyote.AbstractProtocol$ConnectionHandler.process(AbstractProtocol.java:903)
	at org.apache.tomcat.util.net.NioEndpoint$SocketProcessor.doRun(NioEndpoint.java:1778)
	at org.apache.tomcat.util.net.SocketProcessorBase.run(SocketProcessorBase.java:52)
	at org.apache.tomcat.util.threads.ThreadPoolExecutor.runWorker(ThreadPoolExecutor.java:946)
	at org.apache.tomcat.util.threads.ThreadPoolExecutor$Worker.run(ThreadPoolExecutor.java:480)
	at org.apache.tomcat.util.threads.TaskThread$WrappingRunnable.run(TaskThread.java:57)
	at java.base/java.lang.Thread.run(Thread.java:1583)
Caused by: org.hibernate.TransactionException: JDBC begin transaction failed: 
	at org.hibernate.resource.jdbc.internal.AbstractLogicalConnectionImplementor.begin(AbstractLogicalConnectionImplementor.java:74)
	at org.hibernate.resource.jdbc.internal.LogicalConnectionManagedImpl.begin(LogicalConnectionManagedImpl.java:287)
	at org.hibernate.resource.transaction.backend.jdbc.internal.JdbcResourceLocalTransactionCoordinatorImpl$TransactionDriverControlImpl.begin(JdbcResourceLocalTransactionCoordinatorImpl.java:226)
	at org.hibernate.engine.transaction.internal.TransactionImpl.begin(TransactionImpl.java:75)
	at org.springframework.orm.jpa.vendor.HibernateJpaDialect.beginTransaction(HibernateJpaDialect.java:138)
	at org.springframework.orm.jpa.JpaTransactionManager.doBegin(JpaTransactionManager.java:411)
	... 52 more
Caused by: java.sql.SQLSyntaxErrorException: User 'root' has exceeded the 'max_questions' resource (current value: 1000)
	at com.mysql.cj.jdbc.exceptions.SQLError.createSQLException(SQLError.java:112)
	at com.mysql.cj.jdbc.ConnectionImpl.setAutoCommit(ConnectionImpl.java:2129)
	at com.zaxxer.hikari.pool.ProxyConnection.setAutoCommit(ProxyConnection.java:412)
	at com.zaxxer.hikari.pool.HikariProxyConnection.setAutoCommit(HikariProxyConnection.java)
	at org.hibernate.resource.jdbc.internal.AbstractLogicalConnectionImplementor.begin(AbstractLogicalConnectionImplementor.java:68)
	... 57 more
Caused by: com.mysql.cj.exceptions.CJException: User 'root' has exceeded the 'max_questions' resource (current value: 1000)
	at java.base/jdk.internal.reflect.DirectConstructorHandleAccessor.newInstance(DirectConstructorHandleAccessor.java:62)
	at java.base/java.lang.reflect.Constructor.newInstanceWithCaller(Constructor.java:502)
	at java.base/java.lang.reflect.Constructor.newInstance(Constructor.java:486)
	at com.mysql.cj.exceptions.ExceptionFactory.createException(ExceptionFactory.java:52)
	at com.mysql.cj.exceptions.ExceptionFactory.createException(ExceptionFactory.java:95)
	at com.mysql.cj.exceptions.ExceptionFactory.createException(ExceptionFactory.java:140)
	at com.mysql.cj.exceptions.ExceptionFactory.createException(ExceptionFactory.java:118)
	at com.mysql.cj.protocol.a.NativeProtocol.checkErrorMessage(NativeProtocol.java:854)
	at com.mysql.cj.protocol.a.NativeProtocol.checkErrorMessage(NativeProtocol.java:777)
	at com.mysql.cj.protocol.a.NativeProtocol.sendCommand(NativeProtocol.java:707)
	at com.mysql.cj.protocol.a.NativeProtocol.sendQueryPacket(NativeProtocol.java:939)
	at com.mysql.cj.NativeSession.execSQL(NativeSession.java:817)
	at com.mysql.cj.jdbc.ConnectionImpl.setAutoCommit(ConnectionImpl.java:2114)
	... 60 more
org.springframework.transaction.CannotCreateTransactionException: Could not open JPA EntityManager for transaction
	at org.springframework.orm.jpa.JpaTransactionManager.doBegin(JpaTransactionManager.java:457)
	at org.springframework.transaction.support.AbstractPlatformTransactionManager.startTransaction(AbstractPlatformTransactionManager.java:532)
	at org.springframework.transaction.support.AbstractPlatformTransactionManager.getTransaction(AbstractPlatformTransactionManager.java:405)
	at org.springframework.transaction.interceptor.TransactionAspectSupport.createTransactionIfNecessary(TransactionAspectSupport.java:625)
	at org.springframework.transaction.interceptor.TransactionAspectSupport.invokeWithinTransaction(TransactionAspectSupport.java:364)
	at org.springframework.transaction.interceptor.TransactionInterceptor.invoke(TransactionInterceptor.java:118)
	at org.springframework.aop.framework.ReflectiveMethodInvocation.proceed(ReflectiveMethodInvocation.java:179)
	at org.springframework.aop.framework.CglibAopProxy$DynamicAdvisedInterceptor.intercept(CglibAopProxy.java:719)
	at com.FreeLanceHub.ServiceImpl.NotificationServiceImpl$$SpringCGLIB$$0.getUnreadNotifications(<generated>)
	at com.FreeLanceHub.controller.NotificationController.getUnreadNotifications(NotificationController.java:25)
	at java.base/jdk.internal.reflect.DirectMethodHandleAccessor.invoke(DirectMethodHandleAccessor.java:103)
	at java.base/java.lang.reflect.Method.invoke(Method.java:580)
	at org.springframework.web.method.support.InvocableHandlerMethod.doInvoke(InvocableHandlerMethod.java:258)
	at org.springframework.web.method.support.InvocableHandlerMethod.invokeForRequest(InvocableHandlerMethod.java:190)
	at org.springframework.web.servlet.mvc.method.annotation.ServletInvocableHandlerMethod.invokeAndHandle(ServletInvocableHandlerMethod.java:117)
	at org.springframework.web.servlet.mvc.method.annotation.RequestMappingHandlerAdapter.invokeHandlerMethod(RequestMappingHandlerAdapter.java:934)
	at org.springframework.web.servlet.mvc.method.annotation.RequestMappingHandlerAdapter.handleInternal(RequestMappingHandlerAdapter.java:853)
	at org.springframework.web.servlet.mvc.method.AbstractHandlerMethodAdapter.handle(AbstractHandlerMethodAdapter.java:86)
	at org.springframework.web.servlet.DispatcherServlet.doDispatch(DispatcherServlet.java:963)
	at org.springframework.web.servlet.DispatcherServlet.doService(DispatcherServlet.java:866)
	at org.springframework.web.servlet.FrameworkServlet.processRequest(FrameworkServlet.java:1003)
	at org.springframework.web.servlet.FrameworkServlet.doGet(FrameworkServlet.java:892)
	at jakarta.servlet.http.HttpServlet.service(HttpServlet.java:622)
	at org.springframework.web.servlet.FrameworkServlet.service(FrameworkServlet.java:874)
	at jakarta.servlet.http.HttpServlet.service(HttpServlet.java:710)
	at org.apache.catalina.core.ApplicationFilterChain.doFilter(ApplicationFilterChain.java:128)
	at org.apache.tomcat.websocket.server.WsFilter.doFilter(WsFilter.java:53)
	at org.apache.catalina.core.ApplicationFilterChain.doFilter(ApplicationFilterChain.java:107)
	at org.springframework.web.filter.RequestContextFilter.doFilterInternal(RequestContextFilter.java:100)
	at org.springframework.web.filter.OncePerRequestFilter.doFilter(OncePerRequestFilter.java:116)
	at org.apache.catalina.core.ApplicationFilterChain.doFilter(ApplicationFilterChain.java:107)
	at org.springframework.web.filter.FormContentFilter.doFilterInternal(FormContentFilter.java:93)
	at org.springframework.web.filter.OncePerRequestFilter.doFilter(OncePerRequestFilter.java:116)
	at org.apache.catalina.core.ApplicationFilterChain.doFilter(ApplicationFilterChain.java:107)
	at org.springframework.web.filter.CharacterEncodingFilter.doFilterInternal(CharacterEncodingFilter.java:199)
	at org.springframework.web.filter.OncePerRequestFilter.doFilter(OncePerRequestFilter.java:116)
	at org.apache.catalina.core.ApplicationFilterChain.doFilter(ApplicationFilterChain.java:107)
	at org.apache.catalina.core.StandardWrapperValve.invoke(StandardWrapperValve.java:165)
	at org.apache.catalina.core.StandardContextValve.invoke(StandardContextValve.java:77)
	at org.apache.catalina.authenticator.AuthenticatorBase.invoke(AuthenticatorBase.java:482)
	at org.apache.catalina.core.StandardHostValve.invoke(StandardHostValve.java:113)
	at org.apache.catalina.valves.ErrorReportValve.invoke(ErrorReportValve.java:83)
	at org.apache.catalina.core.StandardEngineValve.invoke(StandardEngineValve.java:72)
	at org.apache.catalina.connector.CoyoteAdapter.service(CoyoteAdapter.java:341)
	at org.apache.coyote.http11.Http11Processor.service(Http11Processor.java:397)
	at org.apache.coyote.AbstractProcessorLight.process(AbstractProcessorLight.java:63)
	at org.apache.coyote.AbstractProtocol$ConnectionHandler.process(AbstractProtocol.java:903)
	at org.apache.tomcat.util.net.NioEndpoint$SocketProcessor.doRun(NioEndpoint.java:1778)
	at org.apache.tomcat.util.net.SocketProcessorBase.run(SocketProcessorBase.java:52)
	at org.apache.tomcat.util.threads.ThreadPoolExecutor.runWorker(ThreadPoolExecutor.java:946)
	at org.apache.tomcat.util.threads.ThreadPoolExecutor$Worker.run(ThreadPoolExecutor.java:480)
	at org.apache.tomcat.util.threads.TaskThread$WrappingRunnable.run(TaskThread.java:57)
	at java.base/java.lang.Thread.run(Thread.java:1583)
Caused by: org.hibernate.TransactionException: JDBC begin transaction failed: 
	at org.hibernate.resource.jdbc.internal.AbstractLogicalConnectionImplementor.begin(AbstractLogicalConnectionImplementor.java:74)
	at org.hibernate.resource.jdbc.internal.LogicalConnectionManagedImpl.begin(LogicalConnectionManagedImpl.java:287)
	at org.hibernate.resource.transaction.backend.jdbc.internal.JdbcResourceLocalTransactionCoordinatorImpl$TransactionDriverControlImpl.begin(JdbcResourceLocalTransactionCoordinatorImpl.java:226)
	at org.hibernate.engine.transaction.internal.TransactionImpl.begin(TransactionImpl.java:75)
	at org.springframework.orm.jpa.vendor.HibernateJpaDialect.beginTransaction(HibernateJpaDialect.java:138)
	at org.springframework.orm.jpa.JpaTransactionManager.doBegin(JpaTransactionManager.java:411)
	... 52 more
Caused by: java.sql.SQLSyntaxErrorException: User 'root' has exceeded the 'max_questions' resource (current value: 1000)
	at com.mysql.cj.jdbc.exceptions.SQLError.createSQLException(SQLError.java:112)
	at com.mysql.cj.jdbc.ConnectionImpl.setAutoCommit(ConnectionImpl.java:2129)
	at com.zaxxer.hikari.pool.ProxyConnection.setAutoCommit(ProxyConnection.java:412)
	at com.zaxxer.hikari.pool.HikariProxyConnection.setAutoCommit(HikariProxyConnection.java)
	at org.hibernate.resource.jdbc.internal.AbstractLogicalConnectionImplementor.begin(AbstractLogicalConnectionImplementor.java:68)
	... 57 more
Caused by: com.mysql.cj.exceptions.CJException: User 'root' has exceeded the 'max_questions' resource (current value: 1000)
	at java.base/jdk.internal.reflect.DirectConstructorHandleAccessor.newInstance(DirectConstructorHandleAccessor.java:62)
	at java.base/java.lang.reflect.Constructor.newInstanceWithCaller(Constructor.java:502)
	at java.base/java.lang.reflect.Constructor.newInstance(Constructor.java:486)
	at com.mysql.cj.exceptions.ExceptionFactory.createException(ExceptionFactory.java:52)
	at com.mysql.cj.exceptions.ExceptionFactory.createException(ExceptionFactory.java:95)
	at com.mysql.cj.exceptions.ExceptionFactory.createException(ExceptionFactory.java:140)
	at com.mysql.cj.exceptions.ExceptionFactory.createException(ExceptionFactory.java:118)
	at com.mysql.cj.protocol.a.NativeProtocol.checkErrorMessage(NativeProtocol.java:854)
	at com.mysql.cj.protocol.a.NativeProtocol.checkErrorMessage(NativeProtocol.java:777)
	at com.mysql.cj.protocol.a.NativeProtocol.sendCommand(NativeProtocol.java:707)
	at com.mysql.cj.protocol.a.NativeProtocol.sendQueryPacket(NativeProtocol.java:939)
	at com.mysql.cj.NativeSession.execSQL(NativeSession.java:817)
	at com.mysql.cj.jdbc.ConnectionImpl.setAutoCommit(ConnectionImpl.java:2114)
	... 60 more
org.springframework.transaction.CannotCreateTransactionException: Could not open JPA EntityManager for transaction
	at org.springframework.orm.jpa.JpaTransactionManager.doBegin(JpaTransactionManager.java:457)
	at org.springframework.transaction.support.AbstractPlatformTransactionManager.startTransaction(AbstractPlatformTransactionManager.java:532)
	at org.springframework.transaction.support.AbstractPlatformTransactionManager.getTransaction(AbstractPlatformTransactionManager.java:405)
	at org.springframework.transaction.interceptor.TransactionAspectSupport.createTransactionIfNecessary(TransactionAspectSupport.java:625)
	at org.springframework.transaction.interceptor.TransactionAspectSupport.invokeWithinTransaction(TransactionAspectSupport.java:364)
	at org.springframework.transaction.interceptor.TransactionInterceptor.invoke(TransactionInterceptor.java:118)
	at org.springframework.aop.framework.ReflectiveMethodInvocation.proceed(ReflectiveMethodInvocation.java:179)
	at org.springframework.aop.framework.CglibAopProxy$DynamicAdvisedInterceptor.intercept(CglibAopProxy.java:719)
	at com.FreeLanceHub.ServiceImpl.NotificationServiceImpl$$SpringCGLIB$$0.getUnreadNotifications(<generated>)
	at com.FreeLanceHub.controller.NotificationController.getUnreadNotifications(NotificationController.java:25)
	at java.base/jdk.internal.reflect.DirectMethodHandleAccessor.invoke(DirectMethodHandleAccessor.java:103)
	at java.base/java.lang.reflect.Method.invoke(Method.java:580)
	at org.springframework.web.method.support.InvocableHandlerMethod.doInvoke(InvocableHandlerMethod.java:258)
	at org.springframework.web.method.support.InvocableHandlerMethod.invokeForRequest(InvocableHandlerMethod.java:190)
	at org.springframework.web.servlet.mvc.method.annotation.ServletInvocableHandlerMethod.invokeAndHandle(ServletInvocableHandlerMethod.java:117)
	at org.springframework.web.servlet.mvc.method.annotation.RequestMappingHandlerAdapter.invokeHandlerMethod(RequestMappingHandlerAdapter.java:934)
	at org.springframework.web.servlet.mvc.method.annotation.RequestMappingHandlerAdapter.handleInternal(RequestMappingHandlerAdapter.java:853)
	at org.springframework.web.servlet.mvc.method.AbstractHandlerMethodAdapter.handle(AbstractHandlerMethodAdapter.java:86)
	at org.springframework.web.servlet.DispatcherServlet.doDispatch(DispatcherServlet.java:963)
	at org.springframework.web.servlet.DispatcherServlet.doService(DispatcherServlet.java:866)
	at org.springframework.web.servlet.FrameworkServlet.processRequest(FrameworkServlet.java:1003)
	at org.springframework.web.servlet.FrameworkServlet.doGet(FrameworkServlet.java:892)
	at jakarta.servlet.http.HttpServlet.service(HttpServlet.java:622)
	at org.springframework.web.servlet.FrameworkServlet.service(FrameworkServlet.java:874)
	at jakarta.servlet.http.HttpServlet.service(HttpServlet.java:710)
	at org.apache.catalina.core.ApplicationFilterChain.doFilter(ApplicationFilterChain.java:128)
	at org.apache.tomcat.websocket.server.WsFilter.doFilter(WsFilter.java:53)
	at org.apache.catalina.core.ApplicationFilterChain.doFilter(ApplicationFilterChain.java:107)
	at org.springframework.web.filter.RequestContextFilter.doFilterInternal(RequestContextFilter.java:100)
	at org.springframework.web.filter.OncePerRequestFilter.doFilter(OncePerRequestFilter.java:116)
	at org.apache.catalina.core.ApplicationFilterChain.doFilter(ApplicationFilterChain.java:107)
	at org.springframework.web.filter.FormContentFilter.doFilterInternal(FormContentFilter.java:93)
	at org.springframework.web.filter.OncePerRequestFilter.doFilter(OncePerRequestFilter.java:116)
	at org.apache.catalina.core.ApplicationFilterChain.doFilter(ApplicationFilterChain.java:107)
	at org.springframework.web.filter.CharacterEncodingFilter.doFilterInternal(CharacterEncodingFilter.java:199)
	at org.springframework.web.filter.OncePerRequestFilter.doFilter(OncePerRequestFilter.java:116)
	at org.apache.catalina.core.ApplicationFilterChain.doFilter(ApplicationFilterChain.java:107)
	at org.apache.catalina.core.StandardWrapperValve.invoke(StandardWrapperValve.java:165)
	at org.apache.catalina.core.StandardContextValve.invoke(StandardContextValve.java:77)
	at org.apache.catalina.authenticator.AuthenticatorBase.invoke(AuthenticatorBase.java:482)
	at org.apache.catalina.core.StandardHostValve.invoke(StandardHostValve.java:113)
	at org.apache.catalina.valves.ErrorReportValve.invoke(ErrorReportValve.java:83)
	at org.apache.catalina.core.StandardEngineValve.invoke(StandardEngineValve.java:72)
	at org.apache.catalina.connector.CoyoteAdapter.service(CoyoteAdapter.java:341)
	at org.apache.coyote.http11.Http11Processor.service(Http11Processor.java:397)
	at org.apache.coyote.AbstractProcessorLight.process(AbstractProcessorLight.java:63)
	at org.apache.coyote.AbstractProtocol$ConnectionHandler.process(AbstractProtocol.java:903)
	at org.apache.tomcat.util.net.NioEndpoint$SocketProcessor.doRun(NioEndpoint.java:1778)
	at org.apache.tomcat.util.net.SocketProcessorBase.run(SocketProcessorBase.java:52)
	at org.apache.tomcat.util.threads.ThreadPoolExecutor.runWorker(ThreadPoolExecutor.java:946)
	at org.apache.tomcat.util.threads.ThreadPoolExecutor$Worker.run(ThreadPoolExecutor.java:480)
	at org.apache.tomcat.util.threads.TaskThread$WrappingRunnable.run(TaskThread.java:57)
	at java.base/java.lang.Thread.run(Thread.java:1583)
Caused by: org.hibernate.TransactionException: JDBC begin transaction failed: 
	at org.hibernate.resource.jdbc.internal.AbstractLogicalConnectionImplementor.begin(AbstractLogicalConnectionImplementor.java:74)
	at org.hibernate.resource.jdbc.internal.LogicalConnectionManagedImpl.begin(LogicalConnectionManagedImpl.java:287)
	at org.hibernate.resource.transaction.backend.jdbc.internal.JdbcResourceLocalTransactionCoordinatorImpl$TransactionDriverControlImpl.begin(JdbcResourceLocalTransactionCoordinatorImpl.java:226)
	at org.hibernate.engine.transaction.internal.TransactionImpl.begin(TransactionImpl.java:75)
	at org.springframework.orm.jpa.vendor.HibernateJpaDialect.beginTransaction(HibernateJpaDialect.java:138)
	at org.springframework.orm.jpa.JpaTransactionManager.doBegin(JpaTransactionManager.java:411)
	... 52 more
Caused by: java.sql.SQLSyntaxErrorException: User 'root' has exceeded the 'max_questions' resource (current value: 1000)
	at com.mysql.cj.jdbc.exceptions.SQLError.createSQLException(SQLError.java:112)
	at com.mysql.cj.jdbc.ConnectionImpl.setAutoCommit(ConnectionImpl.java:2129)
	at com.zaxxer.hikari.pool.ProxyConnection.setAutoCommit(ProxyConnection.java:412)
	at com.zaxxer.hikari.pool.HikariProxyConnection.setAutoCommit(HikariProxyConnection.java)
	at org.hibernate.resource.jdbc.internal.AbstractLogicalConnectionImplementor.begin(AbstractLogicalConnectionImplementor.java:68)
	... 57 more
Caused by: com.mysql.cj.exceptions.CJException: User 'root' has exceeded the 'max_questions' resource (current value: 1000)
	at java.base/jdk.internal.reflect.DirectConstructorHandleAccessor.newInstance(DirectConstructorHandleAccessor.java:62)
	at java.base/java.lang.reflect.Constructor.newInstanceWithCaller(Constructor.java:502)
	at java.base/java.lang.reflect.Constructor.newInstance(Constructor.java:486)
	at com.mysql.cj.exceptions.ExceptionFactory.createException(ExceptionFactory.java:52)
	at com.mysql.cj.exceptions.ExceptionFactory.createException(ExceptionFactory.java:95)
	at com.mysql.cj.exceptions.ExceptionFactory.createException(ExceptionFactory.java:140)
	at com.mysql.cj.exceptions.ExceptionFactory.createException(ExceptionFactory.java:118)
	at com.mysql.cj.protocol.a.NativeProtocol.checkErrorMessage(NativeProtocol.java:854)
	at com.mysql.cj.protocol.a.NativeProtocol.checkErrorMessage(NativeProtocol.java:777)
	at com.mysql.cj.protocol.a.NativeProtocol.sendCommand(NativeProtocol.java:707)
	at com.mysql.cj.protocol.a.NativeProtocol.sendQueryPacket(NativeProtocol.java:939)
	at com.mysql.cj.NativeSession.execSQL(NativeSession.java:817)
	at com.mysql.cj.jdbc.ConnectionImpl.setAutoCommit(ConnectionImpl.java:2114)
	... 60 more
org.springframework.transaction.CannotCreateTransactionException: Could not open JPA EntityManager for transaction
	at org.springframework.orm.jpa.JpaTransactionManager.doBegin(JpaTransactionManager.java:457)
	at org.springframework.transaction.support.AbstractPlatformTransactionManager.startTransaction(AbstractPlatformTransactionManager.java:532)
	at org.springframework.transaction.support.AbstractPlatformTransactionManager.getTransaction(AbstractPlatformTransactionManager.java:405)
	at org.springframework.transaction.interceptor.TransactionAspectSupport.createTransactionIfNecessary(TransactionAspectSupport.java:625)
	at org.springframework.transaction.interceptor.TransactionAspectSupport.invokeWithinTransaction(TransactionAspectSupport.java:364)
	at org.springframework.transaction.interceptor.TransactionInterceptor.invoke(TransactionInterceptor.java:118)
	at org.springframework.aop.framework.ReflectiveMethodInvocation.proceed(ReflectiveMethodInvocation.java:179)
	at org.springframework.aop.framework.CglibAopProxy$DynamicAdvisedInterceptor.intercept(CglibAopProxy.java:719)
	at com.FreeLanceHub.ServiceImpl.NotificationServiceImpl$$SpringCGLIB$$0.getUnreadNotifications(<generated>)
	at com.FreeLanceHub.controller.NotificationController.getUnreadNotifications(NotificationController.java:25)
	at java.base/jdk.internal.reflect.DirectMethodHandleAccessor.invoke(DirectMethodHandleAccessor.java:103)
	at java.base/java.lang.reflect.Method.invoke(Method.java:580)
	at org.springframework.web.method.support.InvocableHandlerMethod.doInvoke(InvocableHandlerMethod.java:258)
	at org.springframework.web.method.support.InvocableHandlerMethod.invokeForRequest(InvocableHandlerMethod.java:190)
	at org.springframework.web.servlet.mvc.method.annotation.ServletInvocableHandlerMethod.invokeAndHandle(ServletInvocableHandlerMethod.java:117)
	at org.springframework.web.servlet.mvc.method.annotation.RequestMappingHandlerAdapter.invokeHandlerMethod(RequestMappingHandlerAdapter.java:934)
	at org.springframework.web.servlet.mvc.method.annotation.RequestMappingHandlerAdapter.handleInternal(RequestMappingHandlerAdapter.java:853)
	at org.springframework.web.servlet.mvc.method.AbstractHandlerMethodAdapter.handle(AbstractHandlerMethodAdapter.java:86)
	at org.springframework.web.servlet.DispatcherServlet.doDispatch(DispatcherServlet.java:963)
	at org.springframework.web.servlet.DispatcherServlet.doService(DispatcherServlet.java:866)
	at org.springframework.web.servlet.FrameworkServlet.processRequest(FrameworkServlet.java:1003)
	at org.springframework.web.servlet.FrameworkServlet.doGet(FrameworkServlet.java:892)
	at jakarta.servlet.http.HttpServlet.service(HttpServlet.java:622)
	at org.springframework.web.servlet.FrameworkServlet.service(FrameworkServlet.java:874)
	at jakarta.servlet.http.HttpServlet.service(HttpServlet.java:710)
	at org.apache.catalina.core.ApplicationFilterChain.doFilter(ApplicationFilterChain.java:128)
	at org.apache.tomcat.websocket.server.WsFilter.doFilter(WsFilter.java:53)
	at org.apache.catalina.core.ApplicationFilterChain.doFilter(ApplicationFilterChain.java:107)
	at org.springframework.web.filter.RequestContextFilter.doFilterInternal(RequestContextFilter.java:100)
	at org.springframework.web.filter.OncePerRequestFilter.doFilter(OncePerRequestFilter.java:116)
	at org.apache.catalina.core.ApplicationFilterChain.doFilter(ApplicationFilterChain.java:107)
	at org.springframework.web.filter.FormContentFilter.doFilterInternal(FormContentFilter.java:93)
	at org.springframework.web.filter.OncePerRequestFilter.doFilter(OncePerRequestFilter.java:116)
	at org.apache.catalina.core.ApplicationFilterChain.doFilter(ApplicationFilterChain.java:107)
	at org.springframework.web.filter.CharacterEncodingFilter.doFilterInternal(CharacterEncodingFilter.java:199)
	at org.springframework.web.filter.OncePerRequestFilter.doFilter(OncePerRequestFilter.java:116)
	at org.apache.catalina.core.ApplicationFilterChain.doFilter(ApplicationFilterChain.java:107)
	at org.apache.catalina.core.StandardWrapperValve.invoke(StandardWrapperValve.java:165)
	at org.apache.catalina.core.StandardContextValve.invoke(StandardContextValve.java:77)
	at org.apache.catalina.authenticator.AuthenticatorBase.invoke(AuthenticatorBase.java:482)
	at org.apache.catalina.core.StandardHostValve.invoke(StandardHostValve.java:113)
	at org.apache.catalina.valves.ErrorReportValve.invoke(ErrorReportValve.java:83)
	at org.apache.catalina.core.StandardEngineValve.invoke(StandardEngineValve.java:72)
	at org.apache.catalina.connector.CoyoteAdapter.service(CoyoteAdapter.java:341)
	at org.apache.coyote.http11.Http11Processor.service(Http11Processor.java:397)
	at org.apache.coyote.AbstractProcessorLight.process(AbstractProcessorLight.java:63)
	at org.apache.coyote.AbstractProtocol$ConnectionHandler.process(AbstractProtocol.java:903)
	at org.apache.tomcat.util.net.NioEndpoint$SocketProcessor.doRun(NioEndpoint.java:1778)
	at org.apache.tomcat.util.net.SocketProcessorBase.run(SocketProcessorBase.java:52)
	at org.apache.tomcat.util.threads.ThreadPoolExecutor.runWorker(ThreadPoolExecutor.java:946)
	at org.apache.tomcat.util.threads.ThreadPoolExecutor$Worker.run(ThreadPoolExecutor.java:480)
	at org.apache.tomcat.util.threads.TaskThread$WrappingRunnable.run(TaskThread.java:57)
	at java.base/java.lang.Thread.run(Thread.java:1583)
Caused by: org.hibernate.TransactionException: JDBC begin transaction failed: 
	at org.hibernate.resource.jdbc.internal.AbstractLogicalConnectionImplementor.begin(AbstractLogicalConnectionImplementor.java:74)
	at org.hibernate.resource.jdbc.internal.LogicalConnectionManagedImpl.begin(LogicalConnectionManagedImpl.java:287)
	at org.hibernate.resource.transaction.backend.jdbc.internal.JdbcResourceLocalTransactionCoordinatorImpl$TransactionDriverControlImpl.begin(JdbcResourceLocalTransactionCoordinatorImpl.java:226)
	at org.hibernate.engine.transaction.internal.TransactionImpl.begin(TransactionImpl.java:75)
	at org.springframework.orm.jpa.vendor.HibernateJpaDialect.beginTransaction(HibernateJpaDialect.java:138)
	at org.springframework.orm.jpa.JpaTransactionManager.doBegin(JpaTransactionManager.java:411)
	... 52 more
Caused by: java.sql.SQLSyntaxErrorException: User 'root' has exceeded the 'max_questions' resource (current value: 1000)
	at com.mysql.cj.jdbc.exceptions.SQLError.createSQLException(SQLError.java:112)
	at com.mysql.cj.jdbc.ConnectionImpl.setAutoCommit(ConnectionImpl.java:2129)
	at com.zaxxer.hikari.pool.ProxyConnection.setAutoCommit(ProxyConnection.java:412)
	at com.zaxxer.hikari.pool.HikariProxyConnection.setAutoCommit(HikariProxyConnection.java)
	at org.hibernate.resource.jdbc.internal.AbstractLogicalConnectionImplementor.begin(AbstractLogicalConnectionImplementor.java:68)
	... 57 more
Caused by: com.mysql.cj.exceptions.CJException: User 'root' has exceeded the 'max_questions' resource (current value: 1000)
	at java.base/jdk.internal.reflect.DirectConstructorHandleAccessor.newInstance(DirectConstructorHandleAccessor.java:62)
	at java.base/java.lang.reflect.Constructor.newInstanceWithCaller(Constructor.java:502)
	at java.base/java.lang.reflect.Constructor.newInstance(Constructor.java:486)
	at com.mysql.cj.exceptions.ExceptionFactory.createException(ExceptionFactory.java:52)
	at com.mysql.cj.exceptions.ExceptionFactory.createException(ExceptionFactory.java:95)
	at com.mysql.cj.exceptions.ExceptionFactory.createException(ExceptionFactory.java:140)
	at com.mysql.cj.exceptions.ExceptionFactory.createException(ExceptionFactory.java:118)
	at com.mysql.cj.protocol.a.NativeProtocol.checkErrorMessage(NativeProtocol.java:854)
	at com.mysql.cj.protocol.a.NativeProtocol.checkErrorMessage(NativeProtocol.java:777)
	at com.mysql.cj.protocol.a.NativeProtocol.sendCommand(NativeProtocol.java:707)
	at com.mysql.cj.protocol.a.NativeProtocol.sendQueryPacket(NativeProtocol.java:939)
	at com.mysql.cj.NativeSession.execSQL(NativeSession.java:817)
	at com.mysql.cj.jdbc.ConnectionImpl.setAutoCommit(ConnectionImpl.java:2114)
	... 60 more
org.springframework.transaction.CannotCreateTransactionException: Could not open JPA EntityManager for transaction
	at org.springframework.orm.jpa.JpaTransactionManager.doBegin(JpaTransactionManager.java:457)
	at org.springframework.transaction.support.AbstractPlatformTransactionManager.startTransaction(AbstractPlatformTransactionManager.java:532)
	at org.springframework.transaction.support.AbstractPlatformTransactionManager.getTransaction(AbstractPlatformTransactionManager.java:405)
	at org.springframework.transaction.interceptor.TransactionAspectSupport.createTransactionIfNecessary(TransactionAspectSupport.java:625)
	at org.springframework.transaction.interceptor.TransactionAspectSupport.invokeWithinTransaction(TransactionAspectSupport.java:364)
	at org.springframework.transaction.interceptor.TransactionInterceptor.invoke(TransactionInterceptor.java:118)
	at org.springframework.aop.framework.ReflectiveMethodInvocation.proceed(ReflectiveMethodInvocation.java:179)
	at org.springframework.aop.framework.CglibAopProxy$DynamicAdvisedInterceptor.intercept(CglibAopProxy.java:719)
	at com.FreeLanceHub.ServiceImpl.UserServiceImpl$$SpringCGLIB$$0.saveUser(<generated>)
	at com.FreeLanceHub.controller.UserController.saveUser(UserController.java:56)
	at java.base/jdk.internal.reflect.DirectMethodHandleAccessor.invoke(DirectMethodHandleAccessor.java:103)
	at java.base/java.lang.reflect.Method.invoke(Method.java:580)
	at org.springframework.web.method.support.InvocableHandlerMethod.doInvoke(InvocableHandlerMethod.java:258)
	at org.springframework.web.method.support.InvocableHandlerMethod.invokeForRequest(InvocableHandlerMethod.java:190)
	at org.springframework.web.servlet.mvc.method.annotation.ServletInvocableHandlerMethod.invokeAndHandle(ServletInvocableHandlerMethod.java:117)
	at org.springframework.web.servlet.mvc.method.annotation.RequestMappingHandlerAdapter.invokeHandlerMethod(RequestMappingHandlerAdapter.java:934)
	at org.springframework.web.servlet.mvc.method.annotation.RequestMappingHandlerAdapter.handleInternal(RequestMappingHandlerAdapter.java:853)
	at org.springframework.web.servlet.mvc.method.AbstractHandlerMethodAdapter.handle(AbstractHandlerMethodAdapter.java:86)
	at org.springframework.web.servlet.DispatcherServlet.doDispatch(DispatcherServlet.java:963)
	at org.springframework.web.servlet.DispatcherServlet.doService(DispatcherServlet.java:866)
	at org.springframework.web.servlet.FrameworkServlet.processRequest(FrameworkServlet.java:1003)
	at org.springframework.web.servlet.FrameworkServlet.doPost(FrameworkServlet.java:903)
	at jakarta.servlet.http.HttpServlet.service(HttpServlet.java:649)
	at org.springframework.web.servlet.FrameworkServlet.service(FrameworkServlet.java:874)
	at jakarta.servlet.http.HttpServlet.service(HttpServlet.java:710)
	at org.apache.catalina.core.ApplicationFilterChain.doFilter(ApplicationFilterChain.java:128)
	at org.apache.tomcat.websocket.server.WsFilter.doFilter(WsFilter.java:53)
	at org.apache.catalina.core.ApplicationFilterChain.doFilter(ApplicationFilterChain.java:107)
	at org.springframework.web.filter.RequestContextFilter.doFilterInternal(RequestContextFilter.java:100)
	at org.springframework.web.filter.OncePerRequestFilter.doFilter(OncePerRequestFilter.java:116)
	at org.apache.catalina.core.ApplicationFilterChain.doFilter(ApplicationFilterChain.java:107)
	at org.springframework.web.filter.FormContentFilter.doFilterInternal(FormContentFilter.java:93)
	at org.springframework.web.filter.OncePerRequestFilter.doFilter(OncePerRequestFilter.java:116)
	at org.apache.catalina.core.ApplicationFilterChain.doFilter(ApplicationFilterChain.java:107)
	at org.springframework.web.filter.CharacterEncodingFilter.doFilterInternal(CharacterEncodingFilter.java:199)
	at org.springframework.web.filter.OncePerRequestFilter.doFilter(OncePerRequestFilter.java:116)
	at org.apache.catalina.core.ApplicationFilterChain.doFilter(ApplicationFilterChain.java:107)
	at org.apache.catalina.core.StandardWrapperValve.invoke(StandardWrapperValve.java:165)
	at org.apache.catalina.core.StandardContextValve.invoke(StandardContextValve.java:77)
	at org.apache.catalina.authenticator.AuthenticatorBase.invoke(AuthenticatorBase.java:482)
	at org.apache.catalina.core.StandardHostValve.invoke(StandardHostValve.java:113)
	at org.apache.catalina.valves.ErrorReportValve.invoke(ErrorReportValve.java:83)
	at org.apache.catalina.core.StandardEngineValve.invoke(StandardEngineValve.java:72)
	at org.apache.catalina.connector.CoyoteAdapter.service(CoyoteAdapter.java:341)
	at org.apache.coyote.http11.Http11Processor.service(Http11Processor.java:397)
	at org.apache.coyote.AbstractProcessorLight.process(AbstractProcessorLight.java:63)
	at org.apache.coyote.AbstractProtocol$ConnectionHandler.process(AbstractProtocol.java:903)
	at org.apache.tomcat.util.net.NioEndpoint$SocketProcessor.doRun(NioEndpoint.java:1778)
	at org.apache.tomcat.util.net.SocketProcessorBase.run(SocketProcessorBase.java:52)
	at org.apache.tomcat.util.threads.ThreadPoolExecutor.runWorker(ThreadPoolExecutor.java:946)
	at org.apache.tomcat.util.threads.ThreadPoolExecutor$Worker.run(ThreadPoolExecutor.java:480)
	at org.apache.tomcat.util.threads.TaskThread$WrappingRunnable.run(TaskThread.java:57)
	at java.base/java.lang.Thread.run(Thread.java:1583)
Caused by: org.hibernate.TransactionException: JDBC begin transaction failed: 
	at org.hibernate.resource.jdbc.internal.AbstractLogicalConnectionImplementor.begin(AbstractLogicalConnectionImplementor.java:74)
	at org.hibernate.resource.jdbc.internal.LogicalConnectionManagedImpl.begin(LogicalConnectionManagedImpl.java:287)
	at org.hibernate.resource.transaction.backend.jdbc.internal.JdbcResourceLocalTransactionCoordinatorImpl$TransactionDriverControlImpl.begin(JdbcResourceLocalTransactionCoordinatorImpl.java:226)
	at org.hibernate.engine.transaction.internal.TransactionImpl.begin(TransactionImpl.java:75)
	at org.springframework.orm.jpa.vendor.HibernateJpaDialect.beginTransaction(HibernateJpaDialect.java:138)
	at org.springframework.orm.jpa.JpaTransactionManager.doBegin(JpaTransactionManager.java:411)
	... 52 more
Caused by: java.sql.SQLSyntaxErrorException: User 'root' has exceeded the 'max_questions' resource (current value: 1000)
	at com.mysql.cj.jdbc.exceptions.SQLError.createSQLException(SQLError.java:112)
	at com.mysql.cj.jdbc.ConnectionImpl.setAutoCommit(ConnectionImpl.java:2129)
	at com.zaxxer.hikari.pool.ProxyConnection.setAutoCommit(ProxyConnection.java:412)
	at com.zaxxer.hikari.pool.HikariProxyConnection.setAutoCommit(HikariProxyConnection.java)
	at org.hibernate.resource.jdbc.internal.AbstractLogicalConnectionImplementor.begin(AbstractLogicalConnectionImplementor.java:68)
	... 57 more
Caused by: com.mysql.cj.exceptions.CJException: User 'root' has exceeded the 'max_questions' resource (current value: 1000)
	at java.base/jdk.internal.reflect.DirectConstructorHandleAccessor.newInstance(DirectConstructorHandleAccessor.java:62)
	at java.base/java.lang.reflect.Constructor.newInstanceWithCaller(Constructor.java:502)
	at java.base/java.lang.reflect.Constructor.newInstance(Constructor.java:486)
	at com.mysql.cj.exceptions.ExceptionFactory.createException(ExceptionFactory.java:52)
	at com.mysql.cj.exceptions.ExceptionFactory.createException(ExceptionFactory.java:95)
	at com.mysql.cj.exceptions.ExceptionFactory.createException(ExceptionFactory.java:140)
	at com.mysql.cj.exceptions.ExceptionFactory.createException(ExceptionFactory.java:118)
	at com.mysql.cj.protocol.a.NativeProtocol.checkErrorMessage(NativeProtocol.java:854)
	at com.mysql.cj.protocol.a.NativeProtocol.checkErrorMessage(NativeProtocol.java:777)
	at com.mysql.cj.protocol.a.NativeProtocol.sendCommand(NativeProtocol.java:707)
	at com.mysql.cj.protocol.a.NativeProtocol.sendQueryPacket(NativeProtocol.java:939)
	at com.mysql.cj.NativeSession.execSQL(NativeSession.java:817)
	at com.mysql.cj.jdbc.ConnectionImpl.setAutoCommit(ConnectionImpl.java:2114)
	... 60 more
org.springframework.transaction.CannotCreateTransactionException: Could not open JPA EntityManager for transaction
	at org.springframework.orm.jpa.JpaTransactionManager.doBegin(JpaTransactionManager.java:457)
	at org.springframework.transaction.support.AbstractPlatformTransactionManager.startTransaction(AbstractPlatformTransactionManager.java:532)
	at org.springframework.transaction.support.AbstractPlatformTransactionManager.getTransaction(AbstractPlatformTransactionManager.java:405)
	at org.springframework.transaction.interceptor.TransactionAspectSupport.createTransactionIfNecessary(TransactionAspectSupport.java:625)
	at org.springframework.transaction.interceptor.TransactionAspectSupport.invokeWithinTransaction(TransactionAspectSupport.java:364)
	at org.springframework.transaction.interceptor.TransactionInterceptor.invoke(TransactionInterceptor.java:118)
	at org.springframework.aop.framework.ReflectiveMethodInvocation.proceed(ReflectiveMethodInvocation.java:179)
	at org.springframework.aop.framework.CglibAopProxy$DynamicAdvisedInterceptor.intercept(CglibAopProxy.java:719)
	at com.FreeLanceHub.ServiceImpl.UserServiceImpl$$SpringCGLIB$$0.saveUser(<generated>)
	at com.FreeLanceHub.controller.UserController.saveUser(UserController.java:56)
	at java.base/jdk.internal.reflect.DirectMethodHandleAccessor.invoke(DirectMethodHandleAccessor.java:103)
	at java.base/java.lang.reflect.Method.invoke(Method.java:580)
	at org.springframework.web.method.support.InvocableHandlerMethod.doInvoke(InvocableHandlerMethod.java:258)
	at org.springframework.web.method.support.InvocableHandlerMethod.invokeForRequest(InvocableHandlerMethod.java:190)
	at org.springframework.web.servlet.mvc.method.annotation.ServletInvocableHandlerMethod.invokeAndHandle(ServletInvocableHandlerMethod.java:117)
	at org.springframework.web.servlet.mvc.method.annotation.RequestMappingHandlerAdapter.invokeHandlerMethod(RequestMappingHandlerAdapter.java:934)
	at org.springframework.web.servlet.mvc.method.annotation.RequestMappingHandlerAdapter.handleInternal(RequestMappingHandlerAdapter.java:853)
	at org.springframework.web.servlet.mvc.method.AbstractHandlerMethodAdapter.handle(AbstractHandlerMethodAdapter.java:86)
	at org.springframework.web.servlet.DispatcherServlet.doDispatch(DispatcherServlet.java:963)
	at org.springframework.web.servlet.DispatcherServlet.doService(DispatcherServlet.java:866)
	at org.springframework.web.servlet.FrameworkServlet.processRequest(FrameworkServlet.java:1003)
	at org.springframework.web.servlet.FrameworkServlet.doPost(FrameworkServlet.java:903)
	at jakarta.servlet.http.HttpServlet.service(HttpServlet.java:649)
	at org.springframework.web.servlet.FrameworkServlet.service(FrameworkServlet.java:874)
	at jakarta.servlet.http.HttpServlet.service(HttpServlet.java:710)
	at org.apache.catalina.core.ApplicationFilterChain.doFilter(ApplicationFilterChain.java:128)
	at org.apache.tomcat.websocket.server.WsFilter.doFilter(WsFilter.java:53)
	at org.apache.catalina.core.ApplicationFilterChain.doFilter(ApplicationFilterChain.java:107)
	at org.springframework.web.filter.RequestContextFilter.doFilterInternal(RequestContextFilter.java:100)
	at org.springframework.web.filter.OncePerRequestFilter.doFilter(OncePerRequestFilter.java:116)
	at org.apache.catalina.core.ApplicationFilterChain.doFilter(ApplicationFilterChain.java:107)
	at org.springframework.web.filter.FormContentFilter.doFilterInternal(FormContentFilter.java:93)
	at org.springframework.web.filter.OncePerRequestFilter.doFilter(OncePerRequestFilter.java:116)
	at org.apache.catalina.core.ApplicationFilterChain.doFilter(ApplicationFilterChain.java:107)
	at org.springframework.web.filter.CharacterEncodingFilter.doFilterInternal(CharacterEncodingFilter.java:199)
	at org.springframework.web.filter.OncePerRequestFilter.doFilter(OncePerRequestFilter.java:116)
	at org.apache.catalina.core.ApplicationFilterChain.doFilter(ApplicationFilterChain.java:107)
	at org.apache.catalina.core.StandardWrapperValve.invoke(StandardWrapperValve.java:165)
	at org.apache.catalina.core.StandardContextValve.invoke(StandardContextValve.java:77)
	at org.apache.catalina.authenticator.AuthenticatorBase.invoke(AuthenticatorBase.java:482)
	at org.apache.catalina.core.StandardHostValve.invoke(StandardHostValve.java:113)
	at org.apache.catalina.valves.ErrorReportValve.invoke(ErrorReportValve.java:83)
	at org.apache.catalina.core.StandardEngineValve.invoke(StandardEngineValve.java:72)
	at org.apache.catalina.connector.CoyoteAdapter.service(CoyoteAdapter.java:341)
	at org.apache.coyote.http11.Http11Processor.service(Http11Processor.java:397)
	at org.apache.coyote.AbstractProcessorLight.process(AbstractProcessorLight.java:63)
	at org.apache.coyote.AbstractProtocol$ConnectionHandler.process(AbstractProtocol.java:903)
	at org.apache.tomcat.util.net.NioEndpoint$SocketProcessor.doRun(NioEndpoint.java:1778)
	at org.apache.tomcat.util.net.SocketProcessorBase.run(SocketProcessorBase.java:52)
	at org.apache.tomcat.util.threads.ThreadPoolExecutor.runWorker(ThreadPoolExecutor.java:946)
	at org.apache.tomcat.util.threads.ThreadPoolExecutor$Worker.run(ThreadPoolExecutor.java:480)
	at org.apache.tomcat.util.threads.TaskThread$WrappingRunnable.run(TaskThread.java:57)
	at java.base/java.lang.Thread.run(Thread.java:1583)
Caused by: org.hibernate.TransactionException: JDBC begin transaction failed: 
	at org.hibernate.resource.jdbc.internal.AbstractLogicalConnectionImplementor.begin(AbstractLogicalConnectionImplementor.java:74)
	at org.hibernate.resource.jdbc.internal.LogicalConnectionManagedImpl.begin(LogicalConnectionManagedImpl.java:287)
	at org.hibernate.resource.transaction.backend.jdbc.internal.JdbcResourceLocalTransactionCoordinatorImpl$TransactionDriverControlImpl.begin(JdbcResourceLocalTransactionCoordinatorImpl.java:226)
	at org.hibernate.engine.transaction.internal.TransactionImpl.begin(TransactionImpl.java:75)
	at org.springframework.orm.jpa.vendor.HibernateJpaDialect.beginTransaction(HibernateJpaDialect.java:138)
	at org.springframework.orm.jpa.JpaTransactionManager.doBegin(JpaTransactionManager.java:411)
	... 52 more
Caused by: java.sql.SQLSyntaxErrorException: User 'root' has exceeded the 'max_questions' resource (current value: 1000)
	at com.mysql.cj.jdbc.exceptions.SQLError.createSQLException(SQLError.java:112)
	at com.mysql.cj.jdbc.ConnectionImpl.setAutoCommit(ConnectionImpl.java:2129)
	at com.zaxxer.hikari.pool.ProxyConnection.setAutoCommit(ProxyConnection.java:412)
	at com.zaxxer.hikari.pool.HikariProxyConnection.setAutoCommit(HikariProxyConnection.java)
	at org.hibernate.resource.jdbc.internal.AbstractLogicalConnectionImplementor.begin(AbstractLogicalConnectionImplementor.java:68)
	... 57 more
Caused by: com.mysql.cj.exceptions.CJException: User 'root' has exceeded the 'max_questions' resource (current value: 1000)
	at java.base/jdk.internal.reflect.DirectConstructorHandleAccessor.newInstance(DirectConstructorHandleAccessor.java:62)
	at java.base/java.lang.reflect.Constructor.newInstanceWithCaller(Constructor.java:502)
	at java.base/java.lang.reflect.Constructor.newInstance(Constructor.java:486)
	at com.mysql.cj.exceptions.ExceptionFactory.createException(ExceptionFactory.java:52)
	at com.mysql.cj.exceptions.ExceptionFactory.createException(ExceptionFactory.java:95)
	at com.mysql.cj.exceptions.ExceptionFactory.createException(ExceptionFactory.java:140)
	at com.mysql.cj.exceptions.ExceptionFactory.createException(ExceptionFactory.java:118)
	at com.mysql.cj.protocol.a.NativeProtocol.checkErrorMessage(NativeProtocol.java:854)
	at com.mysql.cj.protocol.a.NativeProtocol.checkErrorMessage(NativeProtocol.java:777)
	at com.mysql.cj.protocol.a.NativeProtocol.sendCommand(NativeProtocol.java:707)
	at com.mysql.cj.protocol.a.NativeProtocol.sendQueryPacket(NativeProtocol.java:939)
	at com.mysql.cj.NativeSession.execSQL(NativeSession.java:817)
	at com.mysql.cj.jdbc.ConnectionImpl.setAutoCommit(ConnectionImpl.java:2114)
	... 60 more
org.springframework.transaction.CannotCreateTransactionException: Could not open JPA EntityManager for transaction
	at org.springframework.orm.jpa.JpaTransactionManager.doBegin(JpaTransactionManager.java:457)
	at org.springframework.transaction.support.AbstractPlatformTransactionManager.startTransaction(AbstractPlatformTransactionManager.java:532)
	at org.springframework.transaction.support.AbstractPlatformTransactionManager.getTransaction(AbstractPlatformTransactionManager.java:405)
	at org.springframework.transaction.interceptor.TransactionAspectSupport.createTransactionIfNecessary(TransactionAspectSupport.java:625)
	at org.springframework.transaction.interceptor.TransactionAspectSupport.invokeWithinTransaction(TransactionAspectSupport.java:364)
	at org.springframework.transaction.interceptor.TransactionInterceptor.invoke(TransactionInterceptor.java:118)
	at org.springframework.aop.framework.ReflectiveMethodInvocation.proceed(ReflectiveMethodInvocation.java:179)
	at org.springframework.aop.framework.CglibAopProxy$DynamicAdvisedInterceptor.intercept(CglibAopProxy.java:719)
	at com.FreeLanceHub.ServiceImpl.UserServiceImpl$$SpringCGLIB$$0.saveUser(<generated>)
	at com.FreeLanceHub.controller.UserController.saveUser(UserController.java:56)
	at java.base/jdk.internal.reflect.DirectMethodHandleAccessor.invoke(DirectMethodHandleAccessor.java:103)
	at java.base/java.lang.reflect.Method.invoke(Method.java:580)
	at org.springframework.web.method.support.InvocableHandlerMethod.doInvoke(InvocableHandlerMethod.java:258)
	at org.springframework.web.method.support.InvocableHandlerMethod.invokeForRequest(InvocableHandlerMethod.java:190)
	at org.springframework.web.servlet.mvc.method.annotation.ServletInvocableHandlerMethod.invokeAndHandle(ServletInvocableHandlerMethod.java:117)
	at org.springframework.web.servlet.mvc.method.annotation.RequestMappingHandlerAdapter.invokeHandlerMethod(RequestMappingHandlerAdapter.java:934)
	at org.springframework.web.servlet.mvc.method.annotation.RequestMappingHandlerAdapter.handleInternal(RequestMappingHandlerAdapter.java:853)
	at org.springframework.web.servlet.mvc.method.AbstractHandlerMethodAdapter.handle(AbstractHandlerMethodAdapter.java:86)
	at org.springframework.web.servlet.DispatcherServlet.doDispatch(DispatcherServlet.java:963)
	at org.springframework.web.servlet.DispatcherServlet.doService(DispatcherServlet.java:866)
	at org.springframework.web.servlet.FrameworkServlet.processRequest(FrameworkServlet.java:1003)
	at org.springframework.web.servlet.FrameworkServlet.doPost(FrameworkServlet.java:903)
	at jakarta.servlet.http.HttpServlet.service(HttpServlet.java:649)
	at org.springframework.web.servlet.FrameworkServlet.service(FrameworkServlet.java:874)
	at jakarta.servlet.http.HttpServlet.service(HttpServlet.java:710)
	at org.apache.catalina.core.ApplicationFilterChain.doFilter(ApplicationFilterChain.java:128)
	at org.apache.tomcat.websocket.server.WsFilter.doFilter(WsFilter.java:53)
	at org.apache.catalina.core.ApplicationFilterChain.doFilter(ApplicationFilterChain.java:107)
	at org.springframework.web.filter.RequestContextFilter.doFilterInternal(RequestContextFilter.java:100)
	at org.springframework.web.filter.OncePerRequestFilter.doFilter(OncePerRequestFilter.java:116)
	at org.apache.catalina.core.ApplicationFilterChain.doFilter(ApplicationFilterChain.java:107)
	at org.springframework.web.filter.FormContentFilter.doFilterInternal(FormContentFilter.java:93)
	at org.springframework.web.filter.OncePerRequestFilter.doFilter(OncePerRequestFilter.java:116)
	at org.apache.catalina.core.ApplicationFilterChain.doFilter(ApplicationFilterChain.java:107)
	at org.springframework.web.filter.CharacterEncodingFilter.doFilterInternal(CharacterEncodingFilter.java:199)
	at org.springframework.web.filter.OncePerRequestFilter.doFilter(OncePerRequestFilter.java:116)
	at org.apache.catalina.core.ApplicationFilterChain.doFilter(ApplicationFilterChain.java:107)
	at org.apache.catalina.core.StandardWrapperValve.invoke(StandardWrapperValve.java:165)
	at org.apache.catalina.core.StandardContextValve.invoke(StandardContextValve.java:77)
	at org.apache.catalina.authenticator.AuthenticatorBase.invoke(AuthenticatorBase.java:482)
	at org.apache.catalina.core.StandardHostValve.invoke(StandardHostValve.java:113)
	at org.apache.catalina.valves.ErrorReportValve.invoke(ErrorReportValve.java:83)
	at org.apache.catalina.core.StandardEngineValve.invoke(StandardEngineValve.java:72)
	at org.apache.catalina.connector.CoyoteAdapter.service(CoyoteAdapter.java:341)
	at org.apache.coyote.http11.Http11Processor.service(Http11Processor.java:397)
	at org.apache.coyote.AbstractProcessorLight.process(AbstractProcessorLight.java:63)
	at org.apache.coyote.AbstractProtocol$ConnectionHandler.process(AbstractProtocol.java:903)
	at org.apache.tomcat.util.net.NioEndpoint$SocketProcessor.doRun(NioEndpoint.java:1778)
	at org.apache.tomcat.util.net.SocketProcessorBase.run(SocketProcessorBase.java:52)
	at org.apache.tomcat.util.threads.ThreadPoolExecutor.runWorker(ThreadPoolExecutor.java:946)
	at org.apache.tomcat.util.threads.ThreadPoolExecutor$Worker.run(ThreadPoolExecutor.java:480)
	at org.apache.tomcat.util.threads.TaskThread$WrappingRunnable.run(TaskThread.java:57)
	at java.base/java.lang.Thread.run(Thread.java:1583)
Caused by: org.hibernate.TransactionException: JDBC begin transaction failed: 
	at org.hibernate.resource.jdbc.internal.AbstractLogicalConnectionImplementor.begin(AbstractLogicalConnectionImplementor.java:74)
	at org.hibernate.resource.jdbc.internal.LogicalConnectionManagedImpl.begin(LogicalConnectionManagedImpl.java:287)
	at org.hibernate.resource.transaction.backend.jdbc.internal.JdbcResourceLocalTransactionCoordinatorImpl$TransactionDriverControlImpl.begin(JdbcResourceLocalTransactionCoordinatorImpl.java:226)
	at org.hibernate.engine.transaction.internal.TransactionImpl.begin(TransactionImpl.java:75)
	at org.springframework.orm.jpa.vendor.HibernateJpaDialect.beginTransaction(HibernateJpaDialect.java:138)
	at org.springframework.orm.jpa.JpaTransactionManager.doBegin(JpaTransactionManager.java:411)
	... 52 more
Caused by: java.sql.SQLSyntaxErrorException: User 'root' has exceeded the 'max_questions' resource (current value: 1000)
	at com.mysql.cj.jdbc.exceptions.SQLError.createSQLException(SQLError.java:112)
	at com.mysql.cj.jdbc.ConnectionImpl.setAutoCommit(ConnectionImpl.java:2129)
	at com.zaxxer.hikari.pool.ProxyConnection.setAutoCommit(ProxyConnection.java:412)
	at com.zaxxer.hikari.pool.HikariProxyConnection.setAutoCommit(HikariProxyConnection.java)
	at org.hibernate.resource.jdbc.internal.AbstractLogicalConnectionImplementor.begin(AbstractLogicalConnectionImplementor.java:68)
	... 57 more
Caused by: com.mysql.cj.exceptions.CJException: User 'root' has exceeded the 'max_questions' resource (current value: 1000)
	at java.base/jdk.internal.reflect.DirectConstructorHandleAccessor.newInstance(DirectConstructorHandleAccessor.java:62)
	at java.base/java.lang.reflect.Constructor.newInstanceWithCaller(Constructor.java:502)
	at java.base/java.lang.reflect.Constructor.newInstance(Constructor.java:486)
	at com.mysql.cj.exceptions.ExceptionFactory.createException(ExceptionFactory.java:52)
	at com.mysql.cj.exceptions.ExceptionFactory.createException(ExceptionFactory.java:95)
	at com.mysql.cj.exceptions.ExceptionFactory.createException(ExceptionFactory.java:140)
	at com.mysql.cj.exceptions.ExceptionFactory.createException(ExceptionFactory.java:118)
	at com.mysql.cj.protocol.a.NativeProtocol.checkErrorMessage(NativeProtocol.java:854)
	at com.mysql.cj.protocol.a.NativeProtocol.checkErrorMessage(NativeProtocol.java:777)
	at com.mysql.cj.protocol.a.NativeProtocol.sendCommand(NativeProtocol.java:707)
	at com.mysql.cj.protocol.a.NativeProtocol.sendQueryPacket(NativeProtocol.java:939)
	at com.mysql.cj.NativeSession.execSQL(NativeSession.java:817)
	at com.mysql.cj.jdbc.ConnectionImpl.setAutoCommit(ConnectionImpl.java:2114)
	... 60 more
org.springframework.transaction.CannotCreateTransactionException: Could not open JPA EntityManager for transaction
	at org.springframework.orm.jpa.JpaTransactionManager.doBegin(JpaTransactionManager.java:457)
	at org.springframework.transaction.support.AbstractPlatformTransactionManager.startTransaction(AbstractPlatformTransactionManager.java:532)
	at org.springframework.transaction.support.AbstractPlatformTransactionManager.getTransaction(AbstractPlatformTransactionManager.java:405)
	at org.springframework.transaction.interceptor.TransactionAspectSupport.createTransactionIfNecessary(TransactionAspectSupport.java:625)
	at org.springframework.transaction.interceptor.TransactionAspectSupport.invokeWithinTransaction(TransactionAspectSupport.java:364)
	at org.springframework.transaction.interceptor.TransactionInterceptor.invoke(TransactionInterceptor.java:118)
	at org.springframework.aop.framework.ReflectiveMethodInvocation.proceed(ReflectiveMethodInvocation.java:179)
	at org.springframework.aop.framework.CglibAopProxy$DynamicAdvisedInterceptor.intercept(CglibAopProxy.java:719)
	at com.FreeLanceHub.ServiceImpl.UserServiceImpl$$SpringCGLIB$$0.saveUser(<generated>)
	at com.FreeLanceHub.controller.UserController.saveUser(UserController.java:56)
	at java.base/jdk.internal.reflect.DirectMethodHandleAccessor.invoke(DirectMethodHandleAccessor.java:103)
	at java.base/java.lang.reflect.Method.invoke(Method.java:580)
	at org.springframework.web.method.support.InvocableHandlerMethod.doInvoke(InvocableHandlerMethod.java:258)
	at org.springframework.web.method.support.InvocableHandlerMethod.invokeForRequest(InvocableHandlerMethod.java:190)
	at org.springframework.web.servlet.mvc.method.annotation.ServletInvocableHandlerMethod.invokeAndHandle(ServletInvocableHandlerMethod.java:117)
	at org.springframework.web.servlet.mvc.method.annotation.RequestMappingHandlerAdapter.invokeHandlerMethod(RequestMappingHandlerAdapter.java:934)
	at org.springframework.web.servlet.mvc.method.annotation.RequestMappingHandlerAdapter.handleInternal(RequestMappingHandlerAdapter.java:853)
	at org.springframework.web.servlet.mvc.method.AbstractHandlerMethodAdapter.handle(AbstractHandlerMethodAdapter.java:86)
	at org.springframework.web.servlet.DispatcherServlet.doDispatch(DispatcherServlet.java:963)
	at org.springframework.web.servlet.DispatcherServlet.doService(DispatcherServlet.java:866)
	at org.springframework.web.servlet.FrameworkServlet.processRequest(FrameworkServlet.java:1003)
	at org.springframework.web.servlet.FrameworkServlet.doPost(FrameworkServlet.java:903)
	at jakarta.servlet.http.HttpServlet.service(HttpServlet.java:649)
	at org.springframework.web.servlet.FrameworkServlet.service(FrameworkServlet.java:874)
	at jakarta.servlet.http.HttpServlet.service(HttpServlet.java:710)
	at org.apache.catalina.core.ApplicationFilterChain.doFilter(ApplicationFilterChain.java:128)
	at org.apache.tomcat.websocket.server.WsFilter.doFilter(WsFilter.java:53)
	at org.apache.catalina.core.ApplicationFilterChain.doFilter(ApplicationFilterChain.java:107)
	at org.springframework.web.filter.RequestContextFilter.doFilterInternal(RequestContextFilter.java:100)
	at org.springframework.web.filter.OncePerRequestFilter.doFilter(OncePerRequestFilter.java:116)
	at org.apache.catalina.core.ApplicationFilterChain.doFilter(ApplicationFilterChain.java:107)
	at org.springframework.web.filter.FormContentFilter.doFilterInternal(FormContentFilter.java:93)
	at org.springframework.web.filter.OncePerRequestFilter.doFilter(OncePerRequestFilter.java:116)
	at org.apache.catalina.core.ApplicationFilterChain.doFilter(ApplicationFilterChain.java:107)
	at org.springframework.web.filter.CharacterEncodingFilter.doFilterInternal(CharacterEncodingFilter.java:199)
	at org.springframework.web.filter.OncePerRequestFilter.doFilter(OncePerRequestFilter.java:116)
	at org.apache.catalina.core.ApplicationFilterChain.doFilter(ApplicationFilterChain.java:107)
	at org.apache.catalina.core.StandardWrapperValve.invoke(StandardWrapperValve.java:165)
	at org.apache.catalina.core.StandardContextValve.invoke(StandardContextValve.java:77)
	at org.apache.catalina.authenticator.AuthenticatorBase.invoke(AuthenticatorBase.java:482)
	at org.apache.catalina.core.StandardHostValve.invoke(StandardHostValve.java:113)
	at org.apache.catalina.valves.ErrorReportValve.invoke(ErrorReportValve.java:83)
	at org.apache.catalina.core.StandardEngineValve.invoke(StandardEngineValve.java:72)
	at org.apache.catalina.connector.CoyoteAdapter.service(CoyoteAdapter.java:341)
	at org.apache.coyote.http11.Http11Processor.service(Http11Processor.java:397)
	at org.apache.coyote.AbstractProcessorLight.process(AbstractProcessorLight.java:63)
	at org.apache.coyote.AbstractProtocol$ConnectionHandler.process(AbstractProtocol.java:903)
	at org.apache.tomcat.util.net.NioEndpoint$SocketProcessor.doRun(NioEndpoint.java:1778)
	at org.apache.tomcat.util.net.SocketProcessorBase.run(SocketProcessorBase.java:52)
	at org.apache.tomcat.util.threads.ThreadPoolExecutor.runWorker(ThreadPoolExecutor.java:946)
	at org.apache.tomcat.util.threads.ThreadPoolExecutor$Worker.run(ThreadPoolExecutor.java:480)
	at org.apache.tomcat.util.threads.TaskThread$WrappingRunnable.run(TaskThread.java:57)
	at java.base/java.lang.Thread.run(Thread.java:1583)
Caused by: org.hibernate.TransactionException: JDBC begin transaction failed: 
	at org.hibernate.resource.jdbc.internal.AbstractLogicalConnectionImplementor.begin(AbstractLogicalConnectionImplementor.java:74)
	at org.hibernate.resource.jdbc.internal.LogicalConnectionManagedImpl.begin(LogicalConnectionManagedImpl.java:287)
	at org.hibernate.resource.transaction.backend.jdbc.internal.JdbcResourceLocalTransactionCoordinatorImpl$TransactionDriverControlImpl.begin(JdbcResourceLocalTransactionCoordinatorImpl.java:226)
	at org.hibernate.engine.transaction.internal.TransactionImpl.begin(TransactionImpl.java:75)
	at org.springframework.orm.jpa.vendor.HibernateJpaDialect.beginTransaction(HibernateJpaDialect.java:138)
	at org.springframework.orm.jpa.JpaTransactionManager.doBegin(JpaTransactionManager.java:411)
	... 52 more
Caused by: java.sql.SQLSyntaxErrorException: User 'root' has exceeded the 'max_questions' resource (current value: 1000)
	at com.mysql.cj.jdbc.exceptions.SQLError.createSQLException(SQLError.java:112)
	at com.mysql.cj.jdbc.ConnectionImpl.setAutoCommit(ConnectionImpl.java:2129)
	at com.zaxxer.hikari.pool.ProxyConnection.setAutoCommit(ProxyConnection.java:412)
	at com.zaxxer.hikari.pool.HikariProxyConnection.setAutoCommit(HikariProxyConnection.java)
	at org.hibernate.resource.jdbc.internal.AbstractLogicalConnectionImplementor.begin(AbstractLogicalConnectionImplementor.java:68)
	... 57 more
Caused by: com.mysql.cj.exceptions.CJException: User 'root' has exceeded the 'max_questions' resource (current value: 1000)
	at java.base/jdk.internal.reflect.DirectConstructorHandleAccessor.newInstance(DirectConstructorHandleAccessor.java:62)
	at java.base/java.lang.reflect.Constructor.newInstanceWithCaller(Constructor.java:502)
	at java.base/java.lang.reflect.Constructor.newInstance(Constructor.java:486)
	at com.mysql.cj.exceptions.ExceptionFactory.createException(ExceptionFactory.java:52)
	at com.mysql.cj.exceptions.ExceptionFactory.createException(ExceptionFactory.java:95)
	at com.mysql.cj.exceptions.ExceptionFactory.createException(ExceptionFactory.java:140)
	at com.mysql.cj.exceptions.ExceptionFactory.createException(ExceptionFactory.java:118)
	at com.mysql.cj.protocol.a.NativeProtocol.checkErrorMessage(NativeProtocol.java:854)
	at com.mysql.cj.protocol.a.NativeProtocol.checkErrorMessage(NativeProtocol.java:777)
	at com.mysql.cj.protocol.a.NativeProtocol.sendCommand(NativeProtocol.java:707)
	at com.mysql.cj.protocol.a.NativeProtocol.sendQueryPacket(NativeProtocol.java:939)
	at com.mysql.cj.NativeSession.execSQL(NativeSession.java:817)
	at com.mysql.cj.jdbc.ConnectionImpl.setAutoCommit(ConnectionImpl.java:2114)
	... 60 more
org.springframework.transaction.CannotCreateTransactionException: Could not open JPA EntityManager for transaction
	at org.springframework.orm.jpa.JpaTransactionManager.doBegin(JpaTransactionManager.java:457)
	at org.springframework.transaction.support.AbstractPlatformTransactionManager.startTransaction(AbstractPlatformTransactionManager.java:532)
	at org.springframework.transaction.support.AbstractPlatformTransactionManager.getTransaction(AbstractPlatformTransactionManager.java:405)
	at org.springframework.transaction.interceptor.TransactionAspectSupport.createTransactionIfNecessary(TransactionAspectSupport.java:625)
	at org.springframework.transaction.interceptor.TransactionAspectSupport.invokeWithinTransaction(TransactionAspectSupport.java:364)
	at org.springframework.transaction.interceptor.TransactionInterceptor.invoke(TransactionInterceptor.java:118)
	at org.springframework.aop.framework.ReflectiveMethodInvocation.proceed(ReflectiveMethodInvocation.java:179)
	at org.springframework.aop.framework.CglibAopProxy$DynamicAdvisedInterceptor.intercept(CglibAopProxy.java:719)
	at com.FreeLanceHub.ServiceImpl.UserServiceImpl$$SpringCGLIB$$0.saveUser(<generated>)
	at com.FreeLanceHub.controller.UserController.saveUser(UserController.java:56)
	at java.base/jdk.internal.reflect.DirectMethodHandleAccessor.invoke(DirectMethodHandleAccessor.java:103)
	at java.base/java.lang.reflect.Method.invoke(Method.java:580)
	at org.springframework.web.method.support.InvocableHandlerMethod.doInvoke(InvocableHandlerMethod.java:258)
	at org.springframework.web.method.support.InvocableHandlerMethod.invokeForRequest(InvocableHandlerMethod.java:190)
	at org.springframework.web.servlet.mvc.method.annotation.ServletInvocableHandlerMethod.invokeAndHandle(ServletInvocableHandlerMethod.java:117)
	at org.springframework.web.servlet.mvc.method.annotation.RequestMappingHandlerAdapter.invokeHandlerMethod(RequestMappingHandlerAdapter.java:934)
	at org.springframework.web.servlet.mvc.method.annotation.RequestMappingHandlerAdapter.handleInternal(RequestMappingHandlerAdapter.java:853)
	at org.springframework.web.servlet.mvc.method.AbstractHandlerMethodAdapter.handle(AbstractHandlerMethodAdapter.java:86)
	at org.springframework.web.servlet.DispatcherServlet.doDispatch(DispatcherServlet.java:963)
	at org.springframework.web.servlet.DispatcherServlet.doService(DispatcherServlet.java:866)
	at org.springframework.web.servlet.FrameworkServlet.processRequest(FrameworkServlet.java:1003)
	at org.springframework.web.servlet.FrameworkServlet.doPost(FrameworkServlet.java:903)
	at jakarta.servlet.http.HttpServlet.service(HttpServlet.java:649)
	at org.springframework.web.servlet.FrameworkServlet.service(FrameworkServlet.java:874)
	at jakarta.servlet.http.HttpServlet.service(HttpServlet.java:710)
	at org.apache.catalina.core.ApplicationFilterChain.doFilter(ApplicationFilterChain.java:128)
	at org.apache.tomcat.websocket.server.WsFilter.doFilter(WsFilter.java:53)
	at org.apache.catalina.core.ApplicationFilterChain.doFilter(ApplicationFilterChain.java:107)
	at org.springframework.web.filter.RequestContextFilter.doFilterInternal(RequestContextFilter.java:100)
	at org.springframework.web.filter.OncePerRequestFilter.doFilter(OncePerRequestFilter.java:116)
	at org.apache.catalina.core.ApplicationFilterChain.doFilter(ApplicationFilterChain.java:107)
	at org.springframework.web.filter.FormContentFilter.doFilterInternal(FormContentFilter.java:93)
	at org.springframework.web.filter.OncePerRequestFilter.doFilter(OncePerRequestFilter.java:116)
	at org.apache.catalina.core.ApplicationFilterChain.doFilter(ApplicationFilterChain.java:107)
	at org.springframework.web.filter.CharacterEncodingFilter.doFilterInternal(CharacterEncodingFilter.java:199)
	at org.springframework.web.filter.OncePerRequestFilter.doFilter(OncePerRequestFilter.java:116)
	at org.apache.catalina.core.ApplicationFilterChain.doFilter(ApplicationFilterChain.java:107)
	at org.apache.catalina.core.StandardWrapperValve.invoke(StandardWrapperValve.java:165)
	at org.apache.catalina.core.StandardContextValve.invoke(StandardContextValve.java:77)
	at org.apache.catalina.authenticator.AuthenticatorBase.invoke(AuthenticatorBase.java:482)
	at org.apache.catalina.core.StandardHostValve.invoke(StandardHostValve.java:113)
	at org.apache.catalina.valves.ErrorReportValve.invoke(ErrorReportValve.java:83)
	at org.apache.catalina.core.StandardEngineValve.invoke(StandardEngineValve.java:72)
	at org.apache.catalina.connector.CoyoteAdapter.service(CoyoteAdapter.java:341)
	at org.apache.coyote.http11.Http11Processor.service(Http11Processor.java:397)
	at org.apache.coyote.AbstractProcessorLight.process(AbstractProcessorLight.java:63)
	at org.apache.coyote.AbstractProtocol$ConnectionHandler.process(AbstractProtocol.java:903)
	at org.apache.tomcat.util.net.NioEndpoint$SocketProcessor.doRun(NioEndpoint.java:1778)
	at org.apache.tomcat.util.net.SocketProcessorBase.run(SocketProcessorBase.java:52)
	at org.apache.tomcat.util.threads.ThreadPoolExecutor.runWorker(ThreadPoolExecutor.java:946)
	at org.apache.tomcat.util.threads.ThreadPoolExecutor$Worker.run(ThreadPoolExecutor.java:480)
	at org.apache.tomcat.util.threads.TaskThread$WrappingRunnable.run(TaskThread.java:57)
	at java.base/java.lang.Thread.run(Thread.java:1583)
Caused by: org.hibernate.TransactionException: JDBC begin transaction failed: 
	at org.hibernate.resource.jdbc.internal.AbstractLogicalConnectionImplementor.begin(AbstractLogicalConnectionImplementor.java:74)
	at org.hibernate.resource.jdbc.internal.LogicalConnectionManagedImpl.begin(LogicalConnectionManagedImpl.java:287)
	at org.hibernate.resource.transaction.backend.jdbc.internal.JdbcResourceLocalTransactionCoordinatorImpl$TransactionDriverControlImpl.begin(JdbcResourceLocalTransactionCoordinatorImpl.java:226)
	at org.hibernate.engine.transaction.internal.TransactionImpl.begin(TransactionImpl.java:75)
	at org.springframework.orm.jpa.vendor.HibernateJpaDialect.beginTransaction(HibernateJpaDialect.java:138)
	at org.springframework.orm.jpa.JpaTransactionManager.doBegin(JpaTransactionManager.java:411)
	... 52 more
Caused by: java.sql.SQLSyntaxErrorException: User 'root' has exceeded the 'max_questions' resource (current value: 1000)
	at com.mysql.cj.jdbc.exceptions.SQLError.createSQLException(SQLError.java:112)
	at com.mysql.cj.jdbc.ConnectionImpl.setAutoCommit(ConnectionImpl.java:2129)
	at com.zaxxer.hikari.pool.ProxyConnection.setAutoCommit(ProxyConnection.java:412)
	at com.zaxxer.hikari.pool.HikariProxyConnection.setAutoCommit(HikariProxyConnection.java)
	at org.hibernate.resource.jdbc.internal.AbstractLogicalConnectionImplementor.begin(AbstractLogicalConnectionImplementor.java:68)
	... 57 more
Caused by: com.mysql.cj.exceptions.CJException: User 'root' has exceeded the 'max_questions' resource (current value: 1000)
	at java.base/jdk.internal.reflect.DirectConstructorHandleAccessor.newInstance(DirectConstructorHandleAccessor.java:62)
	at java.base/java.lang.reflect.Constructor.newInstanceWithCaller(Constructor.java:502)
	at java.base/java.lang.reflect.Constructor.newInstance(Constructor.java:486)
	at com.mysql.cj.exceptions.ExceptionFactory.createException(ExceptionFactory.java:52)
	at com.mysql.cj.exceptions.ExceptionFactory.createException(ExceptionFactory.java:95)
	at com.mysql.cj.exceptions.ExceptionFactory.createException(ExceptionFactory.java:140)
	at com.mysql.cj.exceptions.ExceptionFactory.createException(ExceptionFactory.java:118)
	at com.mysql.cj.protocol.a.NativeProtocol.checkErrorMessage(NativeProtocol.java:854)
	at com.mysql.cj.protocol.a.NativeProtocol.checkErrorMessage(NativeProtocol.java:777)
	at com.mysql.cj.protocol.a.NativeProtocol.sendCommand(NativeProtocol.java:707)
	at com.mysql.cj.protocol.a.NativeProtocol.sendQueryPacket(NativeProtocol.java:939)
	at com.mysql.cj.NativeSession.execSQL(NativeSession.java:817)
	at com.mysql.cj.jdbc.ConnectionImpl.setAutoCommit(ConnectionImpl.java:2114)
	... 60 more
org.springframework.transaction.CannotCreateTransactionException: Could not open JPA EntityManager for transaction
	at org.springframework.orm.jpa.JpaTransactionManager.doBegin(JpaTransactionManager.java:457)
	at org.springframework.transaction.support.AbstractPlatformTransactionManager.startTransaction(AbstractPlatformTransactionManager.java:532)
	at org.springframework.transaction.support.AbstractPlatformTransactionManager.getTransaction(AbstractPlatformTransactionManager.java:405)
	at org.springframework.transaction.interceptor.TransactionAspectSupport.createTransactionIfNecessary(TransactionAspectSupport.java:625)
	at org.springframework.transaction.interceptor.TransactionAspectSupport.invokeWithinTransaction(TransactionAspectSupport.java:364)
	at org.springframework.transaction.interceptor.TransactionInterceptor.invoke(TransactionInterceptor.java:118)
	at org.springframework.aop.framework.ReflectiveMethodInvocation.proceed(ReflectiveMethodInvocation.java:179)
	at org.springframework.aop.framework.CglibAopProxy$DynamicAdvisedInterceptor.intercept(CglibAopProxy.java:719)
	at com.FreeLanceHub.ServiceImpl.UserServiceImpl$$SpringCGLIB$$0.saveUser(<generated>)
	at com.FreeLanceHub.controller.UserController.saveUser(UserController.java:56)
	at java.base/jdk.internal.reflect.DirectMethodHandleAccessor.invoke(DirectMethodHandleAccessor.java:103)
	at java.base/java.lang.reflect.Method.invoke(Method.java:580)
	at org.springframework.web.method.support.InvocableHandlerMethod.doInvoke(InvocableHandlerMethod.java:258)
	at org.springframework.web.method.support.InvocableHandlerMethod.invokeForRequest(InvocableHandlerMethod.java:190)
	at org.springframework.web.servlet.mvc.method.annotation.ServletInvocableHandlerMethod.invokeAndHandle(ServletInvocableHandlerMethod.java:117)
	at org.springframework.web.servlet.mvc.method.annotation.RequestMappingHandlerAdapter.invokeHandlerMethod(RequestMappingHandlerAdapter.java:934)
	at org.springframework.web.servlet.mvc.method.annotation.RequestMappingHandlerAdapter.handleInternal(RequestMappingHandlerAdapter.java:853)
	at org.springframework.web.servlet.mvc.method.AbstractHandlerMethodAdapter.handle(AbstractHandlerMethodAdapter.java:86)
	at org.springframework.web.servlet.DispatcherServlet.doDispatch(DispatcherServlet.java:963)
	at org.springframework.web.servlet.DispatcherServlet.doService(DispatcherServlet.java:866)
	at org.springframework.web.servlet.FrameworkServlet.processRequest(FrameworkServlet.java:1003)
	at org.springframework.web.servlet.FrameworkServlet.doPost(FrameworkServlet.java:903)
	at jakarta.servlet.http.HttpServlet.service(HttpServlet.java:649)
	at org.springframework.web.servlet.FrameworkServlet.service(FrameworkServlet.java:874)
	at jakarta.servlet.http.HttpServlet.service(HttpServlet.java:710)
	at org.apache.catalina.core.ApplicationFilterChain.doFilter(ApplicationFilterChain.java:128)
	at org.apache.tomcat.websocket.server.WsFilter.doFilter(WsFilter.java:53)
	at org.apache.catalina.core.ApplicationFilterChain.doFilter(ApplicationFilterChain.java:107)
	at org.springframework.web.filter.RequestContextFilter.doFilterInternal(RequestContextFilter.java:100)
	at org.springframework.web.filter.OncePerRequestFilter.doFilter(OncePerRequestFilter.java:116)
	at org.apache.catalina.core.ApplicationFilterChain.doFilter(ApplicationFilterChain.java:107)
	at org.springframework.web.filter.FormContentFilter.doFilterInternal(FormContentFilter.java:93)
	at org.springframework.web.filter.OncePerRequestFilter.doFilter(OncePerRequestFilter.java:116)
	at org.apache.catalina.core.ApplicationFilterChain.doFilter(ApplicationFilterChain.java:107)
	at org.springframework.web.filter.CharacterEncodingFilter.doFilterInternal(CharacterEncodingFilter.java:199)
	at org.springframework.web.filter.OncePerRequestFilter.doFilter(OncePerRequestFilter.java:116)
	at org.apache.catalina.core.ApplicationFilterChain.doFilter(ApplicationFilterChain.java:107)
	at org.apache.catalina.core.StandardWrapperValve.invoke(StandardWrapperValve.java:165)
	at org.apache.catalina.core.StandardContextValve.invoke(StandardContextValve.java:77)
	at org.apache.catalina.authenticator.AuthenticatorBase.invoke(AuthenticatorBase.java:482)
	at org.apache.catalina.core.StandardHostValve.invoke(StandardHostValve.java:113)
	at org.apache.catalina.valves.ErrorReportValve.invoke(ErrorReportValve.java:83)
	at org.apache.catalina.core.StandardEngineValve.invoke(StandardEngineValve.java:72)
	at org.apache.catalina.connector.CoyoteAdapter.service(CoyoteAdapter.java:341)
	at org.apache.coyote.http11.Http11Processor.service(Http11Processor.java:397)
	at org.apache.coyote.AbstractProcessorLight.process(AbstractProcessorLight.java:63)
	at org.apache.coyote.AbstractProtocol$ConnectionHandler.process(AbstractProtocol.java:903)
	at org.apache.tomcat.util.net.NioEndpoint$SocketProcessor.doRun(NioEndpoint.java:1778)
	at org.apache.tomcat.util.net.SocketProcessorBase.run(SocketProcessorBase.java:52)
	at org.apache.tomcat.util.threads.ThreadPoolExecutor.runWorker(ThreadPoolExecutor.java:946)
	at org.apache.tomcat.util.threads.ThreadPoolExecutor$Worker.run(ThreadPoolExecutor.java:480)
	at org.apache.tomcat.util.threads.TaskThread$WrappingRunnable.run(TaskThread.java:57)
	at java.base/java.lang.Thread.run(Thread.java:1583)
Caused by: org.hibernate.TransactionException: JDBC begin transaction failed: 
	at org.hibernate.resource.jdbc.internal.AbstractLogicalConnectionImplementor.begin(AbstractLogicalConnectionImplementor.java:74)
	at org.hibernate.resource.jdbc.internal.LogicalConnectionManagedImpl.begin(LogicalConnectionManagedImpl.java:287)
	at org.hibernate.resource.transaction.backend.jdbc.internal.JdbcResourceLocalTransactionCoordinatorImpl$TransactionDriverControlImpl.begin(JdbcResourceLocalTransactionCoordinatorImpl.java:226)
	at org.hibernate.engine.transaction.internal.TransactionImpl.begin(TransactionImpl.java:75)
	at org.springframework.orm.jpa.vendor.HibernateJpaDialect.beginTransaction(HibernateJpaDialect.java:138)
	at org.springframework.orm.jpa.JpaTransactionManager.doBegin(JpaTransactionManager.java:411)
	... 52 more
Caused by: java.sql.SQLSyntaxErrorException: User 'root' has exceeded the 'max_questions' resource (current value: 1000)
	at com.mysql.cj.jdbc.exceptions.SQLError.createSQLException(SQLError.java:112)
	at com.mysql.cj.jdbc.ConnectionImpl.setAutoCommit(ConnectionImpl.java:2129)
	at com.zaxxer.hikari.pool.ProxyConnection.setAutoCommit(ProxyConnection.java:412)
	at com.zaxxer.hikari.pool.HikariProxyConnection.setAutoCommit(HikariProxyConnection.java)
	at org.hibernate.resource.jdbc.internal.AbstractLogicalConnectionImplementor.begin(AbstractLogicalConnectionImplementor.java:68)
	... 57 more
Caused by: com.mysql.cj.exceptions.CJException: User 'root' has exceeded the 'max_questions' resource (current value: 1000)
	at java.base/jdk.internal.reflect.DirectConstructorHandleAccessor.newInstance(DirectConstructorHandleAccessor.java:62)
	at java.base/java.lang.reflect.Constructor.newInstanceWithCaller(Constructor.java:502)
	at java.base/java.lang.reflect.Constructor.newInstance(Constructor.java:486)
	at com.mysql.cj.exceptions.ExceptionFactory.createException(ExceptionFactory.java:52)
	at com.mysql.cj.exceptions.ExceptionFactory.createException(ExceptionFactory.java:95)
	at com.mysql.cj.exceptions.ExceptionFactory.createException(ExceptionFactory.java:140)
	at com.mysql.cj.exceptions.ExceptionFactory.createException(ExceptionFactory.java:118)
	at com.mysql.cj.protocol.a.NativeProtocol.checkErrorMessage(NativeProtocol.java:854)
	at com.mysql.cj.protocol.a.NativeProtocol.checkErrorMessage(NativeProtocol.java:777)
	at com.mysql.cj.protocol.a.NativeProtocol.sendCommand(NativeProtocol.java:707)
	at com.mysql.cj.protocol.a.NativeProtocol.sendQueryPacket(NativeProtocol.java:939)
	at com.mysql.cj.NativeSession.execSQL(NativeSession.java:817)
	at com.mysql.cj.jdbc.ConnectionImpl.setAutoCommit(ConnectionImpl.java:2114)
	... 60 more
org.springframework.transaction.CannotCreateTransactionException: Could not open JPA EntityManager for transaction
	at org.springframework.orm.jpa.JpaTransactionManager.doBegin(JpaTransactionManager.java:457)
	at org.springframework.transaction.support.AbstractPlatformTransactionManager.startTransaction(AbstractPlatformTransactionManager.java:532)
	at org.springframework.transaction.support.AbstractPlatformTransactionManager.getTransaction(AbstractPlatformTransactionManager.java:405)
	at org.springframework.transaction.interceptor.TransactionAspectSupport.createTransactionIfNecessary(TransactionAspectSupport.java:625)
	at org.springframework.transaction.interceptor.TransactionAspectSupport.invokeWithinTransaction(TransactionAspectSupport.java:364)
	at org.springframework.transaction.interceptor.TransactionInterceptor.invoke(TransactionInterceptor.java:118)
	at org.springframework.aop.framework.ReflectiveMethodInvocation.proceed(ReflectiveMethodInvocation.java:179)
	at org.springframework.aop.framework.CglibAopProxy$DynamicAdvisedInterceptor.intercept(CglibAopProxy.java:719)
	at com.FreeLanceHub.ServiceImpl.UserServiceImpl$$SpringCGLIB$$0.saveUser(<generated>)
	at com.FreeLanceHub.controller.UserController.saveUser(UserController.java:56)
	at java.base/jdk.internal.reflect.DirectMethodHandleAccessor.invoke(DirectMethodHandleAccessor.java:103)
	at java.base/java.lang.reflect.Method.invoke(Method.java:580)
	at org.springframework.web.method.support.InvocableHandlerMethod.doInvoke(InvocableHandlerMethod.java:258)
	at org.springframework.web.method.support.InvocableHandlerMethod.invokeForRequest(InvocableHandlerMethod.java:190)
	at org.springframework.web.servlet.mvc.method.annotation.ServletInvocableHandlerMethod.invokeAndHandle(ServletInvocableHandlerMethod.java:117)
	at org.springframework.web.servlet.mvc.method.annotation.RequestMappingHandlerAdapter.invokeHandlerMethod(RequestMappingHandlerAdapter.java:934)
	at org.springframework.web.servlet.mvc.method.annotation.RequestMappingHandlerAdapter.handleInternal(RequestMappingHandlerAdapter.java:853)
	at org.springframework.web.servlet.mvc.method.AbstractHandlerMethodAdapter.handle(AbstractHandlerMethodAdapter.java:86)
	at org.springframework.web.servlet.DispatcherServlet.doDispatch(DispatcherServlet.java:963)
	at org.springframework.web.servlet.DispatcherServlet.doService(DispatcherServlet.java:866)
	at org.springframework.web.servlet.FrameworkServlet.processRequest(FrameworkServlet.java:1003)
	at org.springframework.web.servlet.FrameworkServlet.doPost(FrameworkServlet.java:903)
	at jakarta.servlet.http.HttpServlet.service(HttpServlet.java:649)
	at org.springframework.web.servlet.FrameworkServlet.service(FrameworkServlet.java:874)
	at jakarta.servlet.http.HttpServlet.service(HttpServlet.java:710)
	at org.apache.catalina.core.ApplicationFilterChain.doFilter(ApplicationFilterChain.java:128)
	at org.apache.tomcat.websocket.server.WsFilter.doFilter(WsFilter.java:53)
	at org.apache.catalina.core.ApplicationFilterChain.doFilter(ApplicationFilterChain.java:107)
	at org.springframework.web.filter.RequestContextFilter.doFilterInternal(RequestContextFilter.java:100)
	at org.springframework.web.filter.OncePerRequestFilter.doFilter(OncePerRequestFilter.java:116)
	at org.apache.catalina.core.ApplicationFilterChain.doFilter(ApplicationFilterChain.java:107)
	at org.springframework.web.filter.FormContentFilter.doFilterInternal(FormContentFilter.java:93)
	at org.springframework.web.filter.OncePerRequestFilter.doFilter(OncePerRequestFilter.java:116)
	at org.apache.catalina.core.ApplicationFilterChain.doFilter(ApplicationFilterChain.java:107)
	at org.springframework.web.filter.CharacterEncodingFilter.doFilterInternal(CharacterEncodingFilter.java:199)
	at org.springframework.web.filter.OncePerRequestFilter.doFilter(OncePerRequestFilter.java:116)
	at org.apache.catalina.core.ApplicationFilterChain.doFilter(ApplicationFilterChain.java:107)
	at org.apache.catalina.core.StandardWrapperValve.invoke(StandardWrapperValve.java:165)
	at org.apache.catalina.core.StandardContextValve.invoke(StandardContextValve.java:77)
	at org.apache.catalina.authenticator.AuthenticatorBase.invoke(AuthenticatorBase.java:482)
	at org.apache.catalina.core.StandardHostValve.invoke(StandardHostValve.java:113)
	at org.apache.catalina.valves.ErrorReportValve.invoke(ErrorReportValve.java:83)
	at org.apache.catalina.core.StandardEngineValve.invoke(StandardEngineValve.java:72)
	at org.apache.catalina.connector.CoyoteAdapter.service(CoyoteAdapter.java:341)
	at org.apache.coyote.http11.Http11Processor.service(Http11Processor.java:397)
	at org.apache.coyote.AbstractProcessorLight.process(AbstractProcessorLight.java:63)
	at org.apache.coyote.AbstractProtocol$ConnectionHandler.process(AbstractProtocol.java:903)
	at org.apache.tomcat.util.net.NioEndpoint$SocketProcessor.doRun(NioEndpoint.java:1778)
	at org.apache.tomcat.util.net.SocketProcessorBase.run(SocketProcessorBase.java:52)
	at org.apache.tomcat.util.threads.ThreadPoolExecutor.runWorker(ThreadPoolExecutor.java:946)
	at org.apache.tomcat.util.threads.ThreadPoolExecutor$Worker.run(ThreadPoolExecutor.java:480)
	at org.apache.tomcat.util.threads.TaskThread$WrappingRunnable.run(TaskThread.java:57)
	at java.base/java.lang.Thread.run(Thread.java:1583)
Caused by: org.hibernate.TransactionException: JDBC begin transaction failed: 
	at org.hibernate.resource.jdbc.internal.AbstractLogicalConnectionImplementor.begin(AbstractLogicalConnectionImplementor.java:74)
	at org.hibernate.resource.jdbc.internal.LogicalConnectionManagedImpl.begin(LogicalConnectionManagedImpl.java:287)
	at org.hibernate.resource.transaction.backend.jdbc.internal.JdbcResourceLocalTransactionCoordinatorImpl$TransactionDriverControlImpl.begin(JdbcResourceLocalTransactionCoordinatorImpl.java:226)
	at org.hibernate.engine.transaction.internal.TransactionImpl.begin(TransactionImpl.java:75)
	at org.springframework.orm.jpa.vendor.HibernateJpaDialect.beginTransaction(HibernateJpaDialect.java:138)
	at org.springframework.orm.jpa.JpaTransactionManager.doBegin(JpaTransactionManager.java:411)
	... 52 more
Caused by: java.sql.SQLSyntaxErrorException: User 'root' has exceeded the 'max_questions' resource (current value: 1000)
	at com.mysql.cj.jdbc.exceptions.SQLError.createSQLException(SQLError.java:112)
	at com.mysql.cj.jdbc.ConnectionImpl.setAutoCommit(ConnectionImpl.java:2129)
	at com.zaxxer.hikari.pool.ProxyConnection.setAutoCommit(ProxyConnection.java:412)
	at com.zaxxer.hikari.pool.HikariProxyConnection.setAutoCommit(HikariProxyConnection.java)
	at org.hibernate.resource.jdbc.internal.AbstractLogicalConnectionImplementor.begin(AbstractLogicalConnectionImplementor.java:68)
	... 57 more
Caused by: com.mysql.cj.exceptions.CJException: User 'root' has exceeded the 'max_questions' resource (current value: 1000)
	at java.base/jdk.internal.reflect.DirectConstructorHandleAccessor.newInstance(DirectConstructorHandleAccessor.java:62)
	at java.base/java.lang.reflect.Constructor.newInstanceWithCaller(Constructor.java:502)
	at java.base/java.lang.reflect.Constructor.newInstance(Constructor.java:486)
	at com.mysql.cj.exceptions.ExceptionFactory.createException(ExceptionFactory.java:52)
	at com.mysql.cj.exceptions.ExceptionFactory.createException(ExceptionFactory.java:95)
	at com.mysql.cj.exceptions.ExceptionFactory.createException(ExceptionFactory.java:140)
	at com.mysql.cj.exceptions.ExceptionFactory.createException(ExceptionFactory.java:118)
	at com.mysql.cj.protocol.a.NativeProtocol.checkErrorMessage(NativeProtocol.java:854)
	at com.mysql.cj.protocol.a.NativeProtocol.checkErrorMessage(NativeProtocol.java:777)
	at com.mysql.cj.protocol.a.NativeProtocol.sendCommand(NativeProtocol.java:707)
	at com.mysql.cj.protocol.a.NativeProtocol.sendQueryPacket(NativeProtocol.java:939)
	at com.mysql.cj.NativeSession.execSQL(NativeSession.java:817)
	at com.mysql.cj.jdbc.ConnectionImpl.setAutoCommit(ConnectionImpl.java:2114)
	... 60 more
org.springframework.transaction.CannotCreateTransactionException: Could not open JPA EntityManager for transaction
	at org.springframework.orm.jpa.JpaTransactionManager.doBegin(JpaTransactionManager.java:457)
	at org.springframework.transaction.support.AbstractPlatformTransactionManager.startTransaction(AbstractPlatformTransactionManager.java:532)
	at org.springframework.transaction.support.AbstractPlatformTransactionManager.getTransaction(AbstractPlatformTransactionManager.java:405)
	at org.springframework.transaction.interceptor.TransactionAspectSupport.createTransactionIfNecessary(TransactionAspectSupport.java:625)
	at org.springframework.transaction.interceptor.TransactionAspectSupport.invokeWithinTransaction(TransactionAspectSupport.java:364)
	at org.springframework.transaction.interceptor.TransactionInterceptor.invoke(TransactionInterceptor.java:118)
	at org.springframework.aop.framework.ReflectiveMethodInvocation.proceed(ReflectiveMethodInvocation.java:179)
	at org.springframework.aop.framework.CglibAopProxy$DynamicAdvisedInterceptor.intercept(CglibAopProxy.java:719)
	at com.FreeLanceHub.ServiceImpl.UserServiceImpl$$SpringCGLIB$$0.saveUser(<generated>)
	at com.FreeLanceHub.controller.UserController.saveUser(UserController.java:56)
	at java.base/jdk.internal.reflect.DirectMethodHandleAccessor.invoke(DirectMethodHandleAccessor.java:103)
	at java.base/java.lang.reflect.Method.invoke(Method.java:580)
	at org.springframework.web.method.support.InvocableHandlerMethod.doInvoke(InvocableHandlerMethod.java:258)
	at org.springframework.web.method.support.InvocableHandlerMethod.invokeForRequest(InvocableHandlerMethod.java:190)
	at org.springframework.web.servlet.mvc.method.annotation.ServletInvocableHandlerMethod.invokeAndHandle(ServletInvocableHandlerMethod.java:117)
	at org.springframework.web.servlet.mvc.method.annotation.RequestMappingHandlerAdapter.invokeHandlerMethod(RequestMappingHandlerAdapter.java:934)
	at org.springframework.web.servlet.mvc.method.annotation.RequestMappingHandlerAdapter.handleInternal(RequestMappingHandlerAdapter.java:853)
	at org.springframework.web.servlet.mvc.method.AbstractHandlerMethodAdapter.handle(AbstractHandlerMethodAdapter.java:86)
	at org.springframework.web.servlet.DispatcherServlet.doDispatch(DispatcherServlet.java:963)
	at org.springframework.web.servlet.DispatcherServlet.doService(DispatcherServlet.java:866)
	at org.springframework.web.servlet.FrameworkServlet.processRequest(FrameworkServlet.java:1003)
	at org.springframework.web.servlet.FrameworkServlet.doPost(FrameworkServlet.java:903)
	at jakarta.servlet.http.HttpServlet.service(HttpServlet.java:649)
	at org.springframework.web.servlet.FrameworkServlet.service(FrameworkServlet.java:874)
	at jakarta.servlet.http.HttpServlet.service(HttpServlet.java:710)
	at org.apache.catalina.core.ApplicationFilterChain.doFilter(ApplicationFilterChain.java:128)
	at org.apache.tomcat.websocket.server.WsFilter.doFilter(WsFilter.java:53)
	at org.apache.catalina.core.ApplicationFilterChain.doFilter(ApplicationFilterChain.java:107)
	at org.springframework.web.filter.RequestContextFilter.doFilterInternal(RequestContextFilter.java:100)
	at org.springframework.web.filter.OncePerRequestFilter.doFilter(OncePerRequestFilter.java:116)
	at org.apache.catalina.core.ApplicationFilterChain.doFilter(ApplicationFilterChain.java:107)
	at org.springframework.web.filter.FormContentFilter.doFilterInternal(FormContentFilter.java:93)
	at org.springframework.web.filter.OncePerRequestFilter.doFilter(OncePerRequestFilter.java:116)
	at org.apache.catalina.core.ApplicationFilterChain.doFilter(ApplicationFilterChain.java:107)
	at org.springframework.web.filter.CharacterEncodingFilter.doFilterInternal(CharacterEncodingFilter.java:199)
	at org.springframework.web.filter.OncePerRequestFilter.doFilter(OncePerRequestFilter.java:116)
	at org.apache.catalina.core.ApplicationFilterChain.doFilter(ApplicationFilterChain.java:107)
	at org.apache.catalina.core.StandardWrapperValve.invoke(StandardWrapperValve.java:165)
	at org.apache.catalina.core.StandardContextValve.invoke(StandardContextValve.java:77)
	at org.apache.catalina.authenticator.AuthenticatorBase.invoke(AuthenticatorBase.java:482)
	at org.apache.catalina.core.StandardHostValve.invoke(StandardHostValve.java:113)
	at org.apache.catalina.valves.ErrorReportValve.invoke(ErrorReportValve.java:83)
	at org.apache.catalina.core.StandardEngineValve.invoke(StandardEngineValve.java:72)
	at org.apache.catalina.connector.CoyoteAdapter.service(CoyoteAdapter.java:341)
	at org.apache.coyote.http11.Http11Processor.service(Http11Processor.java:397)
	at org.apache.coyote.AbstractProcessorLight.process(AbstractProcessorLight.java:63)
	at org.apache.coyote.AbstractProtocol$ConnectionHandler.process(AbstractProtocol.java:903)
	at org.apache.tomcat.util.net.NioEndpoint$SocketProcessor.doRun(NioEndpoint.java:1778)
	at org.apache.tomcat.util.net.SocketProcessorBase.run(SocketProcessorBase.java:52)
	at org.apache.tomcat.util.threads.ThreadPoolExecutor.runWorker(ThreadPoolExecutor.java:946)
	at org.apache.tomcat.util.threads.ThreadPoolExecutor$Worker.run(ThreadPoolExecutor.java:480)
	at org.apache.tomcat.util.threads.TaskThread$WrappingRunnable.run(TaskThread.java:57)
	at java.base/java.lang.Thread.run(Thread.java:1583)
Caused by: org.hibernate.TransactionException: JDBC begin transaction failed: 
	at org.hibernate.resource.jdbc.internal.AbstractLogicalConnectionImplementor.begin(AbstractLogicalConnectionImplementor.java:74)
	at org.hibernate.resource.jdbc.internal.LogicalConnectionManagedImpl.begin(LogicalConnectionManagedImpl.java:287)
	at org.hibernate.resource.transaction.backend.jdbc.internal.JdbcResourceLocalTransactionCoordinatorImpl$TransactionDriverControlImpl.begin(JdbcResourceLocalTransactionCoordinatorImpl.java:226)
	at org.hibernate.engine.transaction.internal.TransactionImpl.begin(TransactionImpl.java:75)
	at org.springframework.orm.jpa.vendor.HibernateJpaDialect.beginTransaction(HibernateJpaDialect.java:138)
	at org.springframework.orm.jpa.JpaTransactionManager.doBegin(JpaTransactionManager.java:411)
	... 52 more
Caused by: java.sql.SQLSyntaxErrorException: User 'root' has exceeded the 'max_questions' resource (current value: 1000)
	at com.mysql.cj.jdbc.exceptions.SQLError.createSQLException(SQLError.java:112)
	at com.mysql.cj.jdbc.ConnectionImpl.setAutoCommit(ConnectionImpl.java:2129)
	at com.zaxxer.hikari.pool.ProxyConnection.setAutoCommit(ProxyConnection.java:412)
	at com.zaxxer.hikari.pool.HikariProxyConnection.setAutoCommit(HikariProxyConnection.java)
	at org.hibernate.resource.jdbc.internal.AbstractLogicalConnectionImplementor.begin(AbstractLogicalConnectionImplementor.java:68)
	... 57 more
Caused by: com.mysql.cj.exceptions.CJException: User 'root' has exceeded the 'max_questions' resource (current value: 1000)
	at java.base/jdk.internal.reflect.DirectConstructorHandleAccessor.newInstance(DirectConstructorHandleAccessor.java:62)
	at java.base/java.lang.reflect.Constructor.newInstanceWithCaller(Constructor.java:502)
	at java.base/java.lang.reflect.Constructor.newInstance(Constructor.java:486)
	at com.mysql.cj.exceptions.ExceptionFactory.createException(ExceptionFactory.java:52)
	at com.mysql.cj.exceptions.ExceptionFactory.createException(ExceptionFactory.java:95)
	at com.mysql.cj.exceptions.ExceptionFactory.createException(ExceptionFactory.java:140)
	at com.mysql.cj.exceptions.ExceptionFactory.createException(ExceptionFactory.java:118)
	at com.mysql.cj.protocol.a.NativeProtocol.checkErrorMessage(NativeProtocol.java:854)
	at com.mysql.cj.protocol.a.NativeProtocol.checkErrorMessage(NativeProtocol.java:777)
	at com.mysql.cj.protocol.a.NativeProtocol.sendCommand(NativeProtocol.java:707)
	at com.mysql.cj.protocol.a.NativeProtocol.sendQueryPacket(NativeProtocol.java:939)
	at com.mysql.cj.NativeSession.execSQL(NativeSession.java:817)
	at com.mysql.cj.jdbc.ConnectionImpl.setAutoCommit(ConnectionImpl.java:2114)
	... 60 more
org.springframework.transaction.CannotCreateTransactionException: Could not open JPA EntityManager for transaction
	at org.springframework.orm.jpa.JpaTransactionManager.doBegin(JpaTransactionManager.java:457)
	at org.springframework.transaction.support.AbstractPlatformTransactionManager.startTransaction(AbstractPlatformTransactionManager.java:532)
	at org.springframework.transaction.support.AbstractPlatformTransactionManager.getTransaction(AbstractPlatformTransactionManager.java:405)
	at org.springframework.transaction.interceptor.TransactionAspectSupport.createTransactionIfNecessary(TransactionAspectSupport.java:625)
	at org.springframework.transaction.interceptor.TransactionAspectSupport.invokeWithinTransaction(TransactionAspectSupport.java:364)
	at org.springframework.transaction.interceptor.TransactionInterceptor.invoke(TransactionInterceptor.java:118)
	at org.springframework.aop.framework.ReflectiveMethodInvocation.proceed(ReflectiveMethodInvocation.java:179)
	at org.springframework.aop.framework.CglibAopProxy$DynamicAdvisedInterceptor.intercept(CglibAopProxy.java:719)
	at com.FreeLanceHub.ServiceImpl.UserServiceImpl$$SpringCGLIB$$0.saveUser(<generated>)
	at com.FreeLanceHub.controller.UserController.saveUser(UserController.java:56)
	at java.base/jdk.internal.reflect.DirectMethodHandleAccessor.invoke(DirectMethodHandleAccessor.java:103)
	at java.base/java.lang.reflect.Method.invoke(Method.java:580)
	at org.springframework.web.method.support.InvocableHandlerMethod.doInvoke(InvocableHandlerMethod.java:258)
	at org.springframework.web.method.support.InvocableHandlerMethod.invokeForRequest(InvocableHandlerMethod.java:190)
	at org.springframework.web.servlet.mvc.method.annotation.ServletInvocableHandlerMethod.invokeAndHandle(ServletInvocableHandlerMethod.java:117)
	at org.springframework.web.servlet.mvc.method.annotation.RequestMappingHandlerAdapter.invokeHandlerMethod(RequestMappingHandlerAdapter.java:934)
	at org.springframework.web.servlet.mvc.method.annotation.RequestMappingHandlerAdapter.handleInternal(RequestMappingHandlerAdapter.java:853)
	at org.springframework.web.servlet.mvc.method.AbstractHandlerMethodAdapter.handle(AbstractHandlerMethodAdapter.java:86)
	at org.springframework.web.servlet.DispatcherServlet.doDispatch(DispatcherServlet.java:963)
	at org.springframework.web.servlet.DispatcherServlet.doService(DispatcherServlet.java:866)
	at org.springframework.web.servlet.FrameworkServlet.processRequest(FrameworkServlet.java:1003)
	at org.springframework.web.servlet.FrameworkServlet.doPost(FrameworkServlet.java:903)
	at jakarta.servlet.http.HttpServlet.service(HttpServlet.java:649)
	at org.springframework.web.servlet.FrameworkServlet.service(FrameworkServlet.java:874)
	at jakarta.servlet.http.HttpServlet.service(HttpServlet.java:710)
	at org.apache.catalina.core.ApplicationFilterChain.doFilter(ApplicationFilterChain.java:128)
	at org.apache.tomcat.websocket.server.WsFilter.doFilter(WsFilter.java:53)
	at org.apache.catalina.core.ApplicationFilterChain.doFilter(ApplicationFilterChain.java:107)
	at org.springframework.web.filter.RequestContextFilter.doFilterInternal(RequestContextFilter.java:100)
	at org.springframework.web.filter.OncePerRequestFilter.doFilter(OncePerRequestFilter.java:116)
	at org.apache.catalina.core.ApplicationFilterChain.doFilter(ApplicationFilterChain.java:107)
	at org.springframework.web.filter.FormContentFilter.doFilterInternal(FormContentFilter.java:93)
	at org.springframework.web.filter.OncePerRequestFilter.doFilter(OncePerRequestFilter.java:116)
	at org.apache.catalina.core.ApplicationFilterChain.doFilter(ApplicationFilterChain.java:107)
	at org.springframework.web.filter.CharacterEncodingFilter.doFilterInternal(CharacterEncodingFilter.java:199)
	at org.springframework.web.filter.OncePerRequestFilter.doFilter(OncePerRequestFilter.java:116)
	at org.apache.catalina.core.ApplicationFilterChain.doFilter(ApplicationFilterChain.java:107)
	at org.apache.catalina.core.StandardWrapperValve.invoke(StandardWrapperValve.java:165)
	at org.apache.catalina.core.StandardContextValve.invoke(StandardContextValve.java:77)
	at org.apache.catalina.authenticator.AuthenticatorBase.invoke(AuthenticatorBase.java:482)
	at org.apache.catalina.core.StandardHostValve.invoke(StandardHostValve.java:113)
	at org.apache.catalina.valves.ErrorReportValve.invoke(ErrorReportValve.java:83)
	at org.apache.catalina.core.StandardEngineValve.invoke(StandardEngineValve.java:72)
	at org.apache.catalina.connector.CoyoteAdapter.service(CoyoteAdapter.java:341)
	at org.apache.coyote.http11.Http11Processor.service(Http11Processor.java:397)
	at org.apache.coyote.AbstractProcessorLight.process(AbstractProcessorLight.java:63)
	at org.apache.coyote.AbstractProtocol$ConnectionHandler.process(AbstractProtocol.java:903)
	at org.apache.tomcat.util.net.NioEndpoint$SocketProcessor.doRun(NioEndpoint.java:1778)
	at org.apache.tomcat.util.net.SocketProcessorBase.run(SocketProcessorBase.java:52)
	at org.apache.tomcat.util.threads.ThreadPoolExecutor.runWorker(ThreadPoolExecutor.java:946)
	at org.apache.tomcat.util.threads.ThreadPoolExecutor$Worker.run(ThreadPoolExecutor.java:480)
	at org.apache.tomcat.util.threads.TaskThread$WrappingRunnable.run(TaskThread.java:57)
	at java.base/java.lang.Thread.run(Thread.java:1583)
Caused by: org.hibernate.TransactionException: JDBC begin transaction failed: 
	at org.hibernate.resource.jdbc.internal.AbstractLogicalConnectionImplementor.begin(AbstractLogicalConnectionImplementor.java:74)
	at org.hibernate.resource.jdbc.internal.LogicalConnectionManagedImpl.begin(LogicalConnectionManagedImpl.java:287)
	at org.hibernate.resource.transaction.backend.jdbc.internal.JdbcResourceLocalTransactionCoordinatorImpl$TransactionDriverControlImpl.begin(JdbcResourceLocalTransactionCoordinatorImpl.java:226)
	at org.hibernate.engine.transaction.internal.TransactionImpl.begin(TransactionImpl.java:75)
	at org.springframework.orm.jpa.vendor.HibernateJpaDialect.beginTransaction(HibernateJpaDialect.java:138)
	at org.springframework.orm.jpa.JpaTransactionManager.doBegin(JpaTransactionManager.java:411)
	... 52 more
Caused by: java.sql.SQLSyntaxErrorException: User 'root' has exceeded the 'max_questions' resource (current value: 1000)
	at com.mysql.cj.jdbc.exceptions.SQLError.createSQLException(SQLError.java:112)
	at com.mysql.cj.jdbc.ConnectionImpl.setAutoCommit(ConnectionImpl.java:2129)
	at com.zaxxer.hikari.pool.ProxyConnection.setAutoCommit(ProxyConnection.java:412)
	at com.zaxxer.hikari.pool.HikariProxyConnection.setAutoCommit(HikariProxyConnection.java)
	at org.hibernate.resource.jdbc.internal.AbstractLogicalConnectionImplementor.begin(AbstractLogicalConnectionImplementor.java:68)
	... 57 more
Caused by: com.mysql.cj.exceptions.CJException: User 'root' has exceeded the 'max_questions' resource (current value: 1000)
	at java.base/jdk.internal.reflect.DirectConstructorHandleAccessor.newInstance(DirectConstructorHandleAccessor.java:62)
	at java.base/java.lang.reflect.Constructor.newInstanceWithCaller(Constructor.java:502)
	at java.base/java.lang.reflect.Constructor.newInstance(Constructor.java:486)
	at com.mysql.cj.exceptions.ExceptionFactory.createException(ExceptionFactory.java:52)
	at com.mysql.cj.exceptions.ExceptionFactory.createException(ExceptionFactory.java:95)
	at com.mysql.cj.exceptions.ExceptionFactory.createException(ExceptionFactory.java:140)
	at com.mysql.cj.exceptions.ExceptionFactory.createException(ExceptionFactory.java:118)
	at com.mysql.cj.protocol.a.NativeProtocol.checkErrorMessage(NativeProtocol.java:854)
	at com.mysql.cj.protocol.a.NativeProtocol.checkErrorMessage(NativeProtocol.java:777)
	at com.mysql.cj.protocol.a.NativeProtocol.sendCommand(NativeProtocol.java:707)
	at com.mysql.cj.protocol.a.NativeProtocol.sendQueryPacket(NativeProtocol.java:939)
	at com.mysql.cj.NativeSession.execSQL(NativeSession.java:817)
	at com.mysql.cj.jdbc.ConnectionImpl.setAutoCommit(ConnectionImpl.java:2114)
	... 60 more
org.springframework.transaction.CannotCreateTransactionException: Could not open JPA EntityManager for transaction
	at org.springframework.orm.jpa.JpaTransactionManager.doBegin(JpaTransactionManager.java:457)
	at org.springframework.transaction.support.AbstractPlatformTransactionManager.startTransaction(AbstractPlatformTransactionManager.java:532)
	at org.springframework.transaction.support.AbstractPlatformTransactionManager.getTransaction(AbstractPlatformTransactionManager.java:405)
	at org.springframework.transaction.interceptor.TransactionAspectSupport.createTransactionIfNecessary(TransactionAspectSupport.java:625)
	at org.springframework.transaction.interceptor.TransactionAspectSupport.invokeWithinTransaction(TransactionAspectSupport.java:364)
	at org.springframework.transaction.interceptor.TransactionInterceptor.invoke(TransactionInterceptor.java:118)
	at org.springframework.aop.framework.ReflectiveMethodInvocation.proceed(ReflectiveMethodInvocation.java:179)
	at org.springframework.aop.framework.CglibAopProxy$DynamicAdvisedInterceptor.intercept(CglibAopProxy.java:719)
	at com.FreeLanceHub.ServiceImpl.UserServiceImpl$$SpringCGLIB$$0.saveUser(<generated>)
	at com.FreeLanceHub.controller.UserController.saveUser(UserController.java:56)
	at java.base/jdk.internal.reflect.DirectMethodHandleAccessor.invoke(DirectMethodHandleAccessor.java:103)
	at java.base/java.lang.reflect.Method.invoke(Method.java:580)
	at org.springframework.web.method.support.InvocableHandlerMethod.doInvoke(InvocableHandlerMethod.java:258)
	at org.springframework.web.method.support.InvocableHandlerMethod.invokeForRequest(InvocableHandlerMethod.java:190)
	at org.springframework.web.servlet.mvc.method.annotation.ServletInvocableHandlerMethod.invokeAndHandle(ServletInvocableHandlerMethod.java:117)
	at org.springframework.web.servlet.mvc.method.annotation.RequestMappingHandlerAdapter.invokeHandlerMethod(RequestMappingHandlerAdapter.java:934)
	at org.springframework.web.servlet.mvc.method.annotation.RequestMappingHandlerAdapter.handleInternal(RequestMappingHandlerAdapter.java:853)
	at org.springframework.web.servlet.mvc.method.AbstractHandlerMethodAdapter.handle(AbstractHandlerMethodAdapter.java:86)
	at org.springframework.web.servlet.DispatcherServlet.doDispatch(DispatcherServlet.java:963)
	at org.springframework.web.servlet.DispatcherServlet.doService(DispatcherServlet.java:866)
	at org.springframework.web.servlet.FrameworkServlet.processRequest(FrameworkServlet.java:1003)
	at org.springframework.web.servlet.FrameworkServlet.doPost(FrameworkServlet.java:903)
	at jakarta.servlet.http.HttpServlet.service(HttpServlet.java:649)
	at org.springframework.web.servlet.FrameworkServlet.service(FrameworkServlet.java:874)
	at jakarta.servlet.http.HttpServlet.service(HttpServlet.java:710)
	at org.apache.catalina.core.ApplicationFilterChain.doFilter(ApplicationFilterChain.java:128)
	at org.apache.tomcat.websocket.server.WsFilter.doFilter(WsFilter.java:53)
	at org.apache.catalina.core.ApplicationFilterChain.doFilter(ApplicationFilterChain.java:107)
	at org.springframework.web.filter.RequestContextFilter.doFilterInternal(RequestContextFilter.java:100)
	at org.springframework.web.filter.OncePerRequestFilter.doFilter(OncePerRequestFilter.java:116)
	at org.apache.catalina.core.ApplicationFilterChain.doFilter(ApplicationFilterChain.java:107)
	at org.springframework.web.filter.FormContentFilter.doFilterInternal(FormContentFilter.java:93)
	at org.springframework.web.filter.OncePerRequestFilter.doFilter(OncePerRequestFilter.java:116)
	at org.apache.catalina.core.ApplicationFilterChain.doFilter(ApplicationFilterChain.java:107)
	at org.springframework.web.filter.CharacterEncodingFilter.doFilterInternal(CharacterEncodingFilter.java:199)
	at org.springframework.web.filter.OncePerRequestFilter.doFilter(OncePerRequestFilter.java:116)
	at org.apache.catalina.core.ApplicationFilterChain.doFilter(ApplicationFilterChain.java:107)
	at org.apache.catalina.core.StandardWrapperValve.invoke(StandardWrapperValve.java:165)
	at org.apache.catalina.core.StandardContextValve.invoke(StandardContextValve.java:77)
	at org.apache.catalina.authenticator.AuthenticatorBase.invoke(AuthenticatorBase.java:482)
	at org.apache.catalina.core.StandardHostValve.invoke(StandardHostValve.java:113)
	at org.apache.catalina.valves.ErrorReportValve.invoke(ErrorReportValve.java:83)
	at org.apache.catalina.core.StandardEngineValve.invoke(StandardEngineValve.java:72)
	at org.apache.catalina.connector.CoyoteAdapter.service(CoyoteAdapter.java:341)
	at org.apache.coyote.http11.Http11Processor.service(Http11Processor.java:397)
	at org.apache.coyote.AbstractProcessorLight.process(AbstractProcessorLight.java:63)
	at org.apache.coyote.AbstractProtocol$ConnectionHandler.process(AbstractProtocol.java:903)
	at org.apache.tomcat.util.net.NioEndpoint$SocketProcessor.doRun(NioEndpoint.java:1778)
	at org.apache.tomcat.util.net.SocketProcessorBase.run(SocketProcessorBase.java:52)
	at org.apache.tomcat.util.threads.ThreadPoolExecutor.runWorker(ThreadPoolExecutor.java:946)
	at org.apache.tomcat.util.threads.ThreadPoolExecutor$Worker.run(ThreadPoolExecutor.java:480)
	at org.apache.tomcat.util.threads.TaskThread$WrappingRunnable.run(TaskThread.java:57)
	at java.base/java.lang.Thread.run(Thread.java:1583)
Caused by: org.hibernate.TransactionException: JDBC begin transaction failed: 
	at org.hibernate.resource.jdbc.internal.AbstractLogicalConnectionImplementor.begin(AbstractLogicalConnectionImplementor.java:74)
	at org.hibernate.resource.jdbc.internal.LogicalConnectionManagedImpl.begin(LogicalConnectionManagedImpl.java:287)
	at org.hibernate.resource.transaction.backend.jdbc.internal.JdbcResourceLocalTransactionCoordinatorImpl$TransactionDriverControlImpl.begin(JdbcResourceLocalTransactionCoordinatorImpl.java:226)
	at org.hibernate.engine.transaction.internal.TransactionImpl.begin(TransactionImpl.java:75)
	at org.springframework.orm.jpa.vendor.HibernateJpaDialect.beginTransaction(HibernateJpaDialect.java:138)
	at org.springframework.orm.jpa.JpaTransactionManager.doBegin(JpaTransactionManager.java:411)
	... 52 more
Caused by: java.sql.SQLSyntaxErrorException: User 'root' has exceeded the 'max_questions' resource (current value: 1000)
	at com.mysql.cj.jdbc.exceptions.SQLError.createSQLException(SQLError.java:112)
	at com.mysql.cj.jdbc.ConnectionImpl.setAutoCommit(ConnectionImpl.java:2129)
	at com.zaxxer.hikari.pool.ProxyConnection.setAutoCommit(ProxyConnection.java:412)
	at com.zaxxer.hikari.pool.HikariProxyConnection.setAutoCommit(HikariProxyConnection.java)
	at org.hibernate.resource.jdbc.internal.AbstractLogicalConnectionImplementor.begin(AbstractLogicalConnectionImplementor.java:68)
	... 57 more
Caused by: com.mysql.cj.exceptions.CJException: User 'root' has exceeded the 'max_questions' resource (current value: 1000)
	at java.base/jdk.internal.reflect.DirectConstructorHandleAccessor.newInstance(DirectConstructorHandleAccessor.java:62)
	at java.base/java.lang.reflect.Constructor.newInstanceWithCaller(Constructor.java:502)
	at java.base/java.lang.reflect.Constructor.newInstance(Constructor.java:486)
	at com.mysql.cj.exceptions.ExceptionFactory.createException(ExceptionFactory.java:52)
	at com.mysql.cj.exceptions.ExceptionFactory.createException(ExceptionFactory.java:95)
	at com.mysql.cj.exceptions.ExceptionFactory.createException(ExceptionFactory.java:140)
	at com.mysql.cj.exceptions.ExceptionFactory.createException(ExceptionFactory.java:118)
	at com.mysql.cj.protocol.a.NativeProtocol.checkErrorMessage(NativeProtocol.java:854)
	at com.mysql.cj.protocol.a.NativeProtocol.checkErrorMessage(NativeProtocol.java:777)
	at com.mysql.cj.protocol.a.NativeProtocol.sendCommand(NativeProtocol.java:707)
	at com.mysql.cj.protocol.a.NativeProtocol.sendQueryPacket(NativeProtocol.java:939)
	at com.mysql.cj.NativeSession.execSQL(NativeSession.java:817)
	at com.mysql.cj.jdbc.ConnectionImpl.setAutoCommit(ConnectionImpl.java:2114)
	... 60 more
org.springframework.transaction.CannotCreateTransactionException: Could not open JPA EntityManager for transaction
	at org.springframework.orm.jpa.JpaTransactionManager.doBegin(JpaTransactionManager.java:457)
	at org.springframework.transaction.support.AbstractPlatformTransactionManager.startTransaction(AbstractPlatformTransactionManager.java:532)
	at org.springframework.transaction.support.AbstractPlatformTransactionManager.getTransaction(AbstractPlatformTransactionManager.java:405)
	at org.springframework.transaction.interceptor.TransactionAspectSupport.createTransactionIfNecessary(TransactionAspectSupport.java:625)
	at org.springframework.transaction.interceptor.TransactionAspectSupport.invokeWithinTransaction(TransactionAspectSupport.java:364)
	at org.springframework.transaction.interceptor.TransactionInterceptor.invoke(TransactionInterceptor.java:118)
	at org.springframework.aop.framework.ReflectiveMethodInvocation.proceed(ReflectiveMethodInvocation.java:179)
	at org.springframework.aop.framework.CglibAopProxy$DynamicAdvisedInterceptor.intercept(CglibAopProxy.java:719)
	at com.FreeLanceHub.ServiceImpl.UserServiceImpl$$SpringCGLIB$$0.saveUser(<generated>)
	at com.FreeLanceHub.controller.UserController.saveUser(UserController.java:56)
	at java.base/jdk.internal.reflect.DirectMethodHandleAccessor.invoke(DirectMethodHandleAccessor.java:103)
	at java.base/java.lang.reflect.Method.invoke(Method.java:580)
	at org.springframework.web.method.support.InvocableHandlerMethod.doInvoke(InvocableHandlerMethod.java:258)
	at org.springframework.web.method.support.InvocableHandlerMethod.invokeForRequest(InvocableHandlerMethod.java:190)
	at org.springframework.web.servlet.mvc.method.annotation.ServletInvocableHandlerMethod.invokeAndHandle(ServletInvocableHandlerMethod.java:117)
	at org.springframework.web.servlet.mvc.method.annotation.RequestMappingHandlerAdapter.invokeHandlerMethod(RequestMappingHandlerAdapter.java:934)
	at org.springframework.web.servlet.mvc.method.annotation.RequestMappingHandlerAdapter.handleInternal(RequestMappingHandlerAdapter.java:853)
	at org.springframework.web.servlet.mvc.method.AbstractHandlerMethodAdapter.handle(AbstractHandlerMethodAdapter.java:86)
	at org.springframework.web.servlet.DispatcherServlet.doDispatch(DispatcherServlet.java:963)
	at org.springframework.web.servlet.DispatcherServlet.doService(DispatcherServlet.java:866)
	at org.springframework.web.servlet.FrameworkServlet.processRequest(FrameworkServlet.java:1003)
	at org.springframework.web.servlet.FrameworkServlet.doPost(FrameworkServlet.java:903)
	at jakarta.servlet.http.HttpServlet.service(HttpServlet.java:649)
	at org.springframework.web.servlet.FrameworkServlet.service(FrameworkServlet.java:874)
	at jakarta.servlet.http.HttpServlet.service(HttpServlet.java:710)
	at org.apache.catalina.core.ApplicationFilterChain.doFilter(ApplicationFilterChain.java:128)
	at org.apache.tomcat.websocket.server.WsFilter.doFilter(WsFilter.java:53)
	at org.apache.catalina.core.ApplicationFilterChain.doFilter(ApplicationFilterChain.java:107)
	at org.springframework.web.filter.RequestContextFilter.doFilterInternal(RequestContextFilter.java:100)
	at org.springframework.web.filter.OncePerRequestFilter.doFilter(OncePerRequestFilter.java:116)
	at org.apache.catalina.core.ApplicationFilterChain.doFilter(ApplicationFilterChain.java:107)
	at org.springframework.web.filter.FormContentFilter.doFilterInternal(FormContentFilter.java:93)
	at org.springframework.web.filter.OncePerRequestFilter.doFilter(OncePerRequestFilter.java:116)
	at org.apache.catalina.core.ApplicationFilterChain.doFilter(ApplicationFilterChain.java:107)
	at org.springframework.web.filter.CharacterEncodingFilter.doFilterInternal(CharacterEncodingFilter.java:199)
	at org.springframework.web.filter.OncePerRequestFilter.doFilter(OncePerRequestFilter.java:116)
	at org.apache.catalina.core.ApplicationFilterChain.doFilter(ApplicationFilterChain.java:107)
	at org.apache.catalina.core.StandardWrapperValve.invoke(StandardWrapperValve.java:165)
	at org.apache.catalina.core.StandardContextValve.invoke(StandardContextValve.java:77)
	at org.apache.catalina.authenticator.AuthenticatorBase.invoke(AuthenticatorBase.java:482)
	at org.apache.catalina.core.StandardHostValve.invoke(StandardHostValve.java:113)
	at org.apache.catalina.valves.ErrorReportValve.invoke(ErrorReportValve.java:83)
	at org.apache.catalina.core.StandardEngineValve.invoke(StandardEngineValve.java:72)
	at org.apache.catalina.connector.CoyoteAdapter.service(CoyoteAdapter.java:341)
	at org.apache.coyote.http11.Http11Processor.service(Http11Processor.java:397)
	at org.apache.coyote.AbstractProcessorLight.process(AbstractProcessorLight.java:63)
	at org.apache.coyote.AbstractProtocol$ConnectionHandler.process(AbstractProtocol.java:903)
	at org.apache.tomcat.util.net.NioEndpoint$SocketProcessor.doRun(NioEndpoint.java:1778)
	at org.apache.tomcat.util.net.SocketProcessorBase.run(SocketProcessorBase.java:52)
	at org.apache.tomcat.util.threads.ThreadPoolExecutor.runWorker(ThreadPoolExecutor.java:946)
	at org.apache.tomcat.util.threads.ThreadPoolExecutor$Worker.run(ThreadPoolExecutor.java:480)
	at org.apache.tomcat.util.threads.TaskThread$WrappingRunnable.run(TaskThread.java:57)
	at java.base/java.lang.Thread.run(Thread.java:1583)
Caused by: org.hibernate.TransactionException: JDBC begin transaction failed: 
	at org.hibernate.resource.jdbc.internal.AbstractLogicalConnectionImplementor.begin(AbstractLogicalConnectionImplementor.java:74)
	at org.hibernate.resource.jdbc.internal.LogicalConnectionManagedImpl.begin(LogicalConnectionManagedImpl.java:287)
	at org.hibernate.resource.transaction.backend.jdbc.internal.JdbcResourceLocalTransactionCoordinatorImpl$TransactionDriverControlImpl.begin(JdbcResourceLocalTransactionCoordinatorImpl.java:226)
	at org.hibernate.engine.transaction.internal.TransactionImpl.begin(TransactionImpl.java:75)
	at org.springframework.orm.jpa.vendor.HibernateJpaDialect.beginTransaction(HibernateJpaDialect.java:138)
	at org.springframework.orm.jpa.JpaTransactionManager.doBegin(JpaTransactionManager.java:411)
	... 52 more
Caused by: java.sql.SQLSyntaxErrorException: User 'root' has exceeded the 'max_questions' resource (current value: 1000)
	at com.mysql.cj.jdbc.exceptions.SQLError.createSQLException(SQLError.java:112)
	at com.mysql.cj.jdbc.ConnectionImpl.setAutoCommit(ConnectionImpl.java:2129)
	at com.zaxxer.hikari.pool.ProxyConnection.setAutoCommit(ProxyConnection.java:412)
	at com.zaxxer.hikari.pool.HikariProxyConnection.setAutoCommit(HikariProxyConnection.java)
	at org.hibernate.resource.jdbc.internal.AbstractLogicalConnectionImplementor.begin(AbstractLogicalConnectionImplementor.java:68)
	... 57 more
Caused by: com.mysql.cj.exceptions.CJException: User 'root' has exceeded the 'max_questions' resource (current value: 1000)
	at java.base/jdk.internal.reflect.DirectConstructorHandleAccessor.newInstance(DirectConstructorHandleAccessor.java:62)
	at java.base/java.lang.reflect.Constructor.newInstanceWithCaller(Constructor.java:502)
	at java.base/java.lang.reflect.Constructor.newInstance(Constructor.java:486)
	at com.mysql.cj.exceptions.ExceptionFactory.createException(ExceptionFactory.java:52)
	at com.mysql.cj.exceptions.ExceptionFactory.createException(ExceptionFactory.java:95)
	at com.mysql.cj.exceptions.ExceptionFactory.createException(ExceptionFactory.java:140)
	at com.mysql.cj.exceptions.ExceptionFactory.createException(ExceptionFactory.java:118)
	at com.mysql.cj.protocol.a.NativeProtocol.checkErrorMessage(NativeProtocol.java:854)
	at com.mysql.cj.protocol.a.NativeProtocol.checkErrorMessage(NativeProtocol.java:777)
	at com.mysql.cj.protocol.a.NativeProtocol.sendCommand(NativeProtocol.java:707)
	at com.mysql.cj.protocol.a.NativeProtocol.sendQueryPacket(NativeProtocol.java:939)
	at com.mysql.cj.NativeSession.execSQL(NativeSession.java:817)
	at com.mysql.cj.jdbc.ConnectionImpl.setAutoCommit(ConnectionImpl.java:2114)
	... 60 more
org.springframework.transaction.CannotCreateTransactionException: Could not open JPA EntityManager for transaction
	at org.springframework.orm.jpa.JpaTransactionManager.doBegin(JpaTransactionManager.java:457)
	at org.springframework.transaction.support.AbstractPlatformTransactionManager.startTransaction(AbstractPlatformTransactionManager.java:532)
	at org.springframework.transaction.support.AbstractPlatformTransactionManager.getTransaction(AbstractPlatformTransactionManager.java:405)
	at org.springframework.transaction.interceptor.TransactionAspectSupport.createTransactionIfNecessary(TransactionAspectSupport.java:625)
	at org.springframework.transaction.interceptor.TransactionAspectSupport.invokeWithinTransaction(TransactionAspectSupport.java:364)
	at org.springframework.transaction.interceptor.TransactionInterceptor.invoke(TransactionInterceptor.java:118)
	at org.springframework.aop.framework.ReflectiveMethodInvocation.proceed(ReflectiveMethodInvocation.java:179)
	at org.springframework.aop.framework.CglibAopProxy$DynamicAdvisedInterceptor.intercept(CglibAopProxy.java:719)
	at com.FreeLanceHub.ServiceImpl.UserServiceImpl$$SpringCGLIB$$0.saveUser(<generated>)
	at com.FreeLanceHub.controller.UserController.saveUser(UserController.java:56)
	at java.base/jdk.internal.reflect.DirectMethodHandleAccessor.invoke(DirectMethodHandleAccessor.java:103)
	at java.base/java.lang.reflect.Method.invoke(Method.java:580)
	at org.springframework.web.method.support.InvocableHandlerMethod.doInvoke(InvocableHandlerMethod.java:258)
	at org.springframework.web.method.support.InvocableHandlerMethod.invokeForRequest(InvocableHandlerMethod.java:190)
	at org.springframework.web.servlet.mvc.method.annotation.ServletInvocableHandlerMethod.invokeAndHandle(ServletInvocableHandlerMethod.java:117)
	at org.springframework.web.servlet.mvc.method.annotation.RequestMappingHandlerAdapter.invokeHandlerMethod(RequestMappingHandlerAdapter.java:934)
	at org.springframework.web.servlet.mvc.method.annotation.RequestMappingHandlerAdapter.handleInternal(RequestMappingHandlerAdapter.java:853)
	at org.springframework.web.servlet.mvc.method.AbstractHandlerMethodAdapter.handle(AbstractHandlerMethodAdapter.java:86)
	at org.springframework.web.servlet.DispatcherServlet.doDispatch(DispatcherServlet.java:963)
	at org.springframework.web.servlet.DispatcherServlet.doService(DispatcherServlet.java:866)
	at org.springframework.web.servlet.FrameworkServlet.processRequest(FrameworkServlet.java:1003)
	at org.springframework.web.servlet.FrameworkServlet.doPost(FrameworkServlet.java:903)
	at jakarta.servlet.http.HttpServlet.service(HttpServlet.java:649)
	at org.springframework.web.servlet.FrameworkServlet.service(FrameworkServlet.java:874)
	at jakarta.servlet.http.HttpServlet.service(HttpServlet.java:710)
	at org.apache.catalina.core.ApplicationFilterChain.doFilter(ApplicationFilterChain.java:128)
	at org.apache.tomcat.websocket.server.WsFilter.doFilter(WsFilter.java:53)
	at org.apache.catalina.core.ApplicationFilterChain.doFilter(ApplicationFilterChain.java:107)
	at org.springframework.web.filter.RequestContextFilter.doFilterInternal(RequestContextFilter.java:100)
	at org.springframework.web.filter.OncePerRequestFilter.doFilter(OncePerRequestFilter.java:116)
	at org.apache.catalina.core.ApplicationFilterChain.doFilter(ApplicationFilterChain.java:107)
	at org.springframework.web.filter.FormContentFilter.doFilterInternal(FormContentFilter.java:93)
	at org.springframework.web.filter.OncePerRequestFilter.doFilter(OncePerRequestFilter.java:116)
	at org.apache.catalina.core.ApplicationFilterChain.doFilter(ApplicationFilterChain.java:107)
	at org.springframework.web.filter.CharacterEncodingFilter.doFilterInternal(CharacterEncodingFilter.java:199)
	at org.springframework.web.filter.OncePerRequestFilter.doFilter(OncePerRequestFilter.java:116)
	at org.apache.catalina.core.ApplicationFilterChain.doFilter(ApplicationFilterChain.java:107)
	at org.apache.catalina.core.StandardWrapperValve.invoke(StandardWrapperValve.java:165)
	at org.apache.catalina.core.StandardContextValve.invoke(StandardContextValve.java:77)
	at org.apache.catalina.authenticator.AuthenticatorBase.invoke(AuthenticatorBase.java:482)
	at org.apache.catalina.core.StandardHostValve.invoke(StandardHostValve.java:113)
	at org.apache.catalina.valves.ErrorReportValve.invoke(ErrorReportValve.java:83)
	at org.apache.catalina.core.StandardEngineValve.invoke(StandardEngineValve.java:72)
	at org.apache.catalina.connector.CoyoteAdapter.service(CoyoteAdapter.java:341)
	at org.apache.coyote.http11.Http11Processor.service(Http11Processor.java:397)
	at org.apache.coyote.AbstractProcessorLight.process(AbstractProcessorLight.java:63)
	at org.apache.coyote.AbstractProtocol$ConnectionHandler.process(AbstractProtocol.java:903)
	at org.apache.tomcat.util.net.NioEndpoint$SocketProcessor.doRun(NioEndpoint.java:1778)
	at org.apache.tomcat.util.net.SocketProcessorBase.run(SocketProcessorBase.java:52)
	at org.apache.tomcat.util.threads.ThreadPoolExecutor.runWorker(ThreadPoolExecutor.java:946)
	at org.apache.tomcat.util.threads.ThreadPoolExecutor$Worker.run(ThreadPoolExecutor.java:480)
	at org.apache.tomcat.util.threads.TaskThread$WrappingRunnable.run(TaskThread.java:57)
	at java.base/java.lang.Thread.run(Thread.java:1583)
Caused by: org.hibernate.TransactionException: JDBC begin transaction failed: 
	at org.hibernate.resource.jdbc.internal.AbstractLogicalConnectionImplementor.begin(AbstractLogicalConnectionImplementor.java:74)
	at org.hibernate.resource.jdbc.internal.LogicalConnectionManagedImpl.begin(LogicalConnectionManagedImpl.java:287)
	at org.hibernate.resource.transaction.backend.jdbc.internal.JdbcResourceLocalTransactionCoordinatorImpl$TransactionDriverControlImpl.begin(JdbcResourceLocalTransactionCoordinatorImpl.java:226)
	at org.hibernate.engine.transaction.internal.TransactionImpl.begin(TransactionImpl.java:75)
	at org.springframework.orm.jpa.vendor.HibernateJpaDialect.beginTransaction(HibernateJpaDialect.java:138)
	at org.springframework.orm.jpa.JpaTransactionManager.doBegin(JpaTransactionManager.java:411)
	... 52 more
Caused by: java.sql.SQLSyntaxErrorException: User 'root' has exceeded the 'max_questions' resource (current value: 1000)
	at com.mysql.cj.jdbc.exceptions.SQLError.createSQLException(SQLError.java:112)
	at com.mysql.cj.jdbc.ConnectionImpl.setAutoCommit(ConnectionImpl.java:2129)
	at com.zaxxer.hikari.pool.ProxyConnection.setAutoCommit(ProxyConnection.java:412)
	at com.zaxxer.hikari.pool.HikariProxyConnection.setAutoCommit(HikariProxyConnection.java)
	at org.hibernate.resource.jdbc.internal.AbstractLogicalConnectionImplementor.begin(AbstractLogicalConnectionImplementor.java:68)
	... 57 more
Caused by: com.mysql.cj.exceptions.CJException: User 'root' has exceeded the 'max_questions' resource (current value: 1000)
	at java.base/jdk.internal.reflect.DirectConstructorHandleAccessor.newInstance(DirectConstructorHandleAccessor.java:62)
	at java.base/java.lang.reflect.Constructor.newInstanceWithCaller(Constructor.java:502)
	at java.base/java.lang.reflect.Constructor.newInstance(Constructor.java:486)
	at com.mysql.cj.exceptions.ExceptionFactory.createException(ExceptionFactory.java:52)
	at com.mysql.cj.exceptions.ExceptionFactory.createException(ExceptionFactory.java:95)
	at com.mysql.cj.exceptions.ExceptionFactory.createException(ExceptionFactory.java:140)
	at com.mysql.cj.exceptions.ExceptionFactory.createException(ExceptionFactory.java:118)
	at com.mysql.cj.protocol.a.NativeProtocol.checkErrorMessage(NativeProtocol.java:854)
	at com.mysql.cj.protocol.a.NativeProtocol.checkErrorMessage(NativeProtocol.java:777)
	at com.mysql.cj.protocol.a.NativeProtocol.sendCommand(NativeProtocol.java:707)
	at com.mysql.cj.protocol.a.NativeProtocol.sendQueryPacket(NativeProtocol.java:939)
	at com.mysql.cj.NativeSession.execSQL(NativeSession.java:817)
	at com.mysql.cj.jdbc.ConnectionImpl.setAutoCommit(ConnectionImpl.java:2114)
	... 60 more
org.springframework.transaction.CannotCreateTransactionException: Could not open JPA EntityManager for transaction
	at org.springframework.orm.jpa.JpaTransactionManager.doBegin(JpaTransactionManager.java:457)
	at org.springframework.transaction.support.AbstractPlatformTransactionManager.startTransaction(AbstractPlatformTransactionManager.java:532)
	at org.springframework.transaction.support.AbstractPlatformTransactionManager.getTransaction(AbstractPlatformTransactionManager.java:405)
	at org.springframework.transaction.interceptor.TransactionAspectSupport.createTransactionIfNecessary(TransactionAspectSupport.java:625)
	at org.springframework.transaction.interceptor.TransactionAspectSupport.invokeWithinTransaction(TransactionAspectSupport.java:364)
	at org.springframework.transaction.interceptor.TransactionInterceptor.invoke(TransactionInterceptor.java:118)
	at org.springframework.aop.framework.ReflectiveMethodInvocation.proceed(ReflectiveMethodInvocation.java:179)
	at org.springframework.aop.framework.CglibAopProxy$DynamicAdvisedInterceptor.intercept(CglibAopProxy.java:719)
	at com.FreeLanceHub.ServiceImpl.UserServiceImpl$$SpringCGLIB$$0.saveUser(<generated>)
	at com.FreeLanceHub.controller.UserController.saveUser(UserController.java:56)
	at java.base/jdk.internal.reflect.DirectMethodHandleAccessor.invoke(DirectMethodHandleAccessor.java:103)
	at java.base/java.lang.reflect.Method.invoke(Method.java:580)
	at org.springframework.web.method.support.InvocableHandlerMethod.doInvoke(InvocableHandlerMethod.java:258)
	at org.springframework.web.method.support.InvocableHandlerMethod.invokeForRequest(InvocableHandlerMethod.java:190)
	at org.springframework.web.servlet.mvc.method.annotation.ServletInvocableHandlerMethod.invokeAndHandle(ServletInvocableHandlerMethod.java:117)
	at org.springframework.web.servlet.mvc.method.annotation.RequestMappingHandlerAdapter.invokeHandlerMethod(RequestMappingHandlerAdapter.java:934)
	at org.springframework.web.servlet.mvc.method.annotation.RequestMappingHandlerAdapter.handleInternal(RequestMappingHandlerAdapter.java:853)
	at org.springframework.web.servlet.mvc.method.AbstractHandlerMethodAdapter.handle(AbstractHandlerMethodAdapter.java:86)
	at org.springframework.web.servlet.DispatcherServlet.doDispatch(DispatcherServlet.java:963)
	at org.springframework.web.servlet.DispatcherServlet.doService(DispatcherServlet.java:866)
	at org.springframework.web.servlet.FrameworkServlet.processRequest(FrameworkServlet.java:1003)
	at org.springframework.web.servlet.FrameworkServlet.doPost(FrameworkServlet.java:903)
	at jakarta.servlet.http.HttpServlet.service(HttpServlet.java:649)
	at org.springframework.web.servlet.FrameworkServlet.service(FrameworkServlet.java:874)
	at jakarta.servlet.http.HttpServlet.service(HttpServlet.java:710)
	at org.apache.catalina.core.ApplicationFilterChain.doFilter(ApplicationFilterChain.java:128)
	at org.apache.tomcat.websocket.server.WsFilter.doFilter(WsFilter.java:53)
	at org.apache.catalina.core.ApplicationFilterChain.doFilter(ApplicationFilterChain.java:107)
	at org.springframework.web.filter.RequestContextFilter.doFilterInternal(RequestContextFilter.java:100)
	at org.springframework.web.filter.OncePerRequestFilter.doFilter(OncePerRequestFilter.java:116)
	at org.apache.catalina.core.ApplicationFilterChain.doFilter(ApplicationFilterChain.java:107)
	at org.springframework.web.filter.FormContentFilter.doFilterInternal(FormContentFilter.java:93)
	at org.springframework.web.filter.OncePerRequestFilter.doFilter(OncePerRequestFilter.java:116)
	at org.apache.catalina.core.ApplicationFilterChain.doFilter(ApplicationFilterChain.java:107)
	at org.springframework.web.filter.CharacterEncodingFilter.doFilterInternal(CharacterEncodingFilter.java:199)
	at org.springframework.web.filter.OncePerRequestFilter.doFilter(OncePerRequestFilter.java:116)
	at org.apache.catalina.core.ApplicationFilterChain.doFilter(ApplicationFilterChain.java:107)
	at org.apache.catalina.core.StandardWrapperValve.invoke(StandardWrapperValve.java:165)
	at org.apache.catalina.core.StandardContextValve.invoke(StandardContextValve.java:77)
	at org.apache.catalina.authenticator.AuthenticatorBase.invoke(AuthenticatorBase.java:482)
	at org.apache.catalina.core.StandardHostValve.invoke(StandardHostValve.java:113)
	at org.apache.catalina.valves.ErrorReportValve.invoke(ErrorReportValve.java:83)
	at org.apache.catalina.core.StandardEngineValve.invoke(StandardEngineValve.java:72)
	at org.apache.catalina.connector.CoyoteAdapter.service(CoyoteAdapter.java:341)
	at org.apache.coyote.http11.Http11Processor.service(Http11Processor.java:397)
	at org.apache.coyote.AbstractProcessorLight.process(AbstractProcessorLight.java:63)
	at org.apache.coyote.AbstractProtocol$ConnectionHandler.process(AbstractProtocol.java:903)
	at org.apache.tomcat.util.net.NioEndpoint$SocketProcessor.doRun(NioEndpoint.java:1778)
	at org.apache.tomcat.util.net.SocketProcessorBase.run(SocketProcessorBase.java:52)
	at org.apache.tomcat.util.threads.ThreadPoolExecutor.runWorker(ThreadPoolExecutor.java:946)
	at org.apache.tomcat.util.threads.ThreadPoolExecutor$Worker.run(ThreadPoolExecutor.java:480)
	at org.apache.tomcat.util.threads.TaskThread$WrappingRunnable.run(TaskThread.java:57)
	at java.base/java.lang.Thread.run(Thread.java:1583)
Caused by: org.hibernate.TransactionException: JDBC begin transaction failed: 
	at org.hibernate.resource.jdbc.internal.AbstractLogicalConnectionImplementor.begin(AbstractLogicalConnectionImplementor.java:74)
	at org.hibernate.resource.jdbc.internal.LogicalConnectionManagedImpl.begin(LogicalConnectionManagedImpl.java:287)
	at org.hibernate.resource.transaction.backend.jdbc.internal.JdbcResourceLocalTransactionCoordinatorImpl$TransactionDriverControlImpl.begin(JdbcResourceLocalTransactionCoordinatorImpl.java:226)
	at org.hibernate.engine.transaction.internal.TransactionImpl.begin(TransactionImpl.java:75)
	at org.springframework.orm.jpa.vendor.HibernateJpaDialect.beginTransaction(HibernateJpaDialect.java:138)
	at org.springframework.orm.jpa.JpaTransactionManager.doBegin(JpaTransactionManager.java:411)
	... 52 more
Caused by: java.sql.SQLSyntaxErrorException: User 'root' has exceeded the 'max_questions' resource (current value: 1000)
	at com.mysql.cj.jdbc.exceptions.SQLError.createSQLException(SQLError.java:112)
	at com.mysql.cj.jdbc.ConnectionImpl.setAutoCommit(ConnectionImpl.java:2129)
	at com.zaxxer.hikari.pool.ProxyConnection.setAutoCommit(ProxyConnection.java:412)
	at com.zaxxer.hikari.pool.HikariProxyConnection.setAutoCommit(HikariProxyConnection.java)
	at org.hibernate.resource.jdbc.internal.AbstractLogicalConnectionImplementor.begin(AbstractLogicalConnectionImplementor.java:68)
	... 57 more
Caused by: com.mysql.cj.exceptions.CJException: User 'root' has exceeded the 'max_questions' resource (current value: 1000)
	at java.base/jdk.internal.reflect.DirectConstructorHandleAccessor.newInstance(DirectConstructorHandleAccessor.java:62)
	at java.base/java.lang.reflect.Constructor.newInstanceWithCaller(Constructor.java:502)
	at java.base/java.lang.reflect.Constructor.newInstance(Constructor.java:486)
	at com.mysql.cj.exceptions.ExceptionFactory.createException(ExceptionFactory.java:52)
	at com.mysql.cj.exceptions.ExceptionFactory.createException(ExceptionFactory.java:95)
	at com.mysql.cj.exceptions.ExceptionFactory.createException(ExceptionFactory.java:140)
	at com.mysql.cj.exceptions.ExceptionFactory.createException(ExceptionFactory.java:118)
	at com.mysql.cj.protocol.a.NativeProtocol.checkErrorMessage(NativeProtocol.java:854)
	at com.mysql.cj.protocol.a.NativeProtocol.checkErrorMessage(NativeProtocol.java:777)
	at com.mysql.cj.protocol.a.NativeProtocol.sendCommand(NativeProtocol.java:707)
	at com.mysql.cj.protocol.a.NativeProtocol.sendQueryPacket(NativeProtocol.java:939)
	at com.mysql.cj.NativeSession.execSQL(NativeSession.java:817)
	at com.mysql.cj.jdbc.ConnectionImpl.setAutoCommit(ConnectionImpl.java:2114)
	... 60 more
org.springframework.transaction.CannotCreateTransactionException: Could not open JPA EntityManager for transaction
	at org.springframework.orm.jpa.JpaTransactionManager.doBegin(JpaTransactionManager.java:457)
	at org.springframework.transaction.support.AbstractPlatformTransactionManager.startTransaction(AbstractPlatformTransactionManager.java:532)
	at org.springframework.transaction.support.AbstractPlatformTransactionManager.getTransaction(AbstractPlatformTransactionManager.java:405)
	at org.springframework.transaction.interceptor.TransactionAspectSupport.createTransactionIfNecessary(TransactionAspectSupport.java:625)
	at org.springframework.transaction.interceptor.TransactionAspectSupport.invokeWithinTransaction(TransactionAspectSupport.java:364)
	at org.springframework.transaction.interceptor.TransactionInterceptor.invoke(TransactionInterceptor.java:118)
	at org.springframework.aop.framework.ReflectiveMethodInvocation.proceed(ReflectiveMethodInvocation.java:179)
	at org.springframework.aop.framework.CglibAopProxy$DynamicAdvisedInterceptor.intercept(CglibAopProxy.java:719)
	at com.FreeLanceHub.ServiceImpl.UserServiceImpl$$SpringCGLIB$$0.saveUser(<generated>)
	at com.FreeLanceHub.controller.UserController.saveUser(UserController.java:56)
	at java.base/jdk.internal.reflect.DirectMethodHandleAccessor.invoke(DirectMethodHandleAccessor.java:103)
	at java.base/java.lang.reflect.Method.invoke(Method.java:580)
	at org.springframework.web.method.support.InvocableHandlerMethod.doInvoke(InvocableHandlerMethod.java:258)
	at org.springframework.web.method.support.InvocableHandlerMethod.invokeForRequest(InvocableHandlerMethod.java:190)
	at org.springframework.web.servlet.mvc.method.annotation.ServletInvocableHandlerMethod.invokeAndHandle(ServletInvocableHandlerMethod.java:117)
	at org.springframework.web.servlet.mvc.method.annotation.RequestMappingHandlerAdapter.invokeHandlerMethod(RequestMappingHandlerAdapter.java:934)
	at org.springframework.web.servlet.mvc.method.annotation.RequestMappingHandlerAdapter.handleInternal(RequestMappingHandlerAdapter.java:853)
	at org.springframework.web.servlet.mvc.method.AbstractHandlerMethodAdapter.handle(AbstractHandlerMethodAdapter.java:86)
	at org.springframework.web.servlet.DispatcherServlet.doDispatch(DispatcherServlet.java:963)
	at org.springframework.web.servlet.DispatcherServlet.doService(DispatcherServlet.java:866)
	at org.springframework.web.servlet.FrameworkServlet.processRequest(FrameworkServlet.java:1003)
	at org.springframework.web.servlet.FrameworkServlet.doPost(FrameworkServlet.java:903)
	at jakarta.servlet.http.HttpServlet.service(HttpServlet.java:649)
	at org.springframework.web.servlet.FrameworkServlet.service(FrameworkServlet.java:874)
	at jakarta.servlet.http.HttpServlet.service(HttpServlet.java:710)
	at org.apache.catalina.core.ApplicationFilterChain.doFilter(ApplicationFilterChain.java:128)
	at org.apache.tomcat.websocket.server.WsFilter.doFilter(WsFilter.java:53)
	at org.apache.catalina.core.ApplicationFilterChain.doFilter(ApplicationFilterChain.java:107)
	at org.springframework.web.filter.RequestContextFilter.doFilterInternal(RequestContextFilter.java:100)
	at org.springframework.web.filter.OncePerRequestFilter.doFilter(OncePerRequestFilter.java:116)
	at org.apache.catalina.core.ApplicationFilterChain.doFilter(ApplicationFilterChain.java:107)
	at org.springframework.web.filter.FormContentFilter.doFilterInternal(FormContentFilter.java:93)
	at org.springframework.web.filter.OncePerRequestFilter.doFilter(OncePerRequestFilter.java:116)
	at org.apache.catalina.core.ApplicationFilterChain.doFilter(ApplicationFilterChain.java:107)
	at org.springframework.web.filter.CharacterEncodingFilter.doFilterInternal(CharacterEncodingFilter.java:199)
	at org.springframework.web.filter.OncePerRequestFilter.doFilter(OncePerRequestFilter.java:116)
	at org.apache.catalina.core.ApplicationFilterChain.doFilter(ApplicationFilterChain.java:107)
	at org.apache.catalina.core.StandardWrapperValve.invoke(StandardWrapperValve.java:165)
	at org.apache.catalina.core.StandardContextValve.invoke(StandardContextValve.java:77)
	at org.apache.catalina.authenticator.AuthenticatorBase.invoke(AuthenticatorBase.java:482)
	at org.apache.catalina.core.StandardHostValve.invoke(StandardHostValve.java:113)
	at org.apache.catalina.valves.ErrorReportValve.invoke(ErrorReportValve.java:83)
	at org.apache.catalina.core.StandardEngineValve.invoke(StandardEngineValve.java:72)
	at org.apache.catalina.connector.CoyoteAdapter.service(CoyoteAdapter.java:341)
	at org.apache.coyote.http11.Http11Processor.service(Http11Processor.java:397)
	at org.apache.coyote.AbstractProcessorLight.process(AbstractProcessorLight.java:63)
	at org.apache.coyote.AbstractProtocol$ConnectionHandler.process(AbstractProtocol.java:903)
	at org.apache.tomcat.util.net.NioEndpoint$SocketProcessor.doRun(NioEndpoint.java:1778)
	at org.apache.tomcat.util.net.SocketProcessorBase.run(SocketProcessorBase.java:52)
	at org.apache.tomcat.util.threads.ThreadPoolExecutor.runWorker(ThreadPoolExecutor.java:946)
	at org.apache.tomcat.util.threads.ThreadPoolExecutor$Worker.run(ThreadPoolExecutor.java:480)
	at org.apache.tomcat.util.threads.TaskThread$WrappingRunnable.run(TaskThread.java:57)
	at java.base/java.lang.Thread.run(Thread.java:1583)
Caused by: org.hibernate.TransactionException: JDBC begin transaction failed: 
	at org.hibernate.resource.jdbc.internal.AbstractLogicalConnectionImplementor.begin(AbstractLogicalConnectionImplementor.java:74)
	at org.hibernate.resource.jdbc.internal.LogicalConnectionManagedImpl.begin(LogicalConnectionManagedImpl.java:287)
	at org.hibernate.resource.transaction.backend.jdbc.internal.JdbcResourceLocalTransactionCoordinatorImpl$TransactionDriverControlImpl.begin(JdbcResourceLocalTransactionCoordinatorImpl.java:226)
	at org.hibernate.engine.transaction.internal.TransactionImpl.begin(TransactionImpl.java:75)
	at org.springframework.orm.jpa.vendor.HibernateJpaDialect.beginTransaction(HibernateJpaDialect.java:138)
	at org.springframework.orm.jpa.JpaTransactionManager.doBegin(JpaTransactionManager.java:411)
	... 52 more
Caused by: java.sql.SQLSyntaxErrorException: User 'root' has exceeded the 'max_questions' resource (current value: 1000)
	at com.mysql.cj.jdbc.exceptions.SQLError.createSQLException(SQLError.java:112)
	at com.mysql.cj.jdbc.ConnectionImpl.setAutoCommit(ConnectionImpl.java:2129)
	at com.zaxxer.hikari.pool.ProxyConnection.setAutoCommit(ProxyConnection.java:412)
	at com.zaxxer.hikari.pool.HikariProxyConnection.setAutoCommit(HikariProxyConnection.java)
	at org.hibernate.resource.jdbc.internal.AbstractLogicalConnectionImplementor.begin(AbstractLogicalConnectionImplementor.java:68)
	... 57 more
Caused by: com.mysql.cj.exceptions.CJException: User 'root' has exceeded the 'max_questions' resource (current value: 1000)
	at java.base/jdk.internal.reflect.DirectConstructorHandleAccessor.newInstance(DirectConstructorHandleAccessor.java:62)
	at java.base/java.lang.reflect.Constructor.newInstanceWithCaller(Constructor.java:502)
	at java.base/java.lang.reflect.Constructor.newInstance(Constructor.java:486)
	at com.mysql.cj.exceptions.ExceptionFactory.createException(ExceptionFactory.java:52)
	at com.mysql.cj.exceptions.ExceptionFactory.createException(ExceptionFactory.java:95)
	at com.mysql.cj.exceptions.ExceptionFactory.createException(ExceptionFactory.java:140)
	at com.mysql.cj.exceptions.ExceptionFactory.createException(ExceptionFactory.java:118)
	at com.mysql.cj.protocol.a.NativeProtocol.checkErrorMessage(NativeProtocol.java:854)
	at com.mysql.cj.protocol.a.NativeProtocol.checkErrorMessage(NativeProtocol.java:777)
	at com.mysql.cj.protocol.a.NativeProtocol.sendCommand(NativeProtocol.java:707)
	at com.mysql.cj.protocol.a.NativeProtocol.sendQueryPacket(NativeProtocol.java:939)
	at com.mysql.cj.NativeSession.execSQL(NativeSession.java:817)
	at com.mysql.cj.jdbc.ConnectionImpl.setAutoCommit(ConnectionImpl.java:2114)
	... 60 more
org.springframework.transaction.CannotCreateTransactionException: Could not open JPA EntityManager for transaction
	at org.springframework.orm.jpa.JpaTransactionManager.doBegin(JpaTransactionManager.java:457)
	at org.springframework.transaction.support.AbstractPlatformTransactionManager.startTransaction(AbstractPlatformTransactionManager.java:532)
	at org.springframework.transaction.support.AbstractPlatformTransactionManager.getTransaction(AbstractPlatformTransactionManager.java:405)
	at org.springframework.transaction.interceptor.TransactionAspectSupport.createTransactionIfNecessary(TransactionAspectSupport.java:625)
	at org.springframework.transaction.interceptor.TransactionAspectSupport.invokeWithinTransaction(TransactionAspectSupport.java:364)
	at org.springframework.transaction.interceptor.TransactionInterceptor.invoke(TransactionInterceptor.java:118)
	at org.springframework.aop.framework.ReflectiveMethodInvocation.proceed(ReflectiveMethodInvocation.java:179)
	at org.springframework.aop.framework.CglibAopProxy$DynamicAdvisedInterceptor.intercept(CglibAopProxy.java:719)
	at com.FreeLanceHub.ServiceImpl.UserServiceImpl$$SpringCGLIB$$0.saveUser(<generated>)
	at com.FreeLanceHub.controller.UserController.saveUser(UserController.java:56)
	at java.base/jdk.internal.reflect.DirectMethodHandleAccessor.invoke(DirectMethodHandleAccessor.java:103)
	at java.base/java.lang.reflect.Method.invoke(Method.java:580)
	at org.springframework.web.method.support.InvocableHandlerMethod.doInvoke(InvocableHandlerMethod.java:258)
	at org.springframework.web.method.support.InvocableHandlerMethod.invokeForRequest(InvocableHandlerMethod.java:190)
	at org.springframework.web.servlet.mvc.method.annotation.ServletInvocableHandlerMethod.invokeAndHandle(ServletInvocableHandlerMethod.java:117)
	at org.springframework.web.servlet.mvc.method.annotation.RequestMappingHandlerAdapter.invokeHandlerMethod(RequestMappingHandlerAdapter.java:934)
	at org.springframework.web.servlet.mvc.method.annotation.RequestMappingHandlerAdapter.handleInternal(RequestMappingHandlerAdapter.java:853)
	at org.springframework.web.servlet.mvc.method.AbstractHandlerMethodAdapter.handle(AbstractHandlerMethodAdapter.java:86)
	at org.springframework.web.servlet.DispatcherServlet.doDispatch(DispatcherServlet.java:963)
	at org.springframework.web.servlet.DispatcherServlet.doService(DispatcherServlet.java:866)
	at org.springframework.web.servlet.FrameworkServlet.processRequest(FrameworkServlet.java:1003)
	at org.springframework.web.servlet.FrameworkServlet.doPost(FrameworkServlet.java:903)
	at jakarta.servlet.http.HttpServlet.service(HttpServlet.java:649)
	at org.springframework.web.servlet.FrameworkServlet.service(FrameworkServlet.java:874)
	at jakarta.servlet.http.HttpServlet.service(HttpServlet.java:710)
	at org.apache.catalina.core.ApplicationFilterChain.doFilter(ApplicationFilterChain.java:128)
	at org.apache.tomcat.websocket.server.WsFilter.doFilter(WsFilter.java:53)
	at org.apache.catalina.core.ApplicationFilterChain.doFilter(ApplicationFilterChain.java:107)
	at org.springframework.web.filter.RequestContextFilter.doFilterInternal(RequestContextFilter.java:100)
	at org.springframework.web.filter.OncePerRequestFilter.doFilter(OncePerRequestFilter.java:116)
	at org.apache.catalina.core.ApplicationFilterChain.doFilter(ApplicationFilterChain.java:107)
	at org.springframework.web.filter.FormContentFilter.doFilterInternal(FormContentFilter.java:93)
	at org.springframework.web.filter.OncePerRequestFilter.doFilter(OncePerRequestFilter.java:116)
	at org.apache.catalina.core.ApplicationFilterChain.doFilter(ApplicationFilterChain.java:107)
	at org.springframework.web.filter.CharacterEncodingFilter.doFilterInternal(CharacterEncodingFilter.java:199)
	at org.springframework.web.filter.OncePerRequestFilter.doFilter(OncePerRequestFilter.java:116)
	at org.apache.catalina.core.ApplicationFilterChain.doFilter(ApplicationFilterChain.java:107)
	at org.apache.catalina.core.StandardWrapperValve.invoke(StandardWrapperValve.java:165)
	at org.apache.catalina.core.StandardContextValve.invoke(StandardContextValve.java:77)
	at org.apache.catalina.authenticator.AuthenticatorBase.invoke(AuthenticatorBase.java:482)
	at org.apache.catalina.core.StandardHostValve.invoke(StandardHostValve.java:113)
	at org.apache.catalina.valves.ErrorReportValve.invoke(ErrorReportValve.java:83)
	at org.apache.catalina.core.StandardEngineValve.invoke(StandardEngineValve.java:72)
	at org.apache.catalina.connector.CoyoteAdapter.service(CoyoteAdapter.java:341)
	at org.apache.coyote.http11.Http11Processor.service(Http11Processor.java:397)
	at org.apache.coyote.AbstractProcessorLight.process(AbstractProcessorLight.java:63)
	at org.apache.coyote.AbstractProtocol$ConnectionHandler.process(AbstractProtocol.java:903)
	at org.apache.tomcat.util.net.NioEndpoint$SocketProcessor.doRun(NioEndpoint.java:1778)
	at org.apache.tomcat.util.net.SocketProcessorBase.run(SocketProcessorBase.java:52)
	at org.apache.tomcat.util.threads.ThreadPoolExecutor.runWorker(ThreadPoolExecutor.java:946)
	at org.apache.tomcat.util.threads.ThreadPoolExecutor$Worker.run(ThreadPoolExecutor.java:480)
	at org.apache.tomcat.util.threads.TaskThread$WrappingRunnable.run(TaskThread.java:57)
	at java.base/java.lang.Thread.run(Thread.java:1583)
Caused by: org.hibernate.TransactionException: JDBC begin transaction failed: 
	at org.hibernate.resource.jdbc.internal.AbstractLogicalConnectionImplementor.begin(AbstractLogicalConnectionImplementor.java:74)
	at org.hibernate.resource.jdbc.internal.LogicalConnectionManagedImpl.begin(LogicalConnectionManagedImpl.java:287)
	at org.hibernate.resource.transaction.backend.jdbc.internal.JdbcResourceLocalTransactionCoordinatorImpl$TransactionDriverControlImpl.begin(JdbcResourceLocalTransactionCoordinatorImpl.java:226)
	at org.hibernate.engine.transaction.internal.TransactionImpl.begin(TransactionImpl.java:75)
	at org.springframework.orm.jpa.vendor.HibernateJpaDialect.beginTransaction(HibernateJpaDialect.java:138)
	at org.springframework.orm.jpa.JpaTransactionManager.doBegin(JpaTransactionManager.java:411)
	... 52 more
Caused by: java.sql.SQLSyntaxErrorException: User 'root' has exceeded the 'max_questions' resource (current value: 1000)
	at com.mysql.cj.jdbc.exceptions.SQLError.createSQLException(SQLError.java:112)
	at com.mysql.cj.jdbc.ConnectionImpl.setAutoCommit(ConnectionImpl.java:2129)
	at com.zaxxer.hikari.pool.ProxyConnection.setAutoCommit(ProxyConnection.java:412)
	at com.zaxxer.hikari.pool.HikariProxyConnection.setAutoCommit(HikariProxyConnection.java)
	at org.hibernate.resource.jdbc.internal.AbstractLogicalConnectionImplementor.begin(AbstractLogicalConnectionImplementor.java:68)
	... 57 more
Caused by: com.mysql.cj.exceptions.CJException: User 'root' has exceeded the 'max_questions' resource (current value: 1000)
	at java.base/jdk.internal.reflect.DirectConstructorHandleAccessor.newInstance(DirectConstructorHandleAccessor.java:62)
	at java.base/java.lang.reflect.Constructor.newInstanceWithCaller(Constructor.java:502)
	at java.base/java.lang.reflect.Constructor.newInstance(Constructor.java:486)
	at com.mysql.cj.exceptions.ExceptionFactory.createException(ExceptionFactory.java:52)
	at com.mysql.cj.exceptions.ExceptionFactory.createException(ExceptionFactory.java:95)
	at com.mysql.cj.exceptions.ExceptionFactory.createException(ExceptionFactory.java:140)
	at com.mysql.cj.exceptions.ExceptionFactory.createException(ExceptionFactory.java:118)
	at com.mysql.cj.protocol.a.NativeProtocol.checkErrorMessage(NativeProtocol.java:854)
	at com.mysql.cj.protocol.a.NativeProtocol.checkErrorMessage(NativeProtocol.java:777)
	at com.mysql.cj.protocol.a.NativeProtocol.sendCommand(NativeProtocol.java:707)
	at com.mysql.cj.protocol.a.NativeProtocol.sendQueryPacket(NativeProtocol.java:939)
	at com.mysql.cj.NativeSession.execSQL(NativeSession.java:817)
	at com.mysql.cj.jdbc.ConnectionImpl.setAutoCommit(ConnectionImpl.java:2114)
	... 60 more
org.springframework.transaction.CannotCreateTransactionException: Could not open JPA EntityManager for transaction
	at org.springframework.orm.jpa.JpaTransactionManager.doBegin(JpaTransactionManager.java:457)
	at org.springframework.transaction.support.AbstractPlatformTransactionManager.startTransaction(AbstractPlatformTransactionManager.java:532)
	at org.springframework.transaction.support.AbstractPlatformTransactionManager.getTransaction(AbstractPlatformTransactionManager.java:405)
	at org.springframework.transaction.interceptor.TransactionAspectSupport.createTransactionIfNecessary(TransactionAspectSupport.java:625)
	at org.springframework.transaction.interceptor.TransactionAspectSupport.invokeWithinTransaction(TransactionAspectSupport.java:364)
	at org.springframework.transaction.interceptor.TransactionInterceptor.invoke(TransactionInterceptor.java:118)
	at org.springframework.aop.framework.ReflectiveMethodInvocation.proceed(ReflectiveMethodInvocation.java:179)
	at org.springframework.aop.framework.CglibAopProxy$DynamicAdvisedInterceptor.intercept(CglibAopProxy.java:719)
	at com.FreeLanceHub.ServiceImpl.UserServiceImpl$$SpringCGLIB$$0.saveUser(<generated>)
	at com.FreeLanceHub.controller.UserController.saveUser(UserController.java:56)
	at java.base/jdk.internal.reflect.DirectMethodHandleAccessor.invoke(DirectMethodHandleAccessor.java:103)
	at java.base/java.lang.reflect.Method.invoke(Method.java:580)
	at org.springframework.web.method.support.InvocableHandlerMethod.doInvoke(InvocableHandlerMethod.java:258)
	at org.springframework.web.method.support.InvocableHandlerMethod.invokeForRequest(InvocableHandlerMethod.java:190)
	at org.springframework.web.servlet.mvc.method.annotation.ServletInvocableHandlerMethod.invokeAndHandle(ServletInvocableHandlerMethod.java:117)
	at org.springframework.web.servlet.mvc.method.annotation.RequestMappingHandlerAdapter.invokeHandlerMethod(RequestMappingHandlerAdapter.java:934)
	at org.springframework.web.servlet.mvc.method.annotation.RequestMappingHandlerAdapter.handleInternal(RequestMappingHandlerAdapter.java:853)
	at org.springframework.web.servlet.mvc.method.AbstractHandlerMethodAdapter.handle(AbstractHandlerMethodAdapter.java:86)
	at org.springframework.web.servlet.DispatcherServlet.doDispatch(DispatcherServlet.java:963)
	at org.springframework.web.servlet.DispatcherServlet.doService(DispatcherServlet.java:866)
	at org.springframework.web.servlet.FrameworkServlet.processRequest(FrameworkServlet.java:1003)
	at org.springframework.web.servlet.FrameworkServlet.doPost(FrameworkServlet.java:903)
	at jakarta.servlet.http.HttpServlet.service(HttpServlet.java:649)
	at org.springframework.web.servlet.FrameworkServlet.service(FrameworkServlet.java:874)
	at jakarta.servlet.http.HttpServlet.service(HttpServlet.java:710)
	at org.apache.catalina.core.ApplicationFilterChain.doFilter(ApplicationFilterChain.java:128)
	at org.apache.tomcat.websocket.server.WsFilter.doFilter(WsFilter.java:53)
	at org.apache.catalina.core.ApplicationFilterChain.doFilter(ApplicationFilterChain.java:107)
	at org.springframework.web.filter.RequestContextFilter.doFilterInternal(RequestContextFilter.java:100)
	at org.springframework.web.filter.OncePerRequestFilter.doFilter(OncePerRequestFilter.java:116)
	at org.apache.catalina.core.ApplicationFilterChain.doFilter(ApplicationFilterChain.java:107)
	at org.springframework.web.filter.FormContentFilter.doFilterInternal(FormContentFilter.java:93)
	at org.springframework.web.filter.OncePerRequestFilter.doFilter(OncePerRequestFilter.java:116)
	at org.apache.catalina.core.ApplicationFilterChain.doFilter(ApplicationFilterChain.java:107)
	at org.springframework.web.filter.CharacterEncodingFilter.doFilterInternal(CharacterEncodingFilter.java:199)
	at org.springframework.web.filter.OncePerRequestFilter.doFilter(OncePerRequestFilter.java:116)
	at org.apache.catalina.core.ApplicationFilterChain.doFilter(ApplicationFilterChain.java:107)
	at org.apache.catalina.core.StandardWrapperValve.invoke(StandardWrapperValve.java:165)
	at org.apache.catalina.core.StandardContextValve.invoke(StandardContextValve.java:77)
	at org.apache.catalina.authenticator.AuthenticatorBase.invoke(AuthenticatorBase.java:482)
	at org.apache.catalina.core.StandardHostValve.invoke(StandardHostValve.java:113)
	at org.apache.catalina.valves.ErrorReportValve.invoke(ErrorReportValve.java:83)
	at org.apache.catalina.core.StandardEngineValve.invoke(StandardEngineValve.java:72)
	at org.apache.catalina.connector.CoyoteAdapter.service(CoyoteAdapter.java:341)
	at org.apache.coyote.http11.Http11Processor.service(Http11Processor.java:397)
	at org.apache.coyote.AbstractProcessorLight.process(AbstractProcessorLight.java:63)
	at org.apache.coyote.AbstractProtocol$ConnectionHandler.process(AbstractProtocol.java:903)
	at org.apache.tomcat.util.net.NioEndpoint$SocketProcessor.doRun(NioEndpoint.java:1778)
	at org.apache.tomcat.util.net.SocketProcessorBase.run(SocketProcessorBase.java:52)
	at org.apache.tomcat.util.threads.ThreadPoolExecutor.runWorker(ThreadPoolExecutor.java:946)
	at org.apache.tomcat.util.threads.ThreadPoolExecutor$Worker.run(ThreadPoolExecutor.java:480)
	at org.apache.tomcat.util.threads.TaskThread$WrappingRunnable.run(TaskThread.java:57)
	at java.base/java.lang.Thread.run(Thread.java:1583)
Caused by: org.hibernate.TransactionException: JDBC begin transaction failed: 
	at org.hibernate.resource.jdbc.internal.AbstractLogicalConnectionImplementor.begin(AbstractLogicalConnectionImplementor.java:74)
	at org.hibernate.resource.jdbc.internal.LogicalConnectionManagedImpl.begin(LogicalConnectionManagedImpl.java:287)
	at org.hibernate.resource.transaction.backend.jdbc.internal.JdbcResourceLocalTransactionCoordinatorImpl$TransactionDriverControlImpl.begin(JdbcResourceLocalTransactionCoordinatorImpl.java:226)
	at org.hibernate.engine.transaction.internal.TransactionImpl.begin(TransactionImpl.java:75)
	at org.springframework.orm.jpa.vendor.HibernateJpaDialect.beginTransaction(HibernateJpaDialect.java:138)
	at org.springframework.orm.jpa.JpaTransactionManager.doBegin(JpaTransactionManager.java:411)
	... 52 more
Caused by: java.sql.SQLSyntaxErrorException: User 'root' has exceeded the 'max_questions' resource (current value: 1000)
	at com.mysql.cj.jdbc.exceptions.SQLError.createSQLException(SQLError.java:112)
	at com.mysql.cj.jdbc.ConnectionImpl.setAutoCommit(ConnectionImpl.java:2129)
	at com.zaxxer.hikari.pool.ProxyConnection.setAutoCommit(ProxyConnection.java:412)
	at com.zaxxer.hikari.pool.HikariProxyConnection.setAutoCommit(HikariProxyConnection.java)
	at org.hibernate.resource.jdbc.internal.AbstractLogicalConnectionImplementor.begin(AbstractLogicalConnectionImplementor.java:68)
	... 57 more
Caused by: com.mysql.cj.exceptions.CJException: User 'root' has exceeded the 'max_questions' resource (current value: 1000)
	at java.base/jdk.internal.reflect.DirectConstructorHandleAccessor.newInstance(DirectConstructorHandleAccessor.java:62)
	at java.base/java.lang.reflect.Constructor.newInstanceWithCaller(Constructor.java:502)
	at java.base/java.lang.reflect.Constructor.newInstance(Constructor.java:486)
	at com.mysql.cj.exceptions.ExceptionFactory.createException(ExceptionFactory.java:52)
	at com.mysql.cj.exceptions.ExceptionFactory.createException(ExceptionFactory.java:95)
	at com.mysql.cj.exceptions.ExceptionFactory.createException(ExceptionFactory.java:140)
	at com.mysql.cj.exceptions.ExceptionFactory.createException(ExceptionFactory.java:118)
	at com.mysql.cj.protocol.a.NativeProtocol.checkErrorMessage(NativeProtocol.java:854)
	at com.mysql.cj.protocol.a.NativeProtocol.checkErrorMessage(NativeProtocol.java:777)
	at com.mysql.cj.protocol.a.NativeProtocol.sendCommand(NativeProtocol.java:707)
	at com.mysql.cj.protocol.a.NativeProtocol.sendQueryPacket(NativeProtocol.java:939)
	at com.mysql.cj.NativeSession.execSQL(NativeSession.java:817)
	at com.mysql.cj.jdbc.ConnectionImpl.setAutoCommit(ConnectionImpl.java:2114)
	... 60 more
org.springframework.transaction.CannotCreateTransactionException: Could not open JPA EntityManager for transaction
	at org.springframework.orm.jpa.JpaTransactionManager.doBegin(JpaTransactionManager.java:457)
	at org.springframework.transaction.support.AbstractPlatformTransactionManager.startTransaction(AbstractPlatformTransactionManager.java:532)
	at org.springframework.transaction.support.AbstractPlatformTransactionManager.getTransaction(AbstractPlatformTransactionManager.java:405)
	at org.springframework.transaction.interceptor.TransactionAspectSupport.createTransactionIfNecessary(TransactionAspectSupport.java:625)
	at org.springframework.transaction.interceptor.TransactionAspectSupport.invokeWithinTransaction(TransactionAspectSupport.java:364)
	at org.springframework.transaction.interceptor.TransactionInterceptor.invoke(TransactionInterceptor.java:118)
	at org.springframework.aop.framework.ReflectiveMethodInvocation.proceed(ReflectiveMethodInvocation.java:179)
	at org.springframework.aop.framework.CglibAopProxy$DynamicAdvisedInterceptor.intercept(CglibAopProxy.java:719)
	at com.FreeLanceHub.ServiceImpl.UserServiceImpl$$SpringCGLIB$$0.saveUser(<generated>)
	at com.FreeLanceHub.controller.UserController.saveUser(UserController.java:56)
	at java.base/jdk.internal.reflect.DirectMethodHandleAccessor.invoke(DirectMethodHandleAccessor.java:103)
	at java.base/java.lang.reflect.Method.invoke(Method.java:580)
	at org.springframework.web.method.support.InvocableHandlerMethod.doInvoke(InvocableHandlerMethod.java:258)
	at org.springframework.web.method.support.InvocableHandlerMethod.invokeForRequest(InvocableHandlerMethod.java:190)
	at org.springframework.web.servlet.mvc.method.annotation.ServletInvocableHandlerMethod.invokeAndHandle(ServletInvocableHandlerMethod.java:117)
	at org.springframework.web.servlet.mvc.method.annotation.RequestMappingHandlerAdapter.invokeHandlerMethod(RequestMappingHandlerAdapter.java:934)
	at org.springframework.web.servlet.mvc.method.annotation.RequestMappingHandlerAdapter.handleInternal(RequestMappingHandlerAdapter.java:853)
	at org.springframework.web.servlet.mvc.method.AbstractHandlerMethodAdapter.handle(AbstractHandlerMethodAdapter.java:86)
	at org.springframework.web.servlet.DispatcherServlet.doDispatch(DispatcherServlet.java:963)
	at org.springframework.web.servlet.DispatcherServlet.doService(DispatcherServlet.java:866)
	at org.springframework.web.servlet.FrameworkServlet.processRequest(FrameworkServlet.java:1003)
	at org.springframework.web.servlet.FrameworkServlet.doPost(FrameworkServlet.java:903)
	at jakarta.servlet.http.HttpServlet.service(HttpServlet.java:649)
	at org.springframework.web.servlet.FrameworkServlet.service(FrameworkServlet.java:874)
	at jakarta.servlet.http.HttpServlet.service(HttpServlet.java:710)
	at org.apache.catalina.core.ApplicationFilterChain.doFilter(ApplicationFilterChain.java:128)
	at org.apache.tomcat.websocket.server.WsFilter.doFilter(WsFilter.java:53)
	at org.apache.catalina.core.ApplicationFilterChain.doFilter(ApplicationFilterChain.java:107)
	at org.springframework.web.filter.RequestContextFilter.doFilterInternal(RequestContextFilter.java:100)
	at org.springframework.web.filter.OncePerRequestFilter.doFilter(OncePerRequestFilter.java:116)
	at org.apache.catalina.core.ApplicationFilterChain.doFilter(ApplicationFilterChain.java:107)
	at org.springframework.web.filter.FormContentFilter.doFilterInternal(FormContentFilter.java:93)
	at org.springframework.web.filter.OncePerRequestFilter.doFilter(OncePerRequestFilter.java:116)
	at org.apache.catalina.core.ApplicationFilterChain.doFilter(ApplicationFilterChain.java:107)
	at org.springframework.web.filter.CharacterEncodingFilter.doFilterInternal(CharacterEncodingFilter.java:199)
	at org.springframework.web.filter.OncePerRequestFilter.doFilter(OncePerRequestFilter.java:116)
	at org.apache.catalina.core.ApplicationFilterChain.doFilter(ApplicationFilterChain.java:107)
	at org.apache.catalina.core.StandardWrapperValve.invoke(StandardWrapperValve.java:165)
	at org.apache.catalina.core.StandardContextValve.invoke(StandardContextValve.java:77)
	at org.apache.catalina.authenticator.AuthenticatorBase.invoke(AuthenticatorBase.java:482)
	at org.apache.catalina.core.StandardHostValve.invoke(StandardHostValve.java:113)
	at org.apache.catalina.valves.ErrorReportValve.invoke(ErrorReportValve.java:83)
	at org.apache.catalina.core.StandardEngineValve.invoke(StandardEngineValve.java:72)
	at org.apache.catalina.connector.CoyoteAdapter.service(CoyoteAdapter.java:341)
	at org.apache.coyote.http11.Http11Processor.service(Http11Processor.java:397)
	at org.apache.coyote.AbstractProcessorLight.process(AbstractProcessorLight.java:63)
	at org.apache.coyote.AbstractProtocol$ConnectionHandler.process(AbstractProtocol.java:903)
	at org.apache.tomcat.util.net.NioEndpoint$SocketProcessor.doRun(NioEndpoint.java:1778)
	at org.apache.tomcat.util.net.SocketProcessorBase.run(SocketProcessorBase.java:52)
	at org.apache.tomcat.util.threads.ThreadPoolExecutor.runWorker(ThreadPoolExecutor.java:946)
	at org.apache.tomcat.util.threads.ThreadPoolExecutor$Worker.run(ThreadPoolExecutor.java:480)
	at org.apache.tomcat.util.threads.TaskThread$WrappingRunnable.run(TaskThread.java:57)
	at java.base/java.lang.Thread.run(Thread.java:1583)
Caused by: org.hibernate.TransactionException: JDBC begin transaction failed: 
	at org.hibernate.resource.jdbc.internal.AbstractLogicalConnectionImplementor.begin(AbstractLogicalConnectionImplementor.java:74)
	at org.hibernate.resource.jdbc.internal.LogicalConnectionManagedImpl.begin(LogicalConnectionManagedImpl.java:287)
	at org.hibernate.resource.transaction.backend.jdbc.internal.JdbcResourceLocalTransactionCoordinatorImpl$TransactionDriverControlImpl.begin(JdbcResourceLocalTransactionCoordinatorImpl.java:226)
	at org.hibernate.engine.transaction.internal.TransactionImpl.begin(TransactionImpl.java:75)
	at org.springframework.orm.jpa.vendor.HibernateJpaDialect.beginTransaction(HibernateJpaDialect.java:138)
	at org.springframework.orm.jpa.JpaTransactionManager.doBegin(JpaTransactionManager.java:411)
	... 52 more
Caused by: java.sql.SQLSyntaxErrorException: User 'root' has exceeded the 'max_questions' resource (current value: 1000)
	at com.mysql.cj.jdbc.exceptions.SQLError.createSQLException(SQLError.java:112)
	at com.mysql.cj.jdbc.ConnectionImpl.setAutoCommit(ConnectionImpl.java:2129)
	at com.zaxxer.hikari.pool.ProxyConnection.setAutoCommit(ProxyConnection.java:412)
	at com.zaxxer.hikari.pool.HikariProxyConnection.setAutoCommit(HikariProxyConnection.java)
	at org.hibernate.resource.jdbc.internal.AbstractLogicalConnectionImplementor.begin(AbstractLogicalConnectionImplementor.java:68)
	... 57 more
Caused by: com.mysql.cj.exceptions.CJException: User 'root' has exceeded the 'max_questions' resource (current value: 1000)
	at java.base/jdk.internal.reflect.DirectConstructorHandleAccessor.newInstance(DirectConstructorHandleAccessor.java:62)
	at java.base/java.lang.reflect.Constructor.newInstanceWithCaller(Constructor.java:502)
	at java.base/java.lang.reflect.Constructor.newInstance(Constructor.java:486)
	at com.mysql.cj.exceptions.ExceptionFactory.createException(ExceptionFactory.java:52)
	at com.mysql.cj.exceptions.ExceptionFactory.createException(ExceptionFactory.java:95)
	at com.mysql.cj.exceptions.ExceptionFactory.createException(ExceptionFactory.java:140)
	at com.mysql.cj.exceptions.ExceptionFactory.createException(ExceptionFactory.java:118)
	at com.mysql.cj.protocol.a.NativeProtocol.checkErrorMessage(NativeProtocol.java:854)
	at com.mysql.cj.protocol.a.NativeProtocol.checkErrorMessage(NativeProtocol.java:777)
	at com.mysql.cj.protocol.a.NativeProtocol.sendCommand(NativeProtocol.java:707)
	at com.mysql.cj.protocol.a.NativeProtocol.sendQueryPacket(NativeProtocol.java:939)
	at com.mysql.cj.NativeSession.execSQL(NativeSession.java:817)
	at com.mysql.cj.jdbc.ConnectionImpl.setAutoCommit(ConnectionImpl.java:2114)
	... 60 more
